"questionnaire_timestamp";"id";"bed_time";"late";"late_reason";"wake_time";"sleep_transition";"sleep_struggle";"night_wake";"wake_earlier";"wake_earlier_problem";"sleep_quality";"physical_activity";"mental_digital_activity";"social_activity";"light";"presleep_description";"temptation_smoking";"temptation_eating";"temptation_chat";"temptation_coffee";"temptation_social_media";"temptation_internet";"temptation_tv";"temptation_alcohol";"temptation_soft_drink";"temptation_cleaning";"temptation_shopping";"temptation_other";"bed_time_plan_aligned";"steps";"sun_hours";"temptation_score";"date";"day_of_week";"procrastination_minutes";"procrastination_minutes_three_day_cumulative_history";"procrastination_minutes_two_day_cumulative_history";"procrastination_minutes_one_day_cumulative_history";"sleep_struggle_three_day_cumulative_history";"sleep_struggle_two_day_cumulative_history";"sleep_struggle_one_day_cumulative_history";"night_wake_three_day_cumulative_history";"night_wake_two_day_cumulative_history";"night_wake_one_day_cumulative_history";"sleep_quality_three_day_cumulative_history";"sleep_quality_two_day_cumulative_history";"sleep_quality_one_day_cumulative_history";"social_activity_three_day_cumulative_history";"social_activity_two_day_cumulative_history";"social_activity_one_day_cumulative_history";"light_three_day_cumulative_history";"light_two_day_cumulative_history";"light_one_day_cumulative_history";"temptation_eating_three_day_cumulative_history";"temptation_eating_two_day_cumulative_history";"temptation_eating_one_day_cumulative_history";"temptation_coffee_three_day_cumulative_history";"temptation_coffee_two_day_cumulative_history";"temptation_coffee_one_day_cumulative_history";"temptation_score_three_day_cumulative_history";"temptation_score_two_day_cumulative_history";"temptation_score_one_day_cumulative_history";"procrastination_minutes_three_days_ago";"procrastination_minutes_two_days_ago";"procrastination_minutes_one_days_ago";"temptation_score_three_days_ago";"temptation_score_two_days_ago";"temptation_score_one_days_ago";"bed_time_three_days_ago";"bed_time_two_days_ago";"bed_time_one_days_ago"
"2017-04-10 09:57:26+02:00";"AB64";"2017-04-10 02:00:00";1;"We zijn vanuit het noorden van het land teruggereden naar huis na een theatervoorstelling";"2017-04-09 09:30:00";0;0;0;0;0;2;1;1;2;1;"Theaterbezoek, autorit (bijrijder)";0;0;2;0;2;2;0;0;0;0;0;0;"2017-04-10 00:11:00";5845;12.3;6;"2017-04-09 09:57:26+02:00";6;109;109;109;109;0;0;0;0;0;0;2;2;2;2;2;2;1;1;1;0;0;0;0;0;0;6;6;6;0;0;0;0;0;0;0;0;0
"2017-04-11 23:25:39+02:00";"AB64";"2017-04-10 23:45:00";1;"";"2017-04-10 07:00:00";0;0;4;0;0;2;1;1;2;3;"Tv kijken";0;0;0;0;2;2;0;2;0;0;0;0;"2017-04-10 23:00:00";7649;8.8;6;"2017-04-10 23:25:39+02:00";0;45;154;154;45;0;0;0;4;4;4;4;4;2;4;4;2;4;4;3;0;0;0;0;0;0;12;12;6;0;0;109;0;0;6;0;0;"2017-04-10 02:00:00"
"2017-04-12 07:42:47+02:00";"AB64";"2017-04-11 23:55:00";1;"Man kwam thuis en daar wilde ik nog even mee praten";"2017-04-11 07:00:00";0;0;2;0;0;1;0;0;3;3;"Poging om Netflix te kijken maar was te moe, praten met huisgenoten, ";0;0;0;0;0;0;0;2;0;0;0;0;"2017-04-11 23:30:00";5012;10.7;2;"2017-04-11 07:42:47+02:00";1;25;179;70;25;0;0;0;6;6;2;5;3;1;7;5;3;7;6;3;0;0;0;0;0;0;14;8;2;0;109;45;0;6;6;0;"2017-04-10 02:00:00";"2017-04-10 23:45:00"
"2017-04-13 08:26:21+02:00";"AB64";"2017-04-13 00:30:00";1;"Tot laat doorgewerkt.";"2017-04-12 07:00:00";0;0;2;0;0;2;0;3;1;3;"Gewerkt, achter de pc";0;0;0;0;0;0;1;1;0;0;0;0;"2017-04-12 23:00:00";2467;1.3;2;"2017-04-12 08:26:21+02:00";2;90;160;115;90;0;0;0;8;4;2;5;3;2;6;4;1;9;6;3;0;0;0;0;0;0;10;4;2;109;45;25;6;6;2;"2017-04-10 02:00:00";"2017-04-10 23:45:00";"2017-04-11 23:55:00"
"2017-04-14 13:10:28+02:00";"AB64";"2017-04-14 00:00:00";0;"nvt";"2017-04-13 09:00:00";0;0;2;0;1;2;0;1;2;3;"tv gekeken, ipad";0;0;0;0;2;0;0;0;0;0;0;0;"2017-04-13 23:30:00";2114;7.2;2;"2017-04-13 13:10:28+02:00";3;30;145;120;30;0;0;0;6;4;2;5;4;2;6;3;2;9;6;3;0;0;0;0;0;0;6;4;2;45;25;90;6;2;2;"2017-04-10 23:45:00";"2017-04-11 23:55:00";"2017-04-13 00:30:00"
"2017-04-15 17:04:43+02:00";"AB64";"2017-04-15 01:00:00";1;"Nog even gezellig napraten, en in eens was het 1 uur.";"2017-04-14 07:00:00";0;0;2;0;1;2;0;2;2;3;"Ipad, tv-serie kijken, gezellig kletsen";0;0;0;0;2;2;0;0;0;0;0;0;"2017-04-14 23:00:00";2943;4.4;4;"2017-04-14 17:04:43+02:00";4;120;240;150;120;0;0;0;6;4;2;6;4;2;5;4;2;9;6;3;0;0;0;0;0;0;8;6;4;25;90;30;2;2;2;"2017-04-11 23:55:00";"2017-04-13 00:30:00";"2017-04-14 00:00:00"
"2017-04-16 08:16:39+02:00";"AB64";"2017-04-15 23:30:00";0;"Nvt";"2017-04-15 07:00:00";0;0;2;1;0;2;0;1;2;2;"Even rustig zitten samen, de dag doorpraten.";0;0;0;0;0;2;0;0;0;0;0;0;"2017-04-15 23:00:00";2288;5.8;2;"2017-04-15 08:16:39+02:00";5;30;180;150;30;0;0;0;6;4;2;6;4;2;6;4;2;8;5;2;0;0;0;0;0;0;8;6;2;90;30;120;2;2;4;"2017-04-13 00:30:00";"2017-04-14 00:00:00";"2017-04-15 01:00:00"
"2017-04-17 08:11:53+02:00";"AB64";"2017-04-16 23:30:00";0;"Nvt";"2017-04-16 07:00:00";0;0;1;0;0;2;0;1;1;2;"Televisie gekeken, boek gelezen, op de bank gezetten, was doen.";0;0;0;0;2;0;2;0;0;0;0;0;"2017-04-16 23:00:00";3015;5.3;4;"2017-04-16 08:11:53+02:00";6;30;180;60;30;0;0;0;5;3;1;6;4;2;5;3;1;7;4;2;0;0;0;0;0;0;10;6;4;30;120;30;2;4;2;"2017-04-14 00:00:00";"2017-04-15 01:00:00";"2017-04-15 23:30:00"
"2017-04-18 08:41:36+02:00";"AB64";"2017-04-18 00:30:00";1;"Geen bijzondere reden. ";"2017-04-17 08:00:00";0;0;2;1;1;2;0;1;2;2;"Televisie kijken, lezen, ipad, gesprek voeren";0;2;0;0;0;0;0;2;0;0;0;0;"2017-04-17 23:30:00";3866;9.4;4;"2017-04-17 08:41:36+02:00";0;60;120;90;60;0;0;0;5;3;2;6;4;2;5;3;2;6;4;2;2;2;2;0;0;0;10;8;4;120;30;30;4;2;4;"2017-04-15 01:00:00";"2017-04-15 23:30:00";"2017-04-16 23:30:00"
"2017-04-19 17:17:55+02:00";"AB64";"2017-04-19 01:00:00";1;"Ik ben naar een verjaardag geweest.";"2017-04-18 07:00:00";0;0;1;1;0;2;0;2;1;0;"Verjaardag: kletsen met allerlei mensen, 10 minuten buiten lopen, lezen";0;0;0;0;0;0;0;1;0;0;0;0;"2017-04-19 00:00:00";4312;9.0;1;"2017-04-18 17:17:55+02:00";1;60;150;120;60;0;0;0;4;3;1;6;4;2;4;3;1;4;2;0;2;2;0;0;0;0;9;5;1;30;30;60;2;4;4;"2017-04-15 23:30:00";"2017-04-16 23:30:00";"2017-04-18 00:30:00"
"2017-04-20 17:18:27+02:00";"AB64";"2017-04-20 00:30:00";1;"Geen bijzondere reden. ";"2017-04-19 08:00:00";0;0;2;1;1;2;0;1;2;2;"Televisie kijken, lezen, ipad, gesprek voeren";0;2;0;0;0;0;0;2;0;0;0;0;"2017-04-19 23:00:00";2987;6.3;4;"2017-04-19 17:18:27+02:00";2;90;210;150;90;0;0;0;5;3;2;6;4;2;5;3;2;4;2;2;4;2;2;0;0;0;9;5;4;30;60;60;4;4;1;"2017-04-16 23:30:00";"2017-04-18 00:30:00";"2017-04-19 01:00:00"
"2017-04-21 07:31:53+02:00";"AB64";"2017-04-20 22:30:00";0;"N.v.t.";"2017-04-20 07:00:00";0;0;1;0;0;2;0;0;1;3;"Serie kijken, lezen in bed";0;0;0;0;0;0;0;0;0;0;0;0;"2017-04-21 00:00:00";2231;12.5;0;"2017-04-20 07:31:53+02:00";3;-90;60;0;-90;0;0;0;4;3;1;6;4;2;4;3;1;5;5;3;2;2;0;0;0;0;5;4;0;60;60;90;4;1;4;"2017-04-18 00:30:00";"2017-04-19 01:00:00";"2017-04-20 00:30:00"
"2017-04-22 07:25:50+02:00";"AB64";"2017-04-22 00:00:00";1;"Geen specifieke reden, soms loopt het gewoon zo en dan is het later dan je dacht.";"2017-04-21 07:00:00";0;0;2;0;0;2;0;3;3;3;"Tv kijken, lezen, praten met huisgenoten";0;2;0;0;0;0;0;2;0;0;0;0;"2017-04-21 23:00:00";2177;0.7;4;"2017-04-21 07:25:50+02:00";4;60;60;-30;60;0;0;0;5;3;2;6;4;2;6;4;3;8;6;3;4;2;2;0;0;0;8;4;4;60;90;-90;1;4;0;"2017-04-19 01:00:00";"2017-04-20 00:30:00";"2017-04-20 22:30:00"
"2017-04-23 21:04:02+02:00";"AB64";"2017-04-22 23:50:00";1;"In slaap gevallen voor tv";"2017-04-22 07:00:00";0;0;2;1;0;2;0;1;2;3;"Tv kijken, praten met de kinderen";0;0;0;0;2;2;0;2;0;0;1;0;"2017-04-23 00:00:00";5604;6.3;7;"2017-04-22 21:04:02+02:00";5;-10;-40;50;-10;0;0;0;5;4;2;6;4;2;6;5;2;9;6;3;2;2;0;0;0;0;11;11;7;90;-90;60;4;0;4;"2017-04-20 00:30:00";"2017-04-20 22:30:00";"2017-04-22 00:00:00"
"2017-04-10 20:43:22+02:00";"EM11";"2017-04-09 21:30:00";0;"";"2017-04-09 06:20:00";0;0;1;0;0;3;1;0;2;0;"Eten, opruimen, badkamer, massage";0;0;0;0;0;0;0;2;0;0;0;0;"2017-04-10 00:11:00";6897;12.3;2;"2017-04-09 20:43:22+02:00";6;-161;-161;-161;-161;0;0;0;1;1;1;3;3;3;2;2;2;0;0;0;0;0;0;0;0;0;2;2;2;0;0;0;0;0;0;0;0;0
"2017-04-11 20:21:13+02:00";"EM11";"2017-04-10 22:15:00";1;"Bad gevolgd bij een heerlijke vrij partij;)";"2017-04-10 06:30:00";0;0;2;0;0;1;1;1;1;1;"Eten, computer, bad, seks";0;0;0;0;0;0;0;0;0;0;0;0;"2017-04-10 21:30:00";8722;5.3;0;"2017-04-10 20:21:13+02:00";0;45;-116;-116;45;0;0;0;3;3;2;4;4;1;3;3;1;1;1;1;0;0;0;0;0;0;2;2;0;0;0;-161;0;0;2;0;0;"2017-04-09 21:30:00"
"2017-04-12 19:14:51+02:00";"EM11";"2017-04-11 21:40:00";0;"";"2017-04-11 07:00:00";0;0;2;0;1;2;0;0;3;2;"Eten, huishouden, film";0;0;0;0;0;0;0;0;0;0;0;0;"2017-04-11 21:30:00";3389;8.6;0;"2017-04-11 19:14:51+02:00";1;10;-106;55;10;0;0;0;5;4;2;6;3;2;6;4;3;3;3;2;0;0;0;0;0;0;2;0;0;0;-161;45;0;2;0;0;"2017-04-09 21:30:00";"2017-04-10 22:15:00"
"2017-04-13 09:32:23+02:00";"EM11";"2017-04-12 21:15:00";0;"";"2017-04-12 05:50:00";0;0;1;0;0;3;0;1;3;0;"Koken, opruimen, lezen";0;0;0;0;0;0;0;0;0;0;0;2;"2017-04-12 21:00:00";2905;0.9;2;"2017-04-12 09:32:23+02:00";2;15;70;25;15;0;0;0;5;3;1;6;5;3;7;6;3;3;2;0;0;0;0;0;0;0;2;2;2;-161;45;10;2;0;0;"2017-04-09 21:30:00";"2017-04-10 22:15:00";"2017-04-11 21:40:00"
"2017-04-14 17:40:51+02:00";"EM11";"2017-04-13 22:00:00";0;"";"2017-04-13 06:45:00";0;0;1;0;0;3;0;0;1;3;"Lezen, eten, opruimen, film kijken";0;0;0;0;0;0;0;0;0;0;0;0;"2017-04-13 22:00:00";3487;7.7;0;"2017-04-13 17:40:51+02:00";3;0;25;15;0;0;0;0;4;2;1;8;6;3;7;4;1;5;3;3;0;0;0;0;0;0;2;2;0;45;10;15;0;0;2;"2017-04-10 22:15:00";"2017-04-11 21:40:00";"2017-04-12 21:15:00"
"2017-04-15 07:13:30+02:00";"EM11";"2017-04-14 23:15:00";1;"Avond met vrienden liep uit";"2017-04-14 06:10:00";0;0;1;1;0;2;1;2;2;3;"Praten met vrienden, fietsen, eten, opruimen, vrijen";0;0;0;0;0;0;0;0;0;0;0;0;"2017-04-14 21:30:00";5633;2.4;0;"2017-04-14 07:13:30+02:00";4;105;120;105;105;0;0;0;3;2;1;8;5;2;6;3;2;6;6;3;0;0;0;0;0;0;2;0;0;10;15;0;0;2;0;"2017-04-11 21:40:00";"2017-04-12 21:15:00";"2017-04-13 22:00:00"
"2017-04-16 07:00:48+02:00";"EM11";"2017-04-15 21:15:00";0;"";"2017-04-15 06:15:00";0;0;2;1;2;1;1;1;2;0;"Koken, eten, wandelen, lezen";0;0;0;0;0;0;0;0;0;0;0;0;"2017-04-15 21:00:00";8149;4.7;0;"2017-04-15 07:00:48+02:00";5;15;120;120;15;0;0;0;4;3;2;6;3;1;5;4;2;6;3;0;0;0;0;0;0;0;0;0;0;15;0;105;2;0;0;"2017-04-12 21:15:00";"2017-04-13 22:00:00";"2017-04-14 23:15:00"
"2017-04-17 07:18:49+02:00";"EM11";"2017-04-16 22:00:00";0;"";"2017-04-16 06:30:00";0;0;0;1;1;2;0;0;3;0;"Zakelijke gesprekken, eten, sociaal";0;0;0;0;0;0;0;0;0;0;0;0;"2017-04-16 21:00:00";7739;3.4;0;"2017-04-16 07:18:49+02:00";6;60;180;75;60;0;0;0;3;2;0;5;3;2;7;5;3;3;0;0;0;0;0;0;0;0;0;0;0;0;105;15;0;0;0;"2017-04-13 22:00:00";"2017-04-14 23:15:00";"2017-04-15 21:15:00"
"2017-04-18 07:05:45+02:00";"EM11";"2017-04-17 22:15:00";1;"Vrijen;)";"2017-04-17 06:10:00";0;0;1;1;1;2;1;1;1;1;"Koken, opruimen, lezen, praten, vrijen";0;0;0;0;0;0;0;0;0;0;0;0;"2017-04-17 21:30:00";6492;7.4;0;"2017-04-17 07:05:45+02:00";0;45;120;105;45;0;0;0;3;1;1;5;4;2;6;4;1;1;1;1;0;0;0;0;0;0;0;0;0;105;15;60;0;0;0;"2017-04-14 23:15:00";"2017-04-15 21:15:00";"2017-04-16 22:00:00"
"2017-04-19 13:50:06+02:00";"EM11";"2017-04-18 22:00:00";1;"Bad";"2017-04-18 06:30:00";0;1;0;0;0;3;1;0;2;1;"Eten, opruimen, wandelen, tandarts, bad";0;0;0;0;0;0;0;0;0;0;0;0;"2017-04-18 21:30:00";8606;9.2;0;"2017-04-18 13:50:06+02:00";1;30;135;75;30;1;1;1;1;1;0;7;5;3;6;3;2;2;2;1;0;0;0;0;0;0;0;0;0;15;60;45;0;0;0;"2017-04-15 21:15:00";"2017-04-16 22:00:00";"2017-04-17 22:15:00"
"2017-04-20 11:08:22+02:00";"EM11";"2017-04-19 21:30:00";0;"";"2017-04-19 06:10:00";0;0;0;0;0;3;0;1;1;0;"Sociaal, winkelen, eten, huishouden, lezen";0;0;0;0;0;0;0;0;0;0;0;0;"2017-04-19 21:30:00";2544;7.1;0;"2017-04-19 11:08:22+02:00";2;0;75;30;0;1;1;0;1;0;0;8;6;3;4;3;1;2;1;0;0;0;0;0;0;0;0;0;0;60;45;30;0;0;0;"2017-04-16 22:00:00";"2017-04-17 22:15:00";"2017-04-18 22:00:00"
"2017-04-21 07:59:14+02:00";"EM11";"2017-04-21 01:00:00";1;"Soul party";"2017-04-20 07:00:00";0;0;1;1;3;1;2;0;1;3;"Dansen, drinken, fietsen";0;0;0;0;0;0;0;2;0;0;0;0;"2017-04-20 23:00:00";20491;12.3;2;"2017-04-20 07:59:14+02:00";3;120;150;120;120;1;0;0;1;1;1;7;4;1;4;2;1;4;3;3;0;0;0;0;0;0;2;2;2;45;30;0;0;0;0;"2017-04-17 22:15:00";"2017-04-18 22:00:00";"2017-04-19 21:30:00"
"2017-04-22 13:19:46+02:00";"EM11";"2017-04-21 21:15:00";1;"Vakantie planning";"2017-04-21 06:20:00";1;1;2;1;3;0;1;2;2;1;"Wandelen, eten, huishouden, computer";0;0;0;0;0;0;0;0;0;0;0;0;"2017-04-21 21:00:00";8714;0.4;0;"2017-04-21 13:19:46+02:00";4;15;135;135;15;1;1;1;3;3;2;4;1;0;4;3;2;4;4;1;0;0;0;0;0;0;2;2;0;30;0;120;0;0;2;"2017-04-18 22:00:00";"2017-04-19 21:30:00";"2017-04-21 01:00:00"
"2017-04-23 11:56:03+02:00";"EM11";"2017-04-22 21:15:00";1;"Voorbereiding vakantie";"2017-04-22 06:00:00";0;0;0;0;0;3;2;1;2;1;"Eten, huishouden, wandelen, computer, vakantie voorbereidingen";0;0;0;0;0;0;0;0;0;0;0;0;"2017-04-22 21:00:00";15697;7.8;0;"2017-04-22 11:56:03+02:00";5;15;150;30;15;1;1;0;3;2;0;4;3;3;5;4;2;5;2;1;0;0;0;0;0;0;2;0;0;0;120;15;0;2;0;"2017-04-19 21:30:00";"2017-04-21 01:00:00";"2017-04-21 21:15:00"
"2017-04-24 11:09:48+02:00";"EM11";"2017-04-23 23:00:00";1;"vrijen:) de laatste keer voor we het klooster in gaan:(";"2017-04-23 07:00:00";0;0;0;0;0;3;1;0;3;0;"Wandelen, bad, seks";0;0;0;0;0;0;0;0;0;0;0;0;"2017-04-23 22:00:00";6879;5.5;0;"2017-04-23 11:09:48+02:00";6;60;90;75;60;1;0;0;2;0;0;6;6;3;7;5;3;2;1;0;0;0;0;0;0;0;0;0;0;120;15;15;2;0;0;"2017-04-21 01:00:00";"2017-04-21 21:15:00";"2017-04-22 21:15:00"
"2017-04-10 21:53:22+02:00";"FT12";"2017-04-09 23:15:00";0;"";"2017-04-09 07:30:00";1;0;0;0;0;2;0;0;2;2;"wandelen, bad, TV";0;0;0;0;0;0;0;0;0;0;0;0;"2017-04-10 00:11:00";4309;12.3;0;"2017-04-09 21:53:22+02:00";6;-56;-56;-56;-56;0;0;0;0;0;0;2;2;2;2;2;2;2;2;2;0;0;0;0;0;0;0;0;0;0;0;0;0;0;0;0;0;0
"2017-04-11 21:58:21+02:00";"FT12";"2017-04-10 22:00:00";0;"";"2017-04-10 07:30:00";0;0;1;1;1;1;3;0;2;0;"bad, massage, sex";0;0;0;0;0;0;0;0;0;0;0;0;"2017-04-11 00:00:00";19412;5.3;0;"2017-04-10 21:58:21+02:00";0;-120;-176;-176;-120;0;0;0;1;1;1;3;3;1;4;4;2;2;2;0;0;0;0;0;0;0;0;0;0;0;0;-56;0;0;0;0;0;"2017-04-09 23:15:00"
"2017-04-12 17:22:12+02:00";"FT12";"2017-04-11 22:15:00";0;"";"2017-04-11 07:30:00";1;0;1;1;2;1;0;0;2;3;"eten, film kijken, ebook lezen";0;0;0;0;0;0;0;0;0;0;0;0;"2017-04-11 23:00:00";1785;8.6;0;"2017-04-11 17:22:12+02:00";1;-45;-221;-165;-45;0;0;0;2;2;1;4;2;1;6;4;2;5;3;3;0;0;0;0;0;0;0;0;0;0;-56;-120;0;0;0;0;"2017-04-09 23:15:00";"2017-04-10 22:00:00"
"2017-04-13 07:40:53+02:00";"FT12";"2017-04-12 22:15:00";0;"";"2017-04-12 07:15:00";2;0;1;0;0;3;2;2;1;0;"eten, fietsen, bezoek";0;0;0;0;0;0;0;2;0;0;0;0;"2017-04-12 22:00:00";10256;0.9;2;"2017-04-12 07:40:53+02:00";2;15;-150;-30;15;0;0;0;3;2;1;5;4;3;5;3;1;3;3;0;0;0;0;0;0;0;2;2;2;-56;-120;-45;0;0;0;"2017-04-09 23:15:00";"2017-04-10 22:00:00";"2017-04-11 22:15:00"
"2017-04-14 11:19:12+02:00";"FT12";"2017-04-14 00:00:00";1;"TV";"2017-04-13 09:15:00";0;0;2;1;1;2;1;2;2;3;"studie, TV";0;0;0;0;0;0;0;2;0;0;0;0;"2017-04-13 23:00:00";5644;7.7;2;"2017-04-13 11:19:12+02:00";3;60;30;75;60;0;0;0;4;3;2;6;5;2;5;3;2;6;3;3;0;0;0;0;0;0;4;4;2;-120;-45;15;0;0;2;"2017-04-10 22:00:00";"2017-04-11 22:15:00";"2017-04-12 22:15:00"
"2017-04-15 07:31:35+02:00";"FT12";"2017-04-15 00:00:00";1;"TV";"2017-04-14 07:00:00";0;0;0;0;0;2;0;2;2;3;"Studie, TV";0;0;0;0;0;0;0;0;0;0;0;0;"2017-04-14 23:00:00";8838;2.4;0;"2017-04-14 07:31:35+02:00";4;60;135;120;60;0;0;0;3;2;0;7;4;2;5;4;2;6;6;3;0;0;0;0;0;0;4;2;0;-45;15;60;0;2;2;"2017-04-11 22:15:00";"2017-04-12 22:15:00";"2017-04-14 00:00:00"
"2017-04-16 12:25:19+02:00";"FT12";"2017-04-16 00:15:00";1;"TV";"2017-04-15 08:30:00";1;1;1;1;1;1;0;2;2;2;"Studie, TV";0;2;0;0;0;0;2;2;0;0;0;0;"2017-04-15 23:00:00";4596;4.7;6;"2017-04-15 12:25:19+02:00";5;75;195;135;75;1;1;1;3;1;1;5;3;1;6;4;2;8;5;2;2;2;2;0;0;0;8;6;6;15;60;60;2;2;0;"2017-04-12 22:15:00";"2017-04-14 00:00:00";"2017-04-15 00:00:00"
"2017-04-17 11:58:03+02:00";"FT12";"2017-04-17 01:30:00";1;"feest";"2017-04-16 08:00:00";0;0;1;0;0;2;2;1;2;3;"dansen, fietsen";0;0;0;0;0;0;0;2;0;0;0;0;"2017-04-17 00:00:00";14091;3.4;2;"2017-04-16 11:58:03+02:00";6;90;225;165;90;1;1;0;2;2;1;5;3;2;6;4;2;8;5;3;2;2;0;0;0;0;8;8;2;60;60;75;2;0;6;"2017-04-14 00:00:00";"2017-04-15 00:00:00";"2017-04-16 00:15:00"
"2017-04-18 08:47:49+02:00";"FT12";"2017-04-17 23:15:00";0;"";"2017-04-17 08:30:00";1;1;2;1;2;1;0;2;2;3;"administratie, studie, TV";0;0;0;0;0;0;0;2;0;0;0;0;"2017-04-17 23:00:00";2467;7.4;2;"2017-04-17 08:47:49+02:00";0;15;180;105;15;2;1;1;4;3;2;4;3;1;6;4;2;8;6;3;2;0;0;0;0;0;10;4;2;60;75;90;0;6;2;"2017-04-15 00:00:00";"2017-04-16 00:15:00";"2017-04-17 01:30:00"
"2017-04-19 23:00:22+02:00";"FT12";"2017-04-19 00:00:00";1;"TV";"2017-04-18 07:00:00";0;0;0;0;0;2;0;0;2;3;"eten, TV, PC";0;0;0;0;0;2;0;2;0;0;0;2;"2017-04-18 23:00:00";3942;9.2;6;"2017-04-18 23:00:22+02:00";1;60;165;75;60;1;1;0;3;2;0;5;3;2;6;4;2;9;6;3;0;0;0;0;0;0;10;8;6;75;90;15;6;2;2;"2017-04-16 00:15:00";"2017-04-17 01:30:00";"2017-04-17 23:15:00"
"2017-04-20 11:39:48+02:00";"FT12";"2017-04-20 00:00:00";1;"mail";"2017-04-19 08:00:00";0;0;0;0;0;2;1;1;0;2;"bad, sex, mail";0;0;0;0;0;0;0;2;0;0;0;0;"2017-04-19 23:30:00";6841;7.1;2;"2017-04-19 11:39:48+02:00";2;30;105;90;30;1;0;0;2;0;0;5;4;2;4;2;0;8;5;2;0;0;0;0;0;0;10;8;2;90;15;60;2;2;6;"2017-04-17 01:30:00";"2017-04-17 23:15:00";"2017-04-19 00:00:00"
"2017-05-21 09:32:32+02:00";"FT12";"2017-05-20 21:30:00";0;"";"2017-05-20 07:30:00";0;0;0;0;0;3;1;1;1;3;"wandelen, tv, pc";0;0;0;0;0;0;2;2;0;0;0;2;"2017-05-21 00:00:00";5599;12.3;6;"2017-05-20 09:32:32+02:00";5;-150;-60;-120;-150;0;0;0;0;0;0;7;5;3;3;1;1;8;5;3;0;0;0;0;0;0;14;8;6;15;60;30;2;6;2;"2017-04-17 23:15:00";"2017-04-19 00:00:00";"2017-04-20 00:00:00"
"2017-05-22 09:35:21+02:00";"FT12";"2017-05-21 22:30:00";1;"";"2017-05-21 07:00:00";0;0;1;0;0;2;1;1;1;3;"eten, tv, pc";0;0;0;0;0;0;0;2;0;0;0;0;"2017-05-21 22:00:00";9176;0.4;2;"2017-05-21 09:35:21+02:00";6;30;-90;-120;30;0;0;0;1;1;1;7;5;2;2;2;1;8;6;3;0;0;0;0;0;0;10;8;2;60;30;-150;6;2;6;"2017-04-19 00:00:00";"2017-04-20 00:00:00";"2017-05-20 21:30:00"
"2017-05-23 09:38:03+02:00";"FT12";"2017-05-23 01:00:00";1;"studie";"2017-05-22 08:00:00";1;1;2;1;2;0;0;2;1;3;"studie, bezoek, surfen";0;0;0;0;0;2;0;2;2;0;0;0;"2017-05-22 23:00:00";3981;7.8;6;"2017-05-22 09:38:03+02:00";0;120;0;150;120;1;1;1;3;3;2;5;2;0;3;2;1;9;6;3;0;0;0;0;0;0;14;8;6;30;-150;30;2;6;2;"2017-04-20 00:00:00";"2017-05-20 21:30:00";"2017-05-21 22:30:00"
"2017-04-10 22:48:09+02:00";"gh93";"2017-04-10 03:00:00";1;"";"2017-04-09 14:30:00";2;1;2;0;0;2;0;3;3;3;"lezen; muziek studiotechniek;";2;0;0;0;0;0;0;0;2;0;0;0;"2017-04-10 00:11:00";5945;12.3;4;"2017-04-09 22:48:09+02:00";6;169;169;169;169;1;1;1;2;2;2;2;2;2;3;3;3;3;3;3;0;0;0;0;0;0;4;4;4;0;0;0;0;0;0;0;0;0
"2017-04-11 01:28:39+02:00";"gh93";"2017-04-11 01:15:00";0;"";"2017-04-10 12:25:00";1;0;3;0;0;2;3;0;2;1;"muziek;seks";2;1;0;0;0;0;0;0;2;0;0;0;"2017-04-11 05:00:00";22341;8.8;5;"2017-04-10 01:28:39+02:00";0;-225;-56;-56;-225;1;1;0;5;5;3;4;4;2;5;5;2;4;4;1;1;1;1;0;0;0;9;9;5;0;0;169;0;0;4;0;0;"2017-04-10 03:00:00"
"2017-04-12 21:51:36+02:00";"gh93";"2017-04-12 02:30:00";0;"";"2017-04-11 12:15:00";3;1;1;0;0;1;0;2;1;1;"muziek;lezen;seks";2;0;0;0;0;0;0;0;2;0;0;0;"2017-04-12 03:30:00";3649;10.7;4;"2017-04-11 21:51:36+02:00";1;-60;-116;-285;-60;2;1;1;6;4;1;5;3;1;6;3;1;5;2;1;1;1;0;0;0;0;13;9;4;0;169;-225;0;4;5;0;"2017-04-10 03:00:00";"2017-04-11 01:15:00"
"2017-04-13 00:42:19+02:00";"gh93";"2017-04-13 05:00:00";0;"vrouwen";"2017-04-12 13:00:00";0;0;1;0;0;2;2;1;2;0;"film;seks";2;0;0;0;0;0;0;0;2;0;0;0;"2017-04-13 02:00:00";11915;1.3;4;"2017-04-12 00:42:19+02:00";2;180;-105;120;180;1;1;0;5;2;1;5;3;2;5;3;2;2;1;0;1;0;0;0;0;0;13;8;4;169;-225;-60;4;5;4;"2017-04-10 03:00:00";"2017-04-11 01:15:00";"2017-04-12 02:30:00"
"2017-04-14 23:19:56+02:00";"gh93";"2017-04-14 04:30:00";0;"";"2017-04-13 11:00:00";2;1;2;1;0;1;2;0;1;0;"muziek;seks";2;0;0;0;0;0;0;0;2;0;0;0;"2017-04-14 03:00:00";16744;7.2;4;"2017-04-13 23:19:56+02:00";3;90;210;270;90;2;1;1;4;3;2;4;3;1;4;3;1;1;0;0;0;0;0;0;0;0;12;8;4;-225;-60;180;5;4;4;"2017-04-11 01:15:00";"2017-04-12 02:30:00";"2017-04-13 05:00:00"
"2017-04-15 00:11:02+02:00";"gh93";"2017-04-15 03:30:00";0;"";"2017-04-14 12:15:00";3;1;1;0;0;0;1;1;3;1;"muziek;lezen";2;0;0;0;0;0;0;0;2;0;0;0;"2017-04-15 03:00:00";2206;4.4;4;"2017-04-14 00:11:02+02:00";4;30;300;120;30;2;2;1;4;3;1;3;1;0;6;4;3;1;1;1;0;0;0;0;0;0;12;8;4;-60;180;90;4;4;4;"2017-04-12 02:30:00";"2017-04-13 05:00:00";"2017-04-14 04:30:00"
"2017-04-16 01:20:54+02:00";"gh93";"2017-04-16 03:30:00";0;"";"2017-04-15 11:45:00";2;1;2;0;0;1;2;1;3;1;"muziek;seks;lezen";2;0;0;0;0;0;0;0;2;0;0;0;"2017-04-16 03:00:00";12947;5.8;4;"2017-04-15 01:20:54+02:00";5;30;150;60;30;3;2;1;5;3;2;2;1;1;7;6;3;2;2;1;0;0;0;0;0;0;12;8;4;180;90;30;4;4;4;"2017-04-13 05:00:00";"2017-04-14 04:30:00";"2017-04-15 03:30:00"
"2017-04-17 01:03:41+02:00";"Gh93";"2017-04-17 04:00:00";0;"";"2017-04-16 13:00:00";1;0;1;0;0;2;2;1;3;2;"Lezen;film;muziek;seks";2;0;0;0;0;0;0;0;2;0;0;0;"2017-04-17 03:00:00";16402;5.3;4;"2017-04-16 01:03:41+02:00";6;60;120;90;60;2;1;0;4;3;1;3;3;2;9;6;3;4;3;2;0;0;0;0;0;0;12;8;4;90;30;30;4;4;4;"2017-04-14 04:30:00";"2017-04-15 03:30:00";"2017-04-16 03:30:00"
"2017-04-18 02:40:54+02:00";"gh93";"2017-04-18 01:00:00";0;"";"2017-04-17 08:00:00";1;0;2;0;0;2;2;1;3;1;"Kinderen;lezen;huishouden";2;0;0;0;0;0;0;0;2;0;0;0;"2017-04-18 01:00:00";19361;9.4;4;"2017-04-17 02:40:54+02:00";0;0;90;60;0;1;0;0;5;3;2;5;4;2;9;6;3;4;3;1;0;0;0;0;0;0;12;8;4;30;30;60;4;4;4;"2017-04-15 03:30:00";"2017-04-16 03:30:00";"2017-04-17 04:00:00"
"2017-04-19 01:41:33+02:00";"gh93";"2017-04-19 04:30:00";0;"";"2017-04-18 11:00:00";1;0;1;0;0;2;2;2;3;0;"muziek;lezen;seks";2;0;0;0;0;0;0;0;2;0;0;0;"2017-04-19 03:00:00";14363;9.0;4;"2017-04-18 01:41:33+02:00";1;90;150;90;90;0;0;0;4;3;1;6;4;2;9;6;3;3;1;0;0;0;0;0;0;0;12;8;4;30;60;0;4;4;4;"2017-04-16 03:30:00";"2017-04-17 04:00:00";"2017-04-18 01:00:00"
"2017-04-20 03:04:09+02:00";"gh93";"2017-04-20 04:30:00";0;"";"2017-04-19 13:00:00";2;1;1;0;0;1;0;2;1;0;"lezen";2;0;0;0;0;0;0;0;2;0;0;0;"2017-04-20 03:00:00";4682;6.3;4;"2017-04-19 03:04:09+02:00";2;90;180;180;90;1;1;1;4;2;1;5;3;1;7;4;1;1;0;0;0;0;0;0;0;0;12;8;4;60;0;90;4;4;4;"2017-04-17 04:00:00";"2017-04-18 01:00:00";"2017-04-19 04:30:00"
"2017-04-21 04:22:56+02:00";"Gh93";"2017-04-21 03:30:00";0;"";"2017-04-20 13:00:00";2;1;2;0;0;1;2;1;3;0;"Seks;muziek;lezen";2;0;0;0;0;0;0;0;2;0;0;0;"2017-04-21 04:00:00";11877;12.5;4;"2017-04-20 04:22:56+02:00";3;-30;150;60;-30;2;2;1;4;3;2;4;2;1;7;4;3;0;0;0;0;0;0;0;0;0;12;8;4;0;90;90;4;4;4;"2017-04-18 01:00:00";"2017-04-19 04:30:00";"2017-04-20 04:30:00"
"2017-04-22 04:30:24+02:00";"gh93";"2017-04-22 05:00:00";0;"";"2017-04-21 14:30:00";2;1;3;0;0;0;0;2;3;1;"muziek;lezen";2;0;0;0;0;0;0;0;2;0;0;0;"2017-04-22 04:30:00";6904;0.7;4;"2017-04-21 04:30:24+02:00";4;30;90;0;30;3;2;1;6;5;3;2;1;0;7;6;3;1;1;1;0;0;0;0;0;0;12;8;4;90;90;-30;4;4;4;"2017-04-19 04:30:00";"2017-04-20 04:30:00";"2017-04-21 03:30:00"
"2017-04-23 02:10:27+02:00";"gh93";"2017-04-23 04:30:00";0;"";"2017-04-22 12:00:00";0;0;1;0;0;3;0;1;3;0;"lezen";2;0;0;0;0;0;0;0;2;0;0;0;"2017-04-23 04:30:00";2987;6.3;4;"2017-04-22 02:10:27+02:00";5;0;0;30;0;2;1;0;6;4;1;4;3;3;9;6;3;1;1;0;0;0;0;0;0;0;12;8;4;90;-30;30;4;4;4;"2017-04-20 04:30:00";"2017-04-21 03:30:00";"2017-04-22 05:00:00"
"2017-04-10 00:30:33+02:00";"GW98";"2017-04-10 03:00:00";1;"Gamen";"2017-04-09 10:00:00";2;1;0;0;1;2;0;1;3;3;"Gamen";0;0;0;0;0;0;0;0;0;0;0;0;"2017-04-10 00:11:00";4733;12.3;0;"2017-04-09 00:30:33+02:00";6;169;169;169;169;1;1;1;0;0;0;2;2;2;3;3;3;3;3;3;0;0;0;0;0;0;0;0;0;0;0;0;0;0;0;0;0;0
"2017-04-11 00:30:34+02:00";"GW98";"2017-04-11 03:00:00";1;"Gamen";"2017-04-10 10:00:00";2;1;0;0;1;2;0;1;3;3;"Gamen";0;0;0;0;0;0;0;0;0;0;0;0;"2017-04-11 02:00:00";2902;6.2;0;"2017-04-10 00:30:34+02:00";0;60;229;229;60;2;2;1;0;0;0;4;4;2;6;6;3;6;6;3;0;0;0;0;0;0;0;0;0;0;0;169;0;0;0;0;0;"2017-04-10 03:00:00"
"2017-04-12 03:20:10+02:00";"GW98";"2017-04-12 04:00:00";1;"Tijd voor mezelf ";"2017-04-11 13:00:00";0;0;0;0;0;2;0;1;3;3;"Gamen";0;0;0;0;0;0;0;0;0;0;0;0;"2017-04-12 02:00:00";3794;10.3;0;"2017-04-11 03:20:10+02:00";1;120;349;180;120;2;1;0;0;0;0;6;4;2;9;6;3;9;6;3;0;0;0;0;0;0;0;0;0;0;169;60;0;0;0;0;"2017-04-10 03:00:00";"2017-04-11 03:00:00"
"2017-04-13 07:01:03+02:00";"GW98";"2017-04-13 02:45:00";0;"";"2017-04-12 12:00:00";1;0;0;0;0;2;2;2;3;1;"Feestje, opruimen";0;0;0;0;0;0;0;2;0;0;0;0;"2017-04-13 03:00:00";12903;0.9;2;"2017-04-12 07:01:03+02:00";2;-15;165;105;-15;1;0;0;0;0;0;6;4;2;9;6;3;7;4;1;0;0;0;0;0;0;2;2;2;169;60;120;0;0;0;"2017-04-10 03:00:00";"2017-04-11 03:00:00";"2017-04-12 04:00:00"
"2017-04-14 01:19:25+02:00";"GW98";"2017-04-14 07:00:00";1;"Game tijd na een hele dag werken";"2017-04-13 14:00:00";0;0;1;0;0;2;0;1;3;3;"Gamen";0;0;0;0;0;0;0;0;0;0;0;2;"2017-04-14 05:00:00";8421;6.6;2;"2017-04-13 01:19:25+02:00";3;120;225;105;120;0;0;0;1;1;1;6;4;2;9;6;3;7;4;3;0;0;0;0;0;0;4;4;2;60;120;-15;0;0;2;"2017-04-11 03:00:00";"2017-04-12 04:00:00";"2017-04-13 02:45:00"
"2017-04-15 02:58:29+02:00";"GW98";"2017-04-15 01:15:00";1;"Geen slaap";"2017-04-14 05:10:00";1;1;0;0;0;2;1;1;3;2;"TV kijken ";0;0;0;0;0;0;0;0;0;0;0;0;"2017-04-15 00:00:00";6918;4.8;0;"2017-04-14 02:58:29+02:00";4;75;180;195;75;1;1;1;1;1;0;6;4;2;9;6;3;6;5;2;0;0;0;0;0;0;4;2;0;120;-15;120;0;2;2;"2017-04-12 04:00:00";"2017-04-13 02:45:00";"2017-04-14 07:00:00"
"2017-04-16 05:11:22+02:00";"GW98";"2017-04-16 03:00:00";1;"Vrije dag vandaag";"2017-04-15 13:00:00";0;0;0;0;0;2;0;1;3;2;"Bankhangen";0;0;0;0;0;0;0;0;0;0;0;2;"2017-04-16 02:00:00";6787;4.5;2;"2017-04-15 05:11:22+02:00";5;60;255;135;60;1;1;0;1;0;0;6;4;2;9;6;3;7;4;2;0;0;0;0;0;0;4;2;2;-15;120;75;2;2;0;"2017-04-13 02:45:00";"2017-04-14 07:00:00";"2017-04-15 01:15:00"
"2017-04-17 04:44:45+02:00";"GW98";"2017-04-17 05:30:00";1;"Gamen in eigen tijd";"2017-04-16 12:40:00";0;0;0;0;0;2;0;1;2;3;"Gamen op de pc";0;0;0;0;0;0;0;0;0;0;0;2;"2017-04-17 03:00:00";5735;2.9;2;"2017-04-16 04:44:45+02:00";6;150;285;210;150;1;0;0;0;0;0;6;4;2;8;5;2;7;5;3;0;0;0;0;0;0;4;4;2;120;75;60;2;0;2;"2017-04-14 07:00:00";"2017-04-15 01:15:00";"2017-04-16 03:00:00"
"2017-04-18 02:22:29+02:00";"GW98";"2017-04-18 05:00:00";0;"";"2017-04-17 14:00:00";0;0;1;0;1;2;3;3;3;3;"Uitgaan, alcohol, muziek, fietsen ";0;0;0;0;0;0;0;2;0;0;0;0;"2017-04-18 02:00:00";17114;9.9;2;"2017-04-17 02:22:29+02:00";0;180;390;330;180;0;0;0;1;1;1;6;4;2;8;5;3;8;6;3;0;0;0;0;0;0;6;4;2;75;60;150;0;2;2;"2017-04-15 01:15:00";"2017-04-16 03:00:00";"2017-04-17 05:30:00"
"2017-04-19 03:40:42+02:00";"GW98";"2017-04-19 02:00:00";1;"Laat thuis";"2017-04-18 05:15:00";2;1;0;0;0;1;3;2;3;2;"Klussen, familie, ";0;0;0;0;0;0;0;0;2;0;0;0;"2017-04-19 00:00:00";18335;10.2;2;"2017-04-18 03:40:42+02:00";1;120;450;300;120;1;1;1;1;1;0;5;3;1;8;6;3;8;5;2;0;0;0;0;0;0;6;4;2;60;150;180;2;2;2;"2017-04-16 03:00:00";"2017-04-17 05:30:00";"2017-04-18 05:00:00"
"2017-04-20 02:09:20+02:00";"GW98";"2017-04-20 03:45:00";0;"";"2017-04-19 13:30:00";0;0;0;0;0;2;1;1;3;2;"Feestje";0;0;0;0;0;0;0;2;0;0;0;0;"2017-04-20 02:00:00";3319;7.9;2;"2017-04-19 02:09:20+02:00";2;105;405;225;105;1;1;0;1;0;0;5;3;2;9;6;3;7;4;2;0;0;0;0;0;0;6;4;2;150;180;120;2;2;2;"2017-04-17 05:30:00";"2017-04-18 05:00:00";"2017-04-19 02:00:00"
"2017-04-21 00:48:35+02:00";"GW98";"2017-04-21 02:10:00";1;"Paasfeestje";"2017-04-20 05:30:00";2;1;0;0;1;2;2;2;3;1;"Feestje, borrel, gezelligheid";0;0;0;0;0;0;0;2;0;0;0;0;"2017-04-21 01:00:00";9452;11.5;2;"2017-04-20 00:48:35+02:00";3;70;295;175;70;2;1;1;0;0;0;5;4;2;9;6;3;5;3;1;0;0;0;0;0;0;6;4;2;180;120;105;2;2;2;"2017-04-18 05:00:00";"2017-04-19 02:00:00";"2017-04-20 03:45:00"
"2017-04-22 05:46:18+02:00";"GW98";"2017-04-22 01:00:00";0;"";"2017-04-21 13:00:00";1;0;0;0;0;2;0;1;3;2;"TV kijken";0;0;0;0;0;0;2;0;0;0;0;0;"2017-04-22 01:00:00";2218;0.3;2;"2017-04-21 05:46:18+02:00";4;0;175;70;0;1;1;0;0;0;0;6;4;2;9;6;3;5;3;2;0;0;0;0;0;0;6;4;2;120;105;70;2;2;2;"2017-04-19 02:00:00";"2017-04-20 03:45:00";"2017-04-21 02:10:00"
"2017-04-23 05:00:25+02:00";"GW98";"2017-04-23 05:45:00";1;"Gamen, studeren uitstellen";"2017-04-22 13:30:00";0;0;0;0;0;2;0;1;1;3;"Gamen, tv kijken";0;1;0;0;0;2;2;0;0;0;0;1;"2017-04-23 03:00:00";2944;6.8;6;"2017-04-22 05:00:25+02:00";5;165;235;165;165;1;0;0;0;0;0;6;4;2;7;4;1;6;5;3;1;1;1;0;0;0;10;8;6;105;70;0;2;2;2;"2017-04-20 03:45:00";"2017-04-21 02:10:00";"2017-04-22 01:00:00"
"2017-04-24 03:00:11+02:00";"GW98";"2017-04-24 05:00:00";1;"Studeren";"2017-04-23 08:45:00";0;0;0;1;2;1;0;3;3;3;"Studeren, PC";0;0;0;0;0;1;0;0;0;0;0;0;"2017-04-24 01:00:00";3906;6.8;1;"2017-04-23 03:00:11+02:00";6;240;405;405;240;0;0;0;0;0;0;5;3;1;7;4;3;8;6;3;1;1;0;0;0;0;9;7;1;70;0;165;2;2;6;"2017-04-21 02:10:00";"2017-04-22 01:00:00";"2017-04-23 05:45:00"
"2017-04-25 01:26:30+02:00";"GW98";"2017-04-25 03:30:00";1;"Studie";"2017-04-24 13:30:00";0;0;0;0;0;2;0;2;2;3;"voetbal, studeren";0;0;0;0;0;2;0;0;0;0;0;2;"2017-04-25 03:00:00";3454;1.9;4;"2017-04-24 01:26:30+02:00";0;30;435;270;30;0;0;0;0;0;0;5;3;2;6;5;2;9;6;3;1;0;0;0;0;0;11;5;4;0;165;240;2;6;1;"2017-04-22 01:00:00";"2017-04-23 05:45:00";"2017-04-24 05:00:00"
"2017-04-26 02:19:46+02:00";"GW98";"2017-04-26 02:00:00";1;"Studie";"2017-04-25 05:15:00";2;1;0;0;0;1;1;3;2;3;"Studeren, pc";0;0;0;0;0;2;0;0;0;0;0;0;"2017-04-26 00:00:00";5469;7.6;2;"2017-04-25 02:19:46+02:00";1;120;390;150;120;1;1;1;0;0;0;4;3;1;7;4;2;9;6;3;0;0;0;0;0;0;7;6;2;165;240;30;6;1;4;"2017-04-23 05:45:00";"2017-04-24 05:00:00";"2017-04-25 03:30:00"
"2017-04-27 03:09:28+02:00";"GW98";"2017-04-27 02:30:00";1;"Studie ";"2017-04-26 05:15:00";1;0;0;0;0;2;0;3;3;3;"Studeren";0;0;0;0;0;1;0;0;0;0;0;0;"2017-04-27 00:00:00";2991;8.0;1;"2017-04-26 03:09:28+02:00";2;150;300;270;150;1;1;0;0;0;0;5;3;2;7;5;3;9;6;3;0;0;0;0;0;0;7;3;1;240;30;120;1;4;2;"2017-04-24 05:00:00";"2017-04-25 03:30:00";"2017-04-26 02:00:00"
"2017-04-28 04:27:31+02:00";"GW98";"2017-04-28 03:00:00";0;"";"2017-04-27 14:00:00";0;0;0;0;0;2;0;1;3;3;"Gamen";0;0;0;0;0;0;0;0;0;0;0;0;"2017-04-28 02:00:00";4885;7.5;0;"2017-04-27 04:27:31+02:00";3;60;330;210;60;1;0;0;0;0;0;5;4;2;8;6;3;9;6;3;0;0;0;0;0;0;3;1;0;30;120;150;4;2;1;"2017-04-25 03:30:00";"2017-04-26 02:00:00";"2017-04-27 02:30:00"
"2017-04-29 01:40:32+02:00";"GW98";"2017-04-29 05:30:00";1;"Gamen";"2017-04-28 13:00:00";0;0;0;1;0;2;0;1;2;3;"Gaming, PC";0;2;0;0;0;0;0;0;0;0;0;0;"2017-04-29 03:00:00";3602;7.9;2;"2017-04-28 01:40:32+02:00";4;150;360;210;150;0;0;0;0;0;0;6;4;2;8;5;2;9;6;3;2;2;2;0;0;0;3;2;2;120;150;60;2;1;0;"2017-04-26 02:00:00";"2017-04-27 02:30:00";"2017-04-28 03:00:00"
"2017-04-30 03:17:54+02:00";"GW98";"2017-04-30 02:15:00";1;"Gamen";"2017-04-29 05:10:00";1;1;0;0;0;2;0;1;3;3;"Bioscoop, fietsen";0;0;0;0;0;0;0;2;0;0;0;0;"2017-04-30 00:00:00";4049;6.7;2;"2017-04-29 03:17:54+02:00";5;135;345;285;135;1;1;1;0;0;0;6;4;2;8;5;3;9;6;3;2;2;0;0;0;0;4;4;2;150;60;150;1;0;2;"2017-04-27 02:30:00";"2017-04-28 03:00:00";"2017-04-29 05:30:00"
"2017-04-10 19:41:11+02:00";"HA61";"2017-04-09 22:45:00";0;"";"2017-04-09 08:15:00";0;0;2;1;1;1;0;0;3;3;"Auto rijden, Hond uitlaten, tv kijken";0;0;0;2;0;0;2;0;0;0;0;2;"2017-04-10 00:11:00";2011;12.5;6;"2017-04-09 19:41:11+02:00";6;-86;-86;-86;-86;0;0;0;2;2;2;1;1;1;3;3;3;3;3;3;0;0;0;2;2;2;6;6;6;0;0;0;0;0;0;0;0;0
"2017-04-11 20:53:33+02:00";"HA61";"2017-04-10 21:50:00";0;"";"2017-04-10 05:35:00";1;0;2;1;1;2;1;1;2;2;"Computer, hond uitlaten, tv kijken";0;0;0;2;0;0;2;2;0;0;0;0;"2017-04-10 21:45:00";6084;1.9;6;"2017-04-10 20:53:33+02:00";0;5;-81;-81;5;0;0;0;4;4;2;3;3;2;5;5;2;5;5;2;0;0;0;4;4;2;12;12;6;0;0;-86;0;0;6;0;0;"2017-04-09 22:45:00"
"2017-04-12 21:44:13+02:00";"HA61";"2017-04-11 21:55:00";1;"TV programma";"2017-04-11 05:40:00";0;0;2;1;1;1;1;1;3;3;"Eten, hond uitlaten, tv-kijken";0;0;0;2;0;0;0;2;0;0;0;2;"2017-04-11 21:50:00";5439;1.6;6;"2017-04-11 21:44:13+02:00";1;5;-76;10;5;0;0;0;6;4;2;4;3;1;8;5;3;8;5;3;0;0;0;6;4;2;18;12;6;0;-86;5;0;6;6;0;"2017-04-09 22:45:00";"2017-04-10 21:50:00"
"2017-04-13 22:01:19+02:00";"HA61";"2017-04-12 21:50:00";0;"";"2017-04-12 05:40:00";1;1;3;1;3;0;3;1;2;1;"Ete,, skeeleren, tv kijken";0;0;0;2;0;2;2;2;0;0;0;2;"2017-04-12 22:00:00";13097;0.1;10;"2017-04-12 22:01:19+02:00";2;-10;0;-5;-10;1;1;1;7;5;3;3;1;0;7;5;2;6;4;1;0;0;0;6;4;2;22;16;10;-86;5;5;6;6;6;"2017-04-09 22:45:00";"2017-04-10 21:50:00";"2017-04-11 21:55:00"
"2017-04-14 21:09:57+02:00";"HA61";"2017-04-13 22:10:00";1;"Iets meer tijd voor tandenpoetsen ed";"2017-04-13 07:15:00";0;0;3;1;1;2;1;1;3;3;"Eten, hond uitlaten, tv kijken";0;0;0;2;0;0;2;2;0;0;0;0;"2017-04-13 21:50:00";3901;6.6;6;"2017-04-13 21:09:57+02:00";3;20;15;10;20;1;1;0;8;6;3;3;2;2;8;5;3;7;4;3;0;0;0;6;4;2;22;16;6;5;5;-10;6;6;10;"2017-04-10 21:50:00";"2017-04-11 21:55:00";"2017-04-12 21:50:00"
"2017-04-15 21:12:35+02:00";"HA61";"2017-04-14 21:50:00";0;"";"2017-04-14 07:30:00";1;0;2;1;1;1;1;1;2;3;"Hond uitlaten, tv, lezen";0;0;0;2;1;0;2;2;0;0;0;0;"2017-04-14 22:00:00";8840;0.6;7;"2017-04-14 21:12:35+02:00";4;-10;0;10;-10;1;0;0;8;5;2;3;3;1;7;5;2;7;6;3;0;0;0;6;4;2;23;13;7;5;-10;20;6;10;6;"2017-04-11 21:55:00";"2017-04-12 21:50:00";"2017-04-13 22:10:00"
"2017-04-16 21:09:30+02:00";"HA61";"2017-04-15 21:50:00";0;"";"2017-04-15 08:30:00";0;0;2;1;1;2;1;1;1;3;"Hond uitlaten, tv kijken, reis zoen internet";0;0;0;2;0;2;2;2;0;0;0;2;"2017-04-15 22:00:00";4063;6.8;10;"2017-04-15 21:09:30+02:00";5;-10;0;-20;-10;0;0;0;7;4;2;5;3;2;6;3;1;9;6;3;0;0;0;6;4;2;23;17;10;-10;20;-10;10;6;7;"2017-04-12 21:50:00";"2017-04-13 22:10:00";"2017-04-14 21:50:00"
"2017-04-17 22:02:00+02:00";"HA61";"2017-04-16 23:00:00";1;"Tv programma";"2017-04-16 08:05:00";0;0;1;0;0;2;1;1;1;2;"Hond, tv kijken";0;0;0;2;0;0;2;0;0;0;0;2;"2017-04-16 22:00:00";4478;8.6;6;"2017-04-16 22:02:00+02:00";6;60;40;50;60;0;0;0;5;3;1;5;4;2;4;2;1;8;5;2;0;0;0;6;4;2;23;16;6;20;-10;-10;6;7;10;"2017-04-13 22:10:00";"2017-04-14 21:50:00";"2017-04-15 21:50:00"
"2017-04-18 22:39:10+02:00";"HA61";"2017-04-17 22:30:00";0;"";"2017-04-17 08:15:00";1;0;1;1;1;2;1;0;0;3;"Hond, tv, internet";0;0;0;2;0;0;2;0;0;0;0;2;"2017-04-17 22:30:00";5567;7.6;6;"2017-04-17 22:39:10+02:00";0;0;50;60;0;0;0;0;4;2;1;6;4;2;2;1;0;8;5;3;0;0;0;6;4;2;22;12;6;-10;-10;60;7;10;6;"2017-04-14 21:50:00";"2017-04-15 21:50:00";"2017-04-16 23:00:00"
"2017-04-19 22:48:45+02:00";"HA61";"2017-04-18 22:30:00";0;"";"2017-04-18 08:30:00";1;0;1;0;0;2;1;0;1;3;"Hoe, tv, internet";0;0;0;2;0;0;2;0;0;0;0;0;"2017-04-18 22:45:00";3737;6.3;4;"2017-04-18 22:48:45+02:00";1;-15;45;-15;-15;0;0;0;3;2;1;6;4;2;2;1;1;8;6;3;0;0;0;6;4;2;16;10;4;-10;60;0;10;6;6;"2017-04-15 21:50:00";"2017-04-16 23:00:00";"2017-04-17 22:30:00"
"2017-04-20 21:32:14+02:00";"HA61";"2017-04-19 22:45:00";0;"";"2017-04-19 07:20:00";2;1;1;1;0;2;3;1;2;1;"Auto, skeeleren, auto, internet";0;0;0;2;2;0;0;0;0;0;0;2;"2017-04-19 22:45:00";22091;5.1;6;"2017-04-19 21:32:14+02:00";2;0;-15;-15;0;1;1;1;3;2;1;6;4;2;3;3;2;7;4;1;0;0;0;6;4;2;16;10;6;60;0;-15;6;6;4;"2017-04-16 23:00:00";"2017-04-17 22:30:00";"2017-04-18 22:30:00"
"2017-04-21 00:28:12+02:00";"HA61";"2017-04-20 22:30:00";0;"Nvt";"2017-04-20 08:15:00";2;1;1;0;0;2;1;1;1;2;"Hond uitlaten, tv, internet";0;0;0;2;0;0;2;0;0;0;0;0;"2017-04-20 22:15:00";6455;9.8;4;"2017-04-20 00:28:12+02:00";3;15;0;15;15;2;2;1;3;2;1;6;4;2;4;3;1;6;3;2;0;0;0;6;4;2;14;10;4;0;-15;0;6;4;6;"2017-04-17 22:30:00";"2017-04-18 22:30:00";"2017-04-19 22:45:00"
"2017-04-22 22:41:51+02:00";"HA61";"2017-04-22 00:15:00";1;"Afspraak met buurvrouw";"2017-04-21 08:15:00";2;1;2;1;1;0;1;1;3;3;"Bijeenkomst IVN, afstemmen en kletsen bij buurvrouw";0;0;0;2;0;0;0;0;2;0;0;0;"2017-04-21 23:00:00";4733;1.1;4;"2017-04-21 22:41:51+02:00";4;75;90;90;75;3;2;1;4;3;2;4;2;0;6;4;3;6;5;3;0;0;0;6;4;2;14;8;4;-15;0;15;4;6;4;"2017-04-18 22:30:00";"2017-04-19 22:45:00";"2017-04-20 22:30:00"
"2017-04-23 22:45:02+02:00";"HA61";"2017-04-23 00:30:00";1;"Uitgelopen jubileum collega";"2017-04-22 08:15:00";1;0;2;1;3;0;3;2;3;0;"Fietsen, feest, auto rijden";0;0;0;0;0;0;0;2;2;0;0;0;"2017-04-22 23:00:00";20691;6.9;4;"2017-04-22 22:45:02+02:00";5;90;180;165;90;2;1;0;5;4;2;2;0;0;7;6;3;5;3;0;0;0;0;4;2;0;12;8;4;0;15;75;6;4;4;"2017-04-19 22:45:00";"2017-04-20 22:30:00";"2017-04-22 00:15:00"
"2017-04-24 22:41:03+02:00";"HA61";"2017-04-24 10:30:00";0;"";"2017-04-23 08:00:00";2;1;2;1;3;1;3;2;1;0;"Eten, skeelerles, discussie vriendin";0;0;0;2;0;0;0;0;0;0;0;0;"2017-04-23 23:00:00";17630;9.7;2;"2017-04-23 22:41:03+02:00";6;690;855;780;690;2;1;1;6;4;2;1;1;1;7;4;1;3;0;0;0;0;0;4;2;2;10;6;2;15;75;90;4;4;4;"2017-04-20 22:30:00";"2017-04-22 00:15:00";"2017-04-23 00:30:00"
"2017-04-25 14:25:58+02:00";"HA61";"2017-04-24 22:30:00";0;"";"2017-04-24 08:10:00";1;0;1;0;1;2;1;2;1;2;"Eten, hond uitlaten, tv, hotel verkennen";0;0;0;2;2;2;0;2;0;0;0;0;"2017-04-24 22:40:00";3214;2.4;8;"2017-04-24 14:25:58+02:00";0;-10;770;680;-10;1;1;0;5;3;1;3;3;2;5;2;1;2;2;2;0;0;0;4;4;2;14;10;8;75;90;690;4;4;2;"2017-04-22 00:15:00";"2017-04-23 00:30:00";"2017-04-24 10:30:00"
"2017-04-26 15:08:57+02:00";"HA61";"2017-04-26 01:30:00";1;"Film op televisie";"2017-04-25 08:00:00";3;1;2;1;1;0;1;1;1;3;"hond uitlaten, koffie drinken in lounch, tv kijken";0;0;0;2;2;0;2;2;0;0;0;0;"2017-04-25 22:30:00";2478;10.4;8;"2017-04-25 15:08:57+02:00";1;180;860;170;180;2;1;1;5;3;2;3;2;0;3;2;1;5;5;3;0;0;0;6;4;2;18;16;8;90;690;-10;4;2;8;"2017-04-23 00:30:00";"2017-04-24 10:30:00";"2017-04-24 22:30:00"
"2017-04-27 16:56:07+02:00";"HA61";"2017-04-26 22:15:00";0;"";"2017-04-26 07:45:00";1;0;1;1;1;1;1;1;1;1;"Hond uitlaten, discussie met vriendin, tv kijken";0;0;0;2;0;0;2;0;0;0;0;0;"2017-04-26 22:00:00";4266;8.1;4;"2017-04-26 16:56:07+02:00";2;15;185;195;15;1;1;0;4;3;1;3;1;1;3;2;1;6;4;1;0;0;0;6;4;2;20;12;4;690;-10;180;2;8;8;"2017-04-24 10:30:00";"2017-04-24 22:30:00";"2017-04-26 01:30:00"
"2017-04-28 15:31:35+02:00";"HA61";"2017-04-27 22:30:00";0;"";"2017-04-27 09:00:00";2;1;1;1;1;2;1;2;1;1;"Hond uitlaten, tv, muziek luisteren";0;0;0;2;0;2;0;0;0;0;0;0;"2017-04-27 22:30:00";3697;8.1;4;"2017-04-27 15:31:35+02:00";3;0;195;15;0;2;1;1;4;2;1;3;3;2;3;2;1;5;2;1;0;0;0;6;4;2;16;8;4;-10;180;15;8;8;4;"2017-04-24 22:30:00";"2017-04-26 01:30:00";"2017-04-26 22:15:00"
"2017-04-10 21:17:41+02:00";"he46";"2017-04-10 00:00:00";1;"niet willen slapen";"2017-04-09 07:00:00";1;0;1;1;1;1;0;1;3;3;"tv kijken en computeren";0;0;0;0;0;2;2;0;0;0;0;0;"2017-04-10 00:11:00";10193;12.5;4;"2017-04-09 21:17:41+02:00";6;-11;-11;-11;-11;0;0;0;1;1;1;1;1;1;3;3;3;3;3;3;0;0;0;0;0;0;4;4;4;0;0;0;0;0;0;0;0;0
"2017-04-11 23:09:55+02:00";"he46";"2017-04-10 23:00:00";0;"";"2017-04-10 07:45:00";1;0;1;0;1;2;1;1;1;0;"uit eten en radio luisteren";0;0;0;0;0;0;0;2;0;0;0;0;"2017-04-11 00:00:00";9424;1.9;2;"2017-04-10 23:09:55+02:00";0;-60;-71;-71;-60;0;0;0;2;2;1;3;3;2;4;4;1;3;3;0;0;0;0;0;0;0;6;6;2;0;0;-11;0;0;4;0;0;"2017-04-10 00:00:00"
"2017-04-12 09:50:50+02:00";"he46";"2017-04-12 00:00:00";1;"tv kijken";"2017-04-11 07:00:00";1;0;1;0;1;2;0;2;2;3;"tv kijken en studeren";0;2;0;0;2;2;2;2;0;0;0;0;"2017-04-11 23:30:00";6061;1.6;10;"2017-04-11 09:50:50+02:00";1;30;-41;-30;30;0;0;0;3;2;1;5;4;2;6;3;2;6;3;3;2;2;2;0;0;0;16;12;10;0;-11;-60;0;4;2;0;"2017-04-10 00:00:00";"2017-04-10 23:00:00"
"2017-04-13 09:50:20+02:00";"HE46";"2017-04-12 23:30:00";1;"voetbal kijken";"2017-04-12 06:30:00";1;1;1;0;1;1;0;2;3;3;"studeren, tv kijken, computeren";0;0;0;0;0;2;0;0;0;0;0;1;"2017-04-12 23:00:00";9072;0.1;3;"2017-04-12 09:50:20+02:00";2;30;0;60;30;1;1;1;3;2;1;5;3;1;6;5;3;6;6;3;2;2;0;0;0;0;15;13;3;-11;-60;30;4;2;10;"2017-04-10 00:00:00";"2017-04-10 23:00:00";"2017-04-12 00:00:00"
"2017-04-14 08:23:12+02:00";"he46";"2017-04-13 23:15:00";0;"";"2017-04-13 06:30:00";2;1;1;0;1;1;0;2;3;3;"voetbal kijken en computeren";0;0;0;0;0;2;0;0;0;0;0;0;"2017-04-13 23:00:00";14043;6.6;2;"2017-04-13 08:23:12+02:00";3;15;75;45;15;2;2;1;3;2;1;4;2;1;8;6;3;9;6;3;2;0;0;0;0;0;15;5;2;-60;30;30;2;10;3;"2017-04-10 23:00:00";"2017-04-12 00:00:00";"2017-04-12 23:30:00"
"2017-04-15 00:03:31+02:00";"he46";"2017-04-15 01:00:00";1;"rusteloos";"2017-04-14 07:15:00";2;0;0;0;2;1;3;2;3;3;"tv kijken  en computeren";0;0;0;0;0;2;2;0;0;0;0;0;"2017-04-14 23:30:00";15292;0.6;4;"2017-04-14 00:03:31+02:00";4;90;135;105;90;2;1;0;2;1;0;3;2;1;9;6;3;9;6;3;0;0;0;0;0;0;9;6;4;30;30;15;10;3;2;"2017-04-12 00:00:00";"2017-04-12 23:30:00";"2017-04-13 23:15:00"
"2017-04-16 10:40:24+02:00";"he46";"2017-04-16 00:30:00";0;"tv kijken";"2017-04-15 09:00:00";1;0;2;1;3;1;0;3;2;3;"tv kijken en computeren";0;2;0;0;0;2;2;2;0;0;0;0;"2017-04-16 00:30:00";13163;6.8;8;"2017-04-15 10:40:24+02:00";5;0;105;90;0;1;0;0;3;2;2;3;2;1;8;5;2;9;6;3;2;2;2;0;0;0;14;12;8;30;15;90;3;2;4;"2017-04-12 23:30:00";"2017-04-13 23:15:00";"2017-04-15 01:00:00"
"2017-04-17 09:37:56+02:00";"he46";"2017-04-17 01:30:00";1;"moest werk afmaken";"2017-04-16 08:30:00";1;1;0;1;0;2;1;3;3;3;"werken achter de pc";0;0;0;0;0;0;2;2;0;0;0;0;"2017-04-17 00:00:00";5937;8.6;4;"2017-04-16 09:37:56+02:00";6;90;180;90;90;1;1;1;2;2;0;4;3;2;8;5;3;9;6;3;2;2;0;0;0;0;16;12;4;15;90;0;2;4;8;"2017-04-13 23:15:00";"2017-04-15 01:00:00";"2017-04-16 00:30:00"
"2017-04-18 11:40:54+02:00";"he46";"2017-04-18 00:15:00";1;"tv kijken";"2017-04-17 09:00:00";1;0;0;0;0;2;1;2;2;3;"tv kijken en computeren";0;0;0;0;0;2;2;2;0;0;0;0;"2017-04-18 00:00:00";7647;7.6;6;"2017-04-17 11:40:54+02:00";0;15;105;105;15;1;1;0;2;0;0;5;4;2;7;5;2;9;6;3;2;0;0;0;0;0;18;10;6;90;0;90;4;8;4;"2017-04-15 01:00:00";"2017-04-16 00:30:00";"2017-04-17 01:30:00"
"2017-04-19 22:39:32+02:00";"he46";"2017-04-19 00:15:00";1;"tv kijken ";"2017-04-18 08:30:00";1;0;0;1;1;1;0;2;3;3;"tv kijken en computeren";0;0;0;0;0;2;2;2;0;0;0;0;"2017-04-19 00:00:00";11946;6.3;6;"2017-04-18 22:39:32+02:00";1;15;120;30;15;1;0;0;0;0;0;5;3;1;8;5;3;9;6;3;0;0;0;0;0;0;16;12;6;0;90;15;8;4;6;"2017-04-16 00:30:00";"2017-04-17 01:30:00";"2017-04-18 00:15:00"
"2017-04-20 13:33:26+02:00";"HE46";"2017-04-20 02:00:00";1;"borrelen met vrienden";"2017-04-19 09:00:00";0;0;1;1;1;2;0;0;3;0;"kletsen met vrienden";0;0;0;0;0;0;0;2;0;0;0;0;"2017-04-19 23:30:00";7899;5.1;2;"2017-04-19 13:33:26+02:00";2;150;180;165;150;0;0;0;1;1;1;5;3;2;8;6;3;6;3;0;0;0;0;0;0;0;14;8;2;90;15;15;4;6;6;"2017-04-17 01:30:00";"2017-04-18 00:15:00";"2017-04-19 00:15:00"
"2017-04-21 21:23:50+02:00";"he46";"2017-04-21 01:00:00";1;"gevierd dat ik mijn scriptie had ingeleverd";"2017-04-20 06:30:00";2;1;1;0;1;1;1;0;3;0;"kletsen met vrienden";0;0;0;0;0;0;0;2;0;0;0;0;"2017-04-20 23:00:00";3962;9.8;2;"2017-04-20 21:23:50+02:00";3;120;285;270;120;1;1;1;2;2;1;4;3;1;9;6;3;3;0;0;0;0;0;0;0;0;10;4;2;15;15;150;6;6;2;"2017-04-18 00:15:00";"2017-04-19 00:15:00";"2017-04-20 02:00:00"
"2017-04-22 20:44:05+02:00";"he46";"2017-04-22 00:00:00";0;"werken";"2017-04-21 07:20:00";2;1;0;0;0;2;0;2;3;3;"computeren";0;0;0;0;0;2;2;0;0;0;0;0;"2017-04-21 23:30:00";9057;1.1;4;"2017-04-21 20:44:05+02:00";4;30;300;150;30;2;2;1;2;1;0;5;3;2;9;6;3;3;3;3;0;0;0;0;0;0;8;6;4;15;150;120;6;2;2;"2017-04-19 00:15:00";"2017-04-20 02:00:00";"2017-04-21 01:00:00"
"2017-04-23 22:43:23+02:00";"he46";"2017-04-23 00:00:00";1;"werken";"2017-04-22 06:30:00";2;1;0;0;1;2;1;2;3;1;"computeren";0;0;0;0;0;0;0;0;0;0;0;0;"2017-04-22 23:30:00";3200;6.9;0;"2017-04-22 22:43:23+02:00";5;30;180;60;30;3;2;1;1;0;0;5;4;2;9;6;3;4;4;1;0;0;0;0;0;0;6;4;0;150;120;30;2;2;4;"2017-04-20 02:00:00";"2017-04-21 01:00:00";"2017-04-22 00:00:00"
"2017-04-24 19:30:34+02:00";"he46";"2017-04-24 01:00:00";0;"";"2017-04-23 08:00:00";1;0;0;1;1;1;0;0;3;0;"feestje gevierd";0;0;0;0;0;0;0;2;0;0;0;0;"2017-04-23 23:30:00";6484;9.7;2;"2017-04-23 19:30:34+02:00";6;90;150;120;90;2;1;0;0;0;0;5;3;1;9;6;3;4;1;0;0;0;0;0;0;0;6;2;2;120;30;30;2;4;0;"2017-04-21 01:00:00";"2017-04-22 00:00:00";"2017-04-23 00:00:00"
"2017-04-25 21:17:13+02:00";"he46";"2017-04-24 23:30:00";0;"";"2017-04-24 07:00:00";2;0;1;1;1;2;1;2;3;3;"tv kijken";0;0;0;0;0;0;2;0;0;0;0;0;"2017-04-25 00:00:00";5363;2.4;2;"2017-04-24 21:17:13+02:00";0;-30;90;60;-30;1;0;0;1;1;1;5;3;2;9;6;3;4;3;3;0;0;0;0;0;0;4;4;2;30;30;90;4;0;2;"2017-04-22 00:00:00";"2017-04-23 00:00:00";"2017-04-24 01:00:00"
"2017-04-10 10:00:40+02:00";"MJ87";"2017-04-09 23:45:00";1;"Ik wilde nog een extra hoofdstuk lezen";"2017-04-09 08:20:00";0;0;0;0;1;1;0;1;2;3;"tv kijken, lezen";0;2;0;0;2;0;0;0;1;0;0;0;"2017-04-10 00:11:00";5244;12.3;5;"2017-04-09 10:00:40+02:00";6;-26;-26;-26;-26;0;0;0;0;0;0;1;1;1;2;2;2;3;3;3;2;2;2;0;0;0;5;5;5;0;0;0;0;0;0;0;0;0
"2017-04-11 09:56:16+02:00";"MJ87";"2017-04-10 23:30:00";1;"";"2017-04-10 08:00:00";1;0;0;0;0;2;0;1;3;2;"kletsen, smartphone";0;0;0;0;2;0;0;0;0;0;0;0;"2017-04-10 23:30:00";3687;6.2;2;"2017-04-10 09:56:16+02:00";0;0;-26;-26;0;0;0;0;0;0;0;3;3;2;5;5;3;5;5;2;2;2;0;0;0;0;7;7;2;0;0;-26;0;0;5;0;0;"2017-04-09 23:45:00"
"2017-04-12 15:47:02+02:00";"MJ87";"2017-04-11 23:45:00";1;"Nog even willen appen met iemand";"2017-04-11 08:15:00";1;1;0;0;0;2;0;1;1;3;"gamen, tv, lezen, appen";0;0;0;0;2;0;2;0;2;0;0;0;"2017-04-11 23:30:00";14568;10.3;6;"2017-04-11 15:47:02+02:00";1;15;-11;15;15;1;1;1;0;0;0;5;4;2;6;4;1;8;5;3;2;0;0;0;0;0;13;8;6;0;-26;0;0;5;2;0;"2017-04-09 23:45:00";"2017-04-10 23:30:00"
"2017-04-13 18:33:28+02:00";"MJ87";"2017-04-13 00:45:00";0;"";"2017-04-12 09:15:00";0;0;1;0;1;2;1;0;2;2;"cafe, bus";0;1;0;0;2;0;0;1;2;0;0;0;"2017-04-13 01:00:00";5928;0.9;6;"2017-04-12 18:33:28+02:00";2;-15;0;0;-15;1;1;0;1;1;1;6;4;2;6;3;2;7;5;2;1;1;1;0;0;0;14;12;6;-26;0;15;5;2;6;"2017-04-09 23:45:00";"2017-04-10 23:30:00";"2017-04-11 23:45:00"
"2017-04-14 13:20:19+02:00";"MJ87";"2017-04-14 00:15:00";0;"";"2017-04-13 09:45:00";1;0;1;1;2;2;0;2;1;3;"Gamen";0;1;0;0;0;0;0;1;2;0;0;0;"2017-04-14 01:00:00";3953;6.6;4;"2017-04-13 13:20:19+02:00";3;-45;-45;-60;-45;1;0;0;2;2;1;6;4;2;4;3;1;8;5;3;2;2;1;0;0;0;16;10;4;0;15;-15;2;6;6;"2017-04-10 23:30:00";"2017-04-11 23:45:00";"2017-04-13 00:45:00"
"2017-04-15 10:45:45+02:00";"MJ87";"2017-04-15 01:00:00";1;"het was nog gezellig";"2017-04-14 07:50:00";1;0;1;0;1;2;1;1;1;3;"gamen, bankhangen";0;2;0;0;0;0;0;2;0;0;0;0;"2017-04-14 23:30:00";8599;4.8;4;"2017-04-14 10:45:45+02:00";4;90;30;45;90;0;0;0;3;2;1;6;4;2;4;2;1;8;6;3;4;3;2;0;0;0;14;8;4;15;-15;-45;6;6;4;"2017-04-11 23:45:00";"2017-04-13 00:45:00";"2017-04-14 00:15:00"
"2017-04-16 15:37:49+02:00";"MJ87";"2017-04-16 00:20:00";1;"Was nog aan het overleggen over een online bestelling die wat langer duurde dan verwacht";"2017-04-15 08:00:00";2;1;1;1;1;1;0;1;1;3;"tv kijken, telefoon gebruikt";0;0;0;0;2;0;0;0;0;0;2;0;"2017-04-15 23:30:00";4493;4.5;4;"2017-04-15 15:37:49+02:00";5;50;95;140;50;1;1;1;3;2;1;5;3;1;3;2;1;9;6;3;3;2;0;0;0;0;12;8;4;-15;-45;90;6;4;4;"2017-04-13 00:45:00";"2017-04-14 00:15:00";"2017-04-15 01:00:00"
"2017-04-17 09:57:40+02:00";"MJ87";"2017-04-16 23:30:00";0;"";"2017-04-16 08:40:00";1;0;1;0;1;2;0;1;3;2;"bank hangen, lezen";0;0;0;0;2;0;0;0;2;0;0;0;"2017-04-16 23:30:00";2708;2.9;4;"2017-04-16 09:57:40+02:00";6;0;140;50;0;1;1;0;3;2;1;5;3;2;5;4;3;8;5;2;2;0;0;0;0;0;12;8;4;-45;90;50;4;4;4;"2017-04-14 00:15:00";"2017-04-15 01:00:00";"2017-04-16 00:20:00"
"2017-04-18 12:15:40+02:00";"MJ87";"2017-04-18 00:00:00";1;"Nog even lezen en praten";"2017-04-17 07:45:00";1;1;0;1;2;1;0;1;1;3;"Passion kijken, lezen, appen";0;0;0;0;2;0;0;0;2;0;0;0;"2017-04-17 23:30:00";6770;9.9;4;"2017-04-17 12:15:40+02:00";0;30;80;30;30;2;1;1;2;1;0;4;3;1;5;4;1;8;5;3;0;0;0;0;0;0;12;8;4;90;50;0;4;4;4;"2017-04-15 01:00:00";"2017-04-16 00:20:00";"2017-04-16 23:30:00"
"2017-04-19 16:49:25+02:00";"MJ87";"2017-04-19 02:00:00";1;"er kwamen vrienden langs";"2017-04-18 11:00:00";0;0;1;1;2;2;2;1;3;0;"vrienden, drinken";0;2;0;0;0;0;0;2;0;0;0;0;"2017-04-19 01:00:00";8186;10.2;4;"2017-04-18 16:49:25+02:00";1;60;90;90;60;1;1;0;2;1;1;5;3;2;7;4;3;5;3;0;2;2;2;0;0;0;12;8;4;50;0;30;4;4;4;"2017-04-16 00:20:00";"2017-04-16 23:30:00";"2017-04-18 00:00:00"
"2017-04-20 11:26:10+02:00";"MJ87";"2017-04-20 01:00:00";0;"";"2017-04-19 09:30:00";3;0;0;0;1;2;1;1;1;3;"Gamen";0;2;0;0;0;0;0;1;1;0;0;0;"2017-04-20 01:00:00";10586;7.9;4;"2017-04-19 11:26:10+02:00";2;0;90;60;0;1;0;0;1;1;0;5;4;2;5;4;1;6;3;3;4;4;2;0;0;0;12;8;4;0;30;60;4;4;4;"2017-04-16 23:30:00";"2017-04-18 00:00:00";"2017-04-19 02:00:00"
"2017-04-21 13:41:35+02:00";"MJ87";"2017-04-20 23:45:00";0;"";"2017-04-20 10:15:00";1;0;0;0;0;2;1;1;2;1;"verjaardag ,terug rijden naar huis";0;0;0;0;0;0;0;0;0;0;0;0;"2017-04-21 01:00:00";6246;11.5;0;"2017-04-20 13:41:35+02:00";3;-75;-15;-75;-75;0;0;0;1;0;0;6;4;2;6;3;2;4;4;1;4;2;0;0;0;0;8;4;0;30;60;0;4;4;4;"2017-04-18 00:00:00";"2017-04-19 02:00:00";"2017-04-20 01:00:00"
"2017-04-22 10:56:51+02:00";"MJ87";"2017-04-22 00:45:00";1;"Ik was iets later thuis dan verwacht";"2017-04-21 08:30:00";0;0;0;0;1;2;0;1;3;3;"borrel met vrienden, terugrit met metro naar huis";0;0;0;0;2;0;0;2;0;0;0;0;"2017-04-22 00:30:00";8213;0.3;4;"2017-04-21 10:56:51+02:00";4;15;-60;-60;15;0;0;0;0;0;0;6;4;2;6;5;3;7;4;3;2;0;0;0;0;0;8;4;4;60;0;-75;4;4;0;"2017-04-19 02:00:00";"2017-04-20 01:00:00";"2017-04-20 23:45:00"
"2017-04-23 09:51:38+02:00";"MJ87";"2017-04-22 23:45:00";1;"nog even lezen en door sociale media scrollen";"2017-04-22 08:30:00";0;0;0;0;0;2;1;1;1;1;"sporten, douchen, tv kijken, lezen";0;0;0;0;2;0;2;0;2;0;0;0;"2017-04-22 23:30:00";3673;6.8;6;"2017-04-22 09:51:38+02:00";5;15;-45;30;15;0;0;0;0;0;0;6;4;2;6;4;1;5;4;1;0;0;0;0;0;0;10;10;6;0;-75;15;4;0;4;"2017-04-20 01:00:00";"2017-04-20 23:45:00";"2017-04-22 00:45:00"
"2017-04-24 10:53:56+02:00";"MJ87";"2017-04-24 00:00:00";1;"nog even lezen";"2017-04-23 08:15:00";0;0;1;0;1;2;1;1;3;2;"bank hangen, lezen in bed";0;0;0;0;2;0;0;0;2;0;0;0;"2017-04-23 23:30:00";6731;6.8;4;"2017-04-23 10:53:56+02:00";6;30;60;45;30;0;0;0;1;1;1;6;4;2;7;4;3;6;3;2;0;0;0;0;0;0;14;10;4;-75;15;15;0;4;6;"2017-04-20 23:45:00";"2017-04-22 00:45:00";"2017-04-22 23:45:00"
"2017-04-25 12:02:42+02:00";"MJ87";"2017-04-24 23:45:00";1;"ik was nog in gesprek op de app";"2017-04-24 08:30:00";0;0;0;0;0;2;0;1;2;1;"tv kijken, lezen, appen";0;0;0;0;2;0;0;0;0;0;0;0;"2017-04-24 23:30:00";5315;1.9;2;"2017-04-24 12:02:42+02:00";0;15;60;45;15;0;0;0;1;1;0;6;4;2;6;5;2;4;3;1;0;0;0;0;0;0;12;6;2;15;15;30;4;6;4;"2017-04-22 00:45:00";"2017-04-22 23:45:00";"2017-04-24 00:00:00"
"2017-04-26 20:23:18+02:00";"MJ87";"2017-04-26 01:30:00";1;"Was langer gezellig dan verwacht ";"2017-04-25 11:00:00";1;0;0;0;0;2;1;2;2;0;"Serie kijken met vriendin, naar huis rijden";0;2;0;0;0;0;0;0;2;0;0;0;"2017-04-26 00:30:00";3123;7.6;4;"2017-04-25 20:23:18+02:00";1;60;105;75;60;0;0;0;1;0;0;6;4;2;7;4;2;3;1;0;2;2;2;0;0;0;10;6;4;15;30;15;6;4;2;"2017-04-22 23:45:00";"2017-04-24 00:00:00";"2017-04-24 23:45:00"
"2017-04-27 21:27:33+02:00";"MJ87";"2017-04-27 01:00:00";1;"zat nog langer te lezen";"2017-04-26 11:30:00";0;0;1;0;1;2;0;1;2;1;"cafe, naar huis met de bus, lezen";0;1;1;0;2;0;0;2;0;0;0;0;"2017-04-27 01:00:00";3325;8.0;6;"2017-04-26 21:27:33+02:00";2;0;75;60;0;0;0;0;1;1;1;6;4;2;6;4;2;2;1;1;3;3;1;0;0;0;12;10;6;30;15;60;4;2;4;"2017-04-24 00:00:00";"2017-04-24 23:45:00";"2017-04-26 01:30:00"
"2017-04-28 10:02:58+02:00";"MJ87";"2017-04-28 00:30:00";1;"gamen liep uit en lag nog gezellig te kletsen";"2017-04-27 08:00:00";0;0;0;1;1;2;0;2;0;3;"gamen, kletsen";0;2;0;0;2;0;0;2;2;0;0;0;"2017-04-28 00:00:00";3466;7.5;8;"2017-04-27 10:02:58+02:00";3;30;90;30;30;0;0;0;1;1;0;6;4;2;4;2;0;4;4;3;5;3;2;0;0;0;18;14;8;15;60;0;2;4;6;"2017-04-24 23:45:00";"2017-04-26 01:30:00";"2017-04-27 01:00:00"
"2017-04-10 09:37:29+02:00";"PM61";"2017-04-09 23:30:00";0;"";"2017-04-09 07:15:00";2;0;1;0;1;1;1;0;1;2;"Metroreis, wandelen, televisie, gesprekken";0;0;0;0;2;0;0;0;2;0;0;0;"2017-04-10 00:11:00";15943;12.3;4;"2017-04-09 09:37:29+02:00";6;-41;-41;-41;-41;0;0;0;1;1;1;1;1;1;1;1;1;2;2;2;0;0;0;0;0;0;4;4;4;0;0;0;0;0;0;0;0;0
"2017-04-11 15:33:28+02:00";"PM61";"2017-04-10 23:30:00";1;"Ik was later thuis dan ik had gehoopt";"2017-04-10 07:30:00";3;1;0;0;3;1;0;2;2;2;"Bezoek bij schoonouders, autorijden, betalingen afhandelen, douchen";0;0;0;0;0;0;0;2;2;0;0;0;"2017-04-10 23:00:00";4069;6.2;4;"2017-04-10 15:33:28+02:00";0;30;-11;-11;30;1;1;1;1;1;0;2;2;1;3;3;2;4;4;2;0;0;0;0;0;0;8;8;4;0;0;-41;0;0;4;0;0;"2017-04-09 23:30:00"
"2017-04-12 01:51:50+02:00";"PM61";"2017-04-11 23:46:00";1;"Ik was een game aan het uitspelen";"2017-04-11 07:30:00";3;1;2;0;3;0;0;2;1;3;"Gamen, conversatie via telefoon-app";2;0;0;0;0;0;0;2;2;0;0;0;"2017-04-11 23:00:00";2397;10.3;6;"2017-04-11 01:51:50+02:00";1;46;35;76;46;2;2;1;3;2;2;2;1;0;4;3;1;7;5;3;0;0;0;0;0;0;14;10;6;0;-41;30;0;4;4;0;"2017-04-09 23:30:00";"2017-04-10 23:30:00"
"2017-04-13 16:48:23+02:00";"PM61";"2017-04-13 02:00:00";1;"Er kwamen vrienden langs";"2017-04-12 11:00:00";2;0;1;0;0;2;3;1;2;0;"Met vrienden op de bank zitten";0;0;0;0;0;0;0;2;2;0;0;0;"2017-04-13 00:00:00";5646;0.9;4;"2017-04-12 16:48:23+02:00";2;120;196;166;120;2;1;0;3;3;1;3;2;2;5;3;2;5;3;0;0;0;0;0;0;0;14;10;4;-41;30;46;4;4;6;"2017-04-09 23:30:00";"2017-04-10 23:30:00";"2017-04-11 23:46:00"
"2017-04-14 12:49:48+02:00";"PM61";"2017-04-14 00:00:00";0;"";"2017-04-13 07:50:00";1;0;1;0;2;1;1;1;0;3;"Afwassen, gamen";0;0;0;0;0;0;0;2;2;0;0;0;"2017-04-14 01:00:00";5918;6.6;4;"2017-04-13 12:49:48+02:00";3;-60;106;60;-60;1;0;0;4;2;1;3;3;1;3;2;0;6;3;3;0;0;0;0;0;0;14;8;4;30;46;120;4;6;4;"2017-04-10 23:30:00";"2017-04-11 23:46:00";"2017-04-13 02:00:00"
"2017-04-15 13:22:06+02:00";"PM61";"2017-04-15 00:15:00";0;"";"2017-04-14 09:30:00";0;0;1;0;1;2;0;1;0;3;"Gamen";0;0;0;0;0;0;0;0;2;0;0;0;"2017-04-14 23:00:00";5743;4.8;2;"2017-04-14 13:22:06+02:00";4;75;135;15;75;0;0;0;3;2;1;5;3;2;2;0;0;6;6;3;0;0;0;0;0;0;10;6;2;46;120;-60;6;4;4;"2017-04-11 23:46:00";"2017-04-13 02:00:00";"2017-04-14 00:00:00"
"2017-04-16 08:46:16+02:00";"PM61";"2017-04-15 23:45:00";1;"Het was maar een kwarter; maar ik was aan het gamen";"2017-04-15 07:45:00";1;0;0;0;2;2;2;2;1;3;"Gamen";0;0;0;0;0;0;0;2;2;0;0;0;"2017-04-15 23:30:00";5609;4.5;4;"2017-04-15 08:46:16+02:00";5;15;30;90;15;0;0;0;2;1;0;5;4;2;1;1;1;9;6;3;0;0;0;0;0;0;10;6;4;120;-60;75;4;4;2;"2017-04-13 02:00:00";"2017-04-14 00:00:00";"2017-04-15 00:15:00"
"2017-04-17 10:05:28+02:00";"PM61";"2017-04-16 23:30:00";0;"";"2017-04-16 07:30:00";1;0;0;0;0;2;0;2;2;3;"Gamen, Skype, ontspannings-video's kijken";0;0;0;0;0;0;0;0;2;0;0;0;"2017-04-16 23:30:00";2499;2.9;2;"2017-04-16 10:05:28+02:00";6;0;90;15;0;0;0;0;1;0;0;6;4;2;3;3;2;9;6;3;0;0;0;0;0;0;8;6;2;-60;75;15;4;2;4;"2017-04-14 00:00:00";"2017-04-15 00:15:00";"2017-04-15 23:45:00"
"2017-04-18 22:41:26+02:00";"PM61";"2017-04-18 00:30:00";1;"Mijn serie (The OA) was interessanter dan ik van te voren had zien aankomen";"2017-04-17 07:45:00";0;0;0;1;3;1;0;1;1;3;"Serie kijken";0;0;0;0;2;0;0;0;2;0;0;0;"2017-04-18 00:00:00";11129;9.9;4;"2017-04-17 22:41:26+02:00";0;30;45;30;30;0;0;0;0;0;0;5;3;1;4;3;1;9;6;3;0;0;0;0;0;0;10;6;4;75;15;0;2;4;2;"2017-04-15 00:15:00";"2017-04-15 23:45:00";"2017-04-16 23:30:00"
"2017-04-19 13:33:01+02:00";"PM61";"2017-04-19 00:15:00";1;"Ik was aan het gamen met een vriend en dat liep uit";"2017-04-18 07:45:00";3;1;2;0;2;0;0;2;1;3;"Gamen, ontspanningsvideo's kijken";1;1;0;0;0;0;0;1;2;0;0;0;"2017-04-18 23:30:00";7209;10.2;5;"2017-04-18 13:33:01+02:00";1;45;75;75;45;1;1;1;2;2;2;3;1;0;4;2;1;9;6;3;1;1;1;0;0;0;11;9;5;15;0;30;4;2;4;"2017-04-15 23:45:00";"2017-04-16 23:30:00";"2017-04-18 00:30:00"
"2017-04-20 16:15:11+02:00";"PM61";"2017-04-19 23:30:00";0;"";"2017-04-19 07:50:00";1;0;0;0;2;2;0;1;2;3;"Gamen, ontspanningsvideo's kijken";0;0;0;0;0;0;0;0;2;0;0;0;"2017-04-19 23:30:00";8042;7.9;2;"2017-04-19 16:15:11+02:00";2;0;75;45;0;1;1;0;2;2;0;3;2;2;4;3;2;9;6;3;1;1;0;0;0;0;11;7;2;0;30;45;2;4;5;"2017-04-16 23:30:00";"2017-04-18 00:30:00";"2017-04-19 00:15:00"
"2017-04-21 11:25:00+02:00";"PM61";"2017-04-21 01:00:00";0;"";"2017-04-20 21:30:00";3;0;0;0;1;2;1;2;1;1;"Gamen";0;0;0;0;0;0;0;2;2;0;0;0;"2017-04-21 00:30:00";4918;11.5;4;"2017-04-20 11:25:00+02:00";3;30;75;30;30;1;0;0;2;0;0;4;4;2;4;3;1;7;4;1;1;0;0;0;0;0;11;6;4;30;45;0;4;5;2;"2017-04-18 00:30:00";"2017-04-19 00:15:00";"2017-04-19 23:30:00"
"2017-04-22 14:10:20+02:00";"PM61";"2017-04-22 00:00:00";0;"";"2017-04-21 10:00:00";1;0;0;0;0;2;0;0;3;0;"Eten, meerijden in auto, praten";0;0;0;1;0;0;0;0;2;0;0;0;"2017-04-22 01:00:00";10661;0.3;3;"2017-04-21 14:10:20+02:00";4;-60;-30;-30;-60;0;0;0;0;0;0;6;4;2;6;4;3;4;1;0;0;0;0;1;1;1;9;7;3;45;0;30;5;2;4;"2017-04-19 00:15:00";"2017-04-19 23:30:00";"2017-04-21 01:00:00"
"2017-04-23 09:43:26+02:00";"PM61";"2017-04-22 23:30:00";0;"";"2017-04-22 08:00:00";2;1;1;0;2;1;0;2;2;3;"Reizen met metro, reizen met bus, gamen, op YouTube rondhangen";1;1;0;0;2;0;0;1;2;0;0;0;"2017-04-22 23:30:00";4582;6.8;7;"2017-04-22 09:43:26+02:00";5;0;-30;-60;0;1;1;1;1;1;1;5;3;1;6;5;2;4;3;3;1;1;1;1;1;0;14;10;7;0;30;-60;2;4;3;"2017-04-19 23:30:00";"2017-04-21 01:00:00";"2017-04-22 00:00:00"
"2017-04-24 00:02:32+02:00";"PM61";"2017-04-23 23:50:00";1;"Gamen liep uit";"2017-04-23 08:05:00";1;0;0;0;3;0;0;1;1;3;"Naar huis fietsen, gamen";1;0;0;0;0;0;0;2;2;0;0;0;"2017-04-23 23:30:00";3420;6.8;5;"2017-04-23 00:02:32+02:00";6;20;-40;20;20;1;1;0;1;1;0;3;1;0;6;3;1;6;6;3;1;1;0;1;0;0;15;12;5;30;-60;0;4;3;7;"2017-04-21 01:00:00";"2017-04-22 00:00:00";"2017-04-22 23:30:00"
"2017-04-25 15:17:19+02:00";"PM61";"2017-04-25 01:30:00";1;"Het was gezellig op het terras";"2017-04-24 13:00:00";1;0;2;0;0;3;1;0;3;0;"Op terras zitten, fietsen, treinreizen, fietsen";1;1;0;0;0;0;0;2;2;0;0;0;"2017-04-24 23:30:00";3311;1.9;6;"2017-04-24 15:17:19+02:00";0;120;140;140;120;1;0;0;3;2;2;4;3;3;6;4;3;6;3;0;2;1;1;0;0;0;18;11;6;-60;0;20;3;7;5;"2017-04-22 00:00:00";"2017-04-22 23:30:00";"2017-04-23 23:50:00"
"2017-04-26 21:27:41+02:00";"PM61";"2017-04-26 01:00:00";0;"";"2017-04-25 11:30:00";1;0;1;0;1;2;0;3;0;3;"Gamen";0;0;0;0;0;0;0;2;2;0;0;0;"2017-04-26 01:00:00";3619;7.6;4;"2017-04-25 21:27:41+02:00";1;0;140;120;0;0;0;0;3;3;1;5;5;2;4;3;0;6;3;3;1;1;0;0;0;0;15;10;4;0;20;120;7;5;6;"2017-04-22 23:30:00";"2017-04-23 23:50:00";"2017-04-25 01:30:00"
"2017-04-27 00:55:27+02:00";"PM61";"2017-04-27 00:15:00";1;"Gamen en douchen liepen uit";"2017-04-26 07:40:00";1;0;1;0;1;2;1;1;3;3;"Gamen, douchen";1;0;0;0;2;0;0;2;2;0;0;0;"2017-04-27 00:00:00";4158;8.0;7;"2017-04-26 00:55:27+02:00";2;15;135;15;15;0;0;0;4;2;1;7;4;2;6;3;3;6;6;3;1;0;0;0;0;0;17;11;7;20;120;0;5;6;4;"2017-04-23 23:50:00";"2017-04-25 01:30:00";"2017-04-26 01:00:00"
"2017-04-10 13:52:48+02:00";"wh18";"2017-04-09 23:00:00";0;"";"2017-04-09 08:30:00";0;0;1;0;0;3;0;1;3;0;"tv gekeken";0;0;0;0;0;0;0;1;0;0;0;0;"2017-04-10 00:11:00";2653;12.5;1;"2017-04-09 13:52:48+02:00";6;-71;-71;-71;-71;0;0;0;1;1;1;3;3;3;3;3;3;0;0;0;0;0;0;0;0;0;1;1;1;0;0;0;0;0;0;0;0;0
"2017-04-11 08:35:07+02:00";"wh18";"2017-04-11 00:30:00";1;"interessant tv programma over de panda's";"2017-04-10 08:00:00";1;1;1;0;0;2;0;1;2;3;"tv kijken, bellen";0;0;0;0;0;0;0;2;0;0;0;0;"2017-04-10 23:30:00";2267;1.9;2;"2017-04-10 08:35:07+02:00";0;60;-11;-11;60;1;1;1;2;2;1;5;5;2;5;5;2;3;3;3;0;0;0;0;0;0;3;3;2;0;0;-71;0;0;1;0;0;"2017-04-09 23:00:00"
"2017-04-12 08:36:22+02:00";"wh18";"2017-04-11 23:50:00";0;"";"2017-04-11 08:20:00";0;0;1;0;0;2;0;1;2;3;"tv kijken, bridgen op computer, bellen";0;0;0;0;0;0;0;0;0;0;0;0;"2017-04-11 23:30:00";3345;1.6;0;"2017-04-11 08:36:22+02:00";1;20;9;80;20;1;1;0;3;2;1;7;4;2;7;4;2;6;6;3;0;0;0;0;0;0;3;2;0;0;-71;60;0;1;2;0;"2017-04-09 23:00:00";"2017-04-11 00:30:00"
"2017-04-13 09:00:33+02:00";"wh18";"2017-04-12 23:30:00";0;"ging niet later naar bed";"2017-04-12 08:15:00";0;0;2;0;0;2;0;2;3;3;"lang telefoongesprek vriendin, tv kijken";0;0;0;0;0;0;0;0;0;0;0;0;"2017-04-12 23:45:00";3589;0.1;0;"2017-04-12 09:00:33+02:00";2;-15;65;5;-15;1;0;0;4;3;2;6;4;2;7;5;3;9;6;3;0;0;0;0;0;0;2;0;0;-71;60;20;1;2;0;"2017-04-09 23:00:00";"2017-04-11 00:30:00";"2017-04-11 23:50:00"
"2017-04-14 10:09:44+02:00";"wh18";"2017-04-13 23:45:00";0;"niet later";"2017-04-13 09:30:00";2;1;2;0;1;1;0;1;2;0;"vrienden te eten, gezellig";0;0;0;0;0;0;0;2;0;0;0;0;"2017-04-13 23:30:00";4121;6.6;2;"2017-04-13 10:09:44+02:00";3;15;20;0;15;1;1;1;5;4;2;5;3;1;7;5;2;6;3;0;0;0;0;0;0;0;2;2;2;60;20;-15;2;0;0;"2017-04-11 00:30:00";"2017-04-11 23:50:00";"2017-04-12 23:30:00"
"2017-04-15 09:05:26+02:00";"wh18";"2017-04-14 23:45:00";0;"ging niet later";"2017-04-14 08:45:00";0;0;1;0;0;2;0;0;2;3;"tv gekeken ";0;0;0;0;0;0;0;2;0;0;0;0;"2017-04-14 23:30:00";2284;0.6;2;"2017-04-14 09:05:26+02:00";4;15;15;30;15;1;1;0;5;3;1;5;3;2;7;4;2;6;3;3;0;0;0;0;0;0;4;4;2;20;-15;15;0;0;2;"2017-04-11 23:50:00";"2017-04-12 23:30:00";"2017-04-13 23:45:00"
"2017-04-16 10:07:17+02:00";"wh18";"2017-04-15 23:30:00";0;"niet later naar bed gegaan";"2017-04-15 08:15:00";1;0;1;0;0;2;0;1;1;1;"tv gekeken";0;0;0;0;0;0;0;2;0;0;0;0;"2017-04-15 23:30:00";5169;6.8;2;"2017-04-15 10:07:17+02:00";5;0;30;15;0;1;0;0;4;2;1;5;4;2;5;3;1;4;4;1;0;0;0;0;0;0;6;4;2;-15;15;15;0;2;2;"2017-04-12 23:30:00";"2017-04-13 23:45:00";"2017-04-14 23:45:00"
"2017-04-17 09:45:03+02:00";"wh18";"2017-04-17 00:45:00";1;"drukke avond met bridgen";"2017-04-16 09:15:00";2;1;1;0;0;2;1;2;2;1;"bridge, computer, lezen";0;0;0;0;0;0;0;2;0;0;0;0;"2017-04-16 23:45:00";8694;8.6;2;"2017-04-16 09:45:03+02:00";6;60;75;60;60;1;1;1;3;2;1;6;4;2;5;3;2;5;2;1;0;0;0;0;0;0;6;4;2;15;15;0;2;2;2;"2017-04-13 23:45:00";"2017-04-14 23:45:00";"2017-04-15 23:30:00"
"2017-04-18 09:13:42+02:00";"wh18";"2017-04-18 00:15:00";1;"gezellig";"2017-04-17 08:00:00";0;0;1;0;0;2;0;1;2;3;"even langs geweest bij moeder, daarna tv gekeken";0;0;0;0;0;0;0;2;0;0;0;0;"2017-04-17 23:30:00";6612;7.6;2;"2017-04-17 09:13:42+02:00";0;45;105;105;45;1;1;0;3;2;1;6;4;2;5;4;2;5;4;3;0;0;0;0;0;0;6;4;2;15;0;60;2;2;2;"2017-04-14 23:45:00";"2017-04-15 23:30:00";"2017-04-17 00:45:00"
"2017-04-19 08:14:31+02:00";"wh18";"2017-04-18 23:45:00";0;"niet later";"2017-04-18 08:00:00";0;0;1;0;0;2;0;1;3;0;"tv gekeken";0;0;0;0;0;0;0;2;0;0;0;0;"2017-04-18 23:45:00";3074;6.3;2;"2017-04-18 08:14:31+02:00";1;0;105;45;0;1;0;0;3;2;1;6;4;2;7;5;3;4;3;0;0;0;0;0;0;0;6;4;2;0;60;45;2;2;2;"2017-04-15 23:30:00";"2017-04-17 00:45:00";"2017-04-18 00:15:00"
"2017-04-20 08:48:56+02:00";"wh18";"2017-04-19 23:30:00";0;"niet later naar bed";"2017-04-19 08:30:00";0;0;2;0;2;1;1;1;3;1;"verjaardag feestje, daarna tv gekeken";0;0;0;0;0;0;0;2;2;0;0;0;"2017-04-19 23:45:00";10536;5.1;4;"2017-04-19 08:48:56+02:00";2;-15;30;-15;-15;0;0;0;4;3;2;5;3;1;8;6;3;4;1;1;0;0;0;0;0;0;8;6;4;60;45;0;2;2;2;"2017-04-17 00:45:00";"2017-04-18 00:15:00";"2017-04-18 23:45:00"
"2017-04-21 09:11:30+02:00";"wh18";"2017-04-20 23:45:00";0;"niet later";"2017-04-20 08:30:00";0;0;1;0;0;2;0;1;2;0;"tv gekeken";0;0;0;0;0;0;0;2;0;0;0;0;"2017-04-20 23:30:00";2671;9.8;2;"2017-04-20 09:11:30+02:00";3;15;0;0;15;0;0;0;4;3;1;5;3;2;8;5;2;1;1;0;0;0;0;0;0;0;8;6;2;45;0;-15;2;2;4;"2017-04-18 00:15:00";"2017-04-18 23:45:00";"2017-04-19 23:30:00"
"2017-04-22 09:48:41+02:00";"wh18";"2017-04-21 23:45:00";0;"niet later";"2017-04-21 08:15:00";0;0;1;0;0;2;0;2;2;2;"kaarten met vrienden, gezellig";0;0;0;0;0;0;0;2;2;0;0;0;"2017-04-21 23:45:00";2844;1.1;4;"2017-04-21 09:48:41+02:00";4;0;0;15;0;0;0;0;4;2;1;5;4;2;7;4;2;3;2;2;0;0;0;0;0;0;10;6;4;0;-15;15;2;4;2;"2017-04-18 23:45:00";"2017-04-19 23:30:00";"2017-04-20 23:45:00"
"2017-04-23 08:39:35+02:00";"wh18";"2017-04-22 23:45:00";0;"niet later";"2017-04-22 08:15:00";0;0;1;0;0;2;0;2;3;1;"op bezoek geweest bij vrienden";0;0;0;0;0;0;0;2;0;0;0;0;"2017-04-22 23:30:00";2596;6.9;2;"2017-04-22 08:39:35+02:00";5;15;30;15;15;0;0;0;3;2;1;6;4;2;7;5;3;3;3;1;0;0;0;0;0;0;8;6;2;-15;15;0;4;2;4;"2017-04-19 23:30:00";"2017-04-20 23:45:00";"2017-04-21 23:45:00"
"2017-04-24 10:14:27+02:00";"wh18";"2017-04-24 02:00:00";1;"feestje";"2017-04-23 09:00:00";0;0;1;0;0;1;0;2;3;0;"feestje";0;0;0;0;0;0;0;2;0;0;0;0;"2017-04-23 23:45:00";2933;9.7;2;"2017-04-23 10:14:27+02:00";6;135;150;150;135;0;0;0;3;2;1;5;3;1;8;6;3;3;1;0;0;0;0;0;0;0;8;4;2;15;0;15;2;4;2;"2017-04-20 23:45:00";"2017-04-21 23:45:00";"2017-04-22 23:45:00"
"2017-04-25 09:16:09+02:00";"wh18";"2017-04-24 23:45:00";0;"niet later";"2017-04-24 09:00:00";0;0;1;0;0;2;0;0;3;0;"in cafe geweest en nog even tv gekeken";0;0;0;0;0;0;0;2;0;0;0;0;"2017-04-24 23:45:00";3577;2.4;2;"2017-04-24 09:16:09+02:00";0;0;150;135;0;0;0;0;3;2;1;5;3;2;9;6;3;1;0;0;0;0;0;0;0;0;6;4;2;0;15;135;4;2;2;"2017-04-21 23:45:00";"2017-04-22 23:45:00";"2017-04-24 02:00:00"
"2017-04-26 00:46:40+02:00";"wh18";"2017-04-25 23:30:00";0;"niet later";"2017-04-25 08:15:00";0;0;1;0;0;2;0;0;3;0;"bezoek dus druk";0;0;0;0;0;0;0;2;0;0;0;0;"2017-04-25 23:45:00";3945;10.4;2;"2017-04-25 00:46:40+02:00";1;-15;120;-15;-15;0;0;0;3;2;1;5;4;2;9;6;3;0;0;0;0;0;0;0;0;0;6;4;2;15;135;0;2;2;2;"2017-04-22 23:45:00";"2017-04-24 02:00:00";"2017-04-24 23:45:00"
"2017-04-27 14:52:48+02:00";"wh18";"2017-04-26 23:45:00";0;"niet later";"2017-04-26 10:00:00";0;0;1;0;0;2;0;2;3;0;"klaverjassen met vrienden thuis";0;0;0;0;0;0;0;2;0;0;0;0;"2017-04-26 23:45:00";2557;8.1;2;"2017-04-26 14:52:48+02:00";2;0;-15;-15;0;0;0;0;3;2;1;6;4;2;9;6;3;0;0;0;0;0;0;0;0;0;6;4;2;135;0;-15;2;2;2;"2017-04-24 02:00:00";"2017-04-24 23:45:00";"2017-04-25 23:30:00"
"2017-04-28 12:31:21+02:00";"wh18";"2017-04-28 00:15:00";1;"gezellig";"2017-04-27 08:15:00";0;0;1;0;0;2;0;1;2;1;"tv gekeken en gelezen";0;0;0;0;0;0;0;2;0;0;0;0;"2017-04-27 23:30:00";4651;8.1;2;"2017-04-27 12:31:21+02:00";3;45;30;45;45;0;0;0;3;2;1;6;4;2;8;5;2;1;1;1;0;0;0;0;0;0;6;4;2;0;-15;0;2;2;2;"2017-04-24 23:45:00";"2017-04-25 23:30:00";"2017-04-26 23:45:00"
