"questionnaire_timestamp";"id";"bed_time";"late";"late_reason";"wake_time";"sleep_transition";"sleep_struggle";"night_wake";"wake_earlier";"wake_earlier_problem";"sleep_quality";"physical_activity";"mental_digital_activity";"social_activity";"light";"presleep_description";"temptation_smoking";"temptation_eating";"temptation_chat";"temptation_coffee";"temptation_social_media";"temptation_internet";"temptation_tv";"temptation_alcohol";"temptation_soft_drink";"temptation_cleaning";"temptation_shopping";"temptation_other";"bed_time_plan_aligned";"steps";"sun_hours";"temptation_score";"ego_depletion";"date";"day_of_week";"procrastination_minutes";"procrastination_minutes_positive";"procrastination_minutes_positive_15by15";"procrastination_minutes_positive_four_bins";"sleep_transition_minutes_estimated";"sleep_minutes";"procrastination_minutes_four_day_cumulative_history";"procrastination_minutes_three_day_cumulative_history";"procrastination_minutes_two_day_cumulative_history";"sleep_struggle_four_day_cumulative_history";"sleep_struggle_three_day_cumulative_history";"sleep_struggle_two_day_cumulative_history";"night_wake_four_day_cumulative_history";"night_wake_three_day_cumulative_history";"night_wake_two_day_cumulative_history";"sleep_quality_four_day_cumulative_history";"sleep_quality_three_day_cumulative_history";"sleep_quality_two_day_cumulative_history";"social_activity_four_day_cumulative_history";"social_activity_three_day_cumulative_history";"social_activity_two_day_cumulative_history";"light_four_day_cumulative_history";"light_three_day_cumulative_history";"light_two_day_cumulative_history";"temptation_eating_four_day_cumulative_history";"temptation_eating_three_day_cumulative_history";"temptation_eating_two_day_cumulative_history";"temptation_coffee_four_day_cumulative_history";"temptation_coffee_three_day_cumulative_history";"temptation_coffee_two_day_cumulative_history";"temptation_score_four_day_cumulative_history";"temptation_score_three_day_cumulative_history";"temptation_score_two_day_cumulative_history";"procrastination_minutes_three_days_ago";"procrastination_minutes_two_days_ago";"procrastination_minutes_one_days_ago";"temptation_score_three_days_ago";"temptation_score_two_days_ago";"temptation_score_one_days_ago";"bed_time_three_days_ago";"bed_time_two_days_ago";"bed_time_one_days_ago";"sleep_deficit_change";"sleep_deficit_minutes"
"2017-04-10 09:57:26+02:00";"AB64";"2017-04-10 02:00:00";1.0;"We zijn vanuit het noorden van het land teruggereden naar huis na een theatervoorstelling";"2017-04-09 09:30:00";0.0;0.0;0.0;0.0;0.0;2.0;1.0;1.0;2.0;1.0;"Theaterbezoek, autorit (bijrijder)";0.0;0.0;2.0;0.0;2.0;2.0;0.0;0.0;0.0;0.0;0.0;0.0;NaT;5845.0;12.3;6.0;0.0;"2017-04-09 09:57:26+02:00";6.0;nan;nan;nan;nan;"0:15:00";435.0;0.0;0.0;0.0;0.0;0.0;0.0;0.0;0.0;0.0;2.0;2.0;2.0;2.0;2.0;2.0;1.0;1.0;1.0;0.0;0.0;0.0;0.0;0.0;0.0;6.0;6.0;6.0;nan;nan;nan;nan;nan;nan;nan;nan;nan;45.0;45.0
"2017-04-11 23:25:39+02:00";"AB64";"2017-04-10 23:45:00";1.0;"";"2017-04-10 07:00:00";0.0;0.0;4.0;0.0;0.0;2.0;1.0;1.0;2.0;3.0;"Tv kijken";0.0;0.0;0.0;0.0;2.0;2.0;0.0;2.0;0.0;0.0;0.0;0.0;"2017-04-10 23:00:00";7649.0;8.8;6.0;0.0;"2017-04-10 23:25:39+02:00";0.0;45.0;45.0;3.0;2.0;"0:15:00";420.0;45.0;45.0;45.0;0.0;0.0;0.0;4.0;4.0;4.0;4.0;4.0;4.0;4.0;4.0;4.0;4.0;4.0;4.0;0.0;0.0;0.0;0.0;0.0;0.0;12.0;12.0;12.0;nan;nan;nan;nan;nan;6.0;nan;nan;"2017-04-10 02:00:00";60.0;105.0
"2017-04-12 07:42:47+02:00";"AB64";"2017-04-11 23:55:00";1.0;"Man kwam thuis en daar wilde ik nog even mee praten";"2017-04-11 07:00:00";0.0;0.0;2.0;0.0;0.0;1.0;0.0;0.0;3.0;3.0;"Poging om Netflix te kijken maar was te moe, praten met huisgenoten, ";0.0;0.0;0.0;0.0;0.0;0.0;0.0;2.0;0.0;0.0;0.0;0.0;"2017-04-11 23:30:00";5012.0;10.7;2.0;0.0;"2017-04-11 07:42:47+02:00";1.0;25.0;25.0;1.0;1.0;"0:15:00";410.0;70.0;70.0;70.0;0.0;0.0;0.0;6.0;6.0;6.0;5.0;5.0;3.0;7.0;7.0;5.0;7.0;7.0;6.0;0.0;0.0;0.0;0.0;0.0;0.0;14.0;14.0;8.0;nan;nan;45.0;nan;6.0;6.0;nan;"2017-04-10 02:00:00";"2017-04-10 23:45:00";70.0;175.0
"2017-04-13 08:26:21+02:00";"AB64";"2017-04-13 00:30:00";1.0;"Tot laat doorgewerkt.";"2017-04-12 07:00:00";0.0;0.0;2.0;0.0;0.0;2.0;0.0;3.0;1.0;3.0;"Gewerkt, achter de pc";0.0;0.0;0.0;0.0;0.0;0.0;1.0;1.0;0.0;0.0;0.0;0.0;"2017-04-12 23:00:00";2467.0;1.3;2.0;2.0;"2017-04-12 08:26:21+02:00";2.0;90.0;90.0;6.0;3.0;"0:15:00";375.0;160.0;160.0;115.0;0.0;0.0;0.0;8.0;8.0;4.0;7.0;5.0;3.0;8.0;6.0;4.0;10.0;9.0;6.0;0.0;0.0;0.0;0.0;0.0;0.0;16.0;10.0;4.0;nan;45.0;25.0;6.0;6.0;2.0;"2017-04-10 02:00:00";"2017-04-10 23:45:00";"2017-04-11 23:55:00";105.0;280.0
"2017-04-14 13:10:28+02:00";"AB64";"2017-04-14 00:00:00";0.0;"nvt";"2017-04-13 09:00:00";0.0;0.0;2.0;0.0;1.0;2.0;0.0;1.0;2.0;3.0;"tv gekeken, ipad";0.0;0.0;0.0;0.0;2.0;0.0;0.0;0.0;0.0;0.0;0.0;0.0;"2017-04-13 23:30:00";2114.0;7.2;2.0;0.0;"2017-04-13 13:10:28+02:00";3.0;30.0;30.0;2.0;1.0;"0:15:00";525.0;190.0;145.0;120.0;0.0;0.0;0.0;10.0;6.0;4.0;7.0;5.0;4.0;8.0;6.0;3.0;12.0;9.0;6.0;0.0;0.0;0.0;0.0;0.0;0.0;12.0;6.0;4.0;45.0;25.0;90.0;6.0;2.0;2.0;"2017-04-10 23:45:00";"2017-04-11 23:55:00";"2017-04-13 00:30:00";-45.0;190.0
"2017-04-15 17:04:43+02:00";"AB64";"2017-04-15 01:00:00";1.0;"Nog even gezellig napraten, en in eens was het 1 uur.";"2017-04-14 07:00:00";0.0;0.0;2.0;0.0;1.0;2.0;0.0;2.0;2.0;3.0;"Ipad, tv-serie kijken, gezellig kletsen";0.0;0.0;0.0;0.0;2.0;2.0;0.0;0.0;0.0;0.0;0.0;0.0;"2017-04-14 23:00:00";2943.0;4.4;4.0;0.0;"2017-04-14 17:04:43+02:00";4.0;120.0;120.0;8.0;3.0;"0:15:00";345.0;265.0;240.0;150.0;0.0;0.0;0.0;8.0;6.0;4.0;7.0;6.0;4.0;8.0;5.0;4.0;12.0;9.0;6.0;0.0;0.0;0.0;0.0;0.0;0.0;10.0;8.0;6.0;25.0;90.0;30.0;2.0;2.0;2.0;"2017-04-11 23:55:00";"2017-04-13 00:30:00";"2017-04-14 00:00:00";135.0;265.0
"2017-04-16 08:16:39+02:00";"AB64";"2017-04-15 23:30:00";0.0;"Nvt";"2017-04-15 07:00:00";0.0;0.0;2.0;1.0;0.0;2.0;0.0;1.0;2.0;2.0;"Even rustig zitten samen, de dag doorpraten.";0.0;0.0;0.0;0.0;0.0;2.0;0.0;0.0;0.0;0.0;0.0;0.0;"2017-04-15 23:00:00";2288.0;5.8;2.0;0.0;"2017-04-15 08:16:39+02:00";5.0;30.0;30.0;2.0;1.0;"0:15:00";435.0;270.0;180.0;150.0;0.0;0.0;0.0;8.0;6.0;4.0;8.0;6.0;4.0;7.0;6.0;4.0;11.0;8.0;5.0;0.0;0.0;0.0;0.0;0.0;0.0;10.0;8.0;6.0;90.0;30.0;120.0;2.0;2.0;4.0;"2017-04-13 00:30:00";"2017-04-14 00:00:00";"2017-04-15 01:00:00";45.0;240.0
"2017-04-17 08:11:53+02:00";"AB64";"2017-04-16 23:30:00";0.0;"Nvt";"2017-04-16 07:00:00";0.0;0.0;1.0;0.0;0.0;2.0;0.0;1.0;1.0;2.0;"Televisie gekeken, boek gelezen, op de bank gezetten, was doen.";0.0;0.0;0.0;0.0;2.0;0.0;2.0;0.0;0.0;0.0;0.0;0.0;"2017-04-16 23:00:00";3015.0;5.3;4.0;0.0;"2017-04-16 08:11:53+02:00";6.0;30.0;30.0;2.0;1.0;"0:15:00";435.0;210.0;180.0;60.0;0.0;0.0;0.0;7.0;5.0;3.0;8.0;6.0;4.0;7.0;5.0;3.0;10.0;7.0;4.0;0.0;0.0;0.0;0.0;0.0;0.0;12.0;10.0;6.0;30.0;120.0;30.0;2.0;4.0;2.0;"2017-04-14 00:00:00";"2017-04-15 01:00:00";"2017-04-15 23:30:00";45.0;180.0
"2017-04-18 08:41:36+02:00";"AB64";"2017-04-18 00:30:00";1.0;"Geen bijzondere reden. ";"2017-04-17 08:00:00";0.0;0.0;2.0;1.0;1.0;2.0;0.0;1.0;2.0;2.0;"Televisie kijken, lezen, ipad, gesprek voeren";0.0;2.0;0.0;0.0;0.0;0.0;0.0;2.0;0.0;0.0;0.0;0.0;"2017-04-17 23:30:00";3866.0;9.4;4.0;0.0;"2017-04-17 08:41:36+02:00";0.0;60.0;60.0;4.0;2.0;"0:15:00";435.0;240.0;120.0;90.0;0.0;0.0;0.0;7.0;5.0;3.0;8.0;6.0;4.0;7.0;5.0;3.0;9.0;6.0;4.0;2.0;2.0;2.0;0.0;0.0;0.0;14.0;10.0;8.0;120.0;30.0;30.0;4.0;2.0;4.0;"2017-04-15 01:00:00";"2017-04-15 23:30:00";"2017-04-16 23:30:00";45.0;270.0
"2017-04-19 17:17:55+02:00";"AB64";"2017-04-19 01:00:00";1.0;"Ik ben naar een verjaardag geweest.";"2017-04-18 07:00:00";0.0;0.0;1.0;1.0;0.0;2.0;0.0;2.0;1.0;0.0;"Verjaardag: kletsen met allerlei mensen, 10 minuten buiten lopen, lezen";0.0;0.0;0.0;0.0;0.0;0.0;0.0;1.0;0.0;0.0;0.0;0.0;"2017-04-19 00:00:00";4312.0;9.0;1.0;1.0;"2017-04-18 17:17:55+02:00";1.0;60.0;60.0;4.0;2.0;"0:15:00";345.0;180.0;150.0;120.0;0.0;0.0;0.0;6.0;4.0;3.0;8.0;6.0;4.0;6.0;4.0;3.0;6.0;4.0;2.0;2.0;2.0;2.0;0.0;0.0;0.0;11.0;9.0;5.0;30.0;30.0;60.0;2.0;4.0;4.0;"2017-04-15 23:30:00";"2017-04-16 23:30:00";"2017-04-18 00:30:00";135.0;270.0
"2017-04-20 17:18:27+02:00";"AB64";"2017-04-20 00:30:00";1.0;"Geen bijzondere reden. ";"2017-04-19 08:00:00";0.0;0.0;2.0;1.0;1.0;2.0;0.0;1.0;2.0;2.0;"Televisie kijken, lezen, ipad, gesprek voeren";0.0;2.0;0.0;0.0;0.0;0.0;0.0;2.0;0.0;0.0;0.0;0.0;"2017-04-19 23:00:00";2987.0;6.3;4.0;0.0;"2017-04-19 17:18:27+02:00";2.0;90.0;90.0;6.0;3.0;"0:15:00";435.0;240.0;210.0;150.0;0.0;0.0;0.0;6.0;5.0;3.0;8.0;6.0;4.0;6.0;5.0;3.0;6.0;4.0;2.0;4.0;4.0;2.0;0.0;0.0;0.0;13.0;9.0;5.0;30.0;60.0;60.0;4.0;4.0;1.0;"2017-04-16 23:30:00";"2017-04-18 00:30:00";"2017-04-19 01:00:00";45.0;270.0
"2017-04-21 07:31:53+02:00";"AB64";"2017-04-20 22:30:00";0.0;"N.v.t.";"2017-04-20 07:00:00";0.0;0.0;1.0;0.0;0.0;2.0;0.0;0.0;1.0;3.0;"Serie kijken, lezen in bed";0.0;0.0;0.0;0.0;0.0;0.0;0.0;0.0;0.0;0.0;0.0;0.0;"2017-04-21 00:00:00";2231.0;12.5;0.0;0.0;"2017-04-20 07:31:53+02:00";3.0;-90.0;0.0;0.0;0.0;"0:15:00";495.0;120.0;60.0;0.0;0.0;0.0;0.0;6.0;4.0;3.0;8.0;6.0;4.0;6.0;4.0;3.0;7.0;5.0;5.0;4.0;2.0;2.0;0.0;0.0;0.0;9.0;5.0;4.0;60.0;60.0;90.0;4.0;1.0;4.0;"2017-04-18 00:30:00";"2017-04-19 01:00:00";"2017-04-20 00:30:00";-15.0;210.0
"2017-04-22 07:25:50+02:00";"AB64";"2017-04-22 00:00:00";1.0;"Geen specifieke reden, soms loopt het gewoon zo en dan is het later dan je dacht.";"2017-04-21 07:00:00";0.0;0.0;2.0;0.0;0.0;2.0;0.0;3.0;3.0;3.0;"Tv kijken, lezen, praten met huisgenoten";0.0;2.0;0.0;0.0;0.0;0.0;0.0;2.0;0.0;0.0;0.0;0.0;"2017-04-21 23:00:00";2177.0;0.7;4.0;0.0;"2017-04-21 07:25:50+02:00";4.0;60.0;60.0;4.0;2.0;"0:15:00";405.0;120.0;60.0;-30.0;0.0;0.0;0.0;6.0;5.0;3.0;8.0;6.0;4.0;7.0;6.0;4.0;8.0;8.0;6.0;4.0;4.0;2.0;0.0;0.0;0.0;9.0;8.0;4.0;60.0;90.0;-90.0;1.0;4.0;0.0;"2017-04-19 01:00:00";"2017-04-20 00:30:00";"2017-04-20 22:30:00";75.0;240.0
"2017-04-23 21:04:02+02:00";"AB64";"2017-04-22 23:50:00";1.0;"In slaap gevallen voor tv";"2017-04-22 07:00:00";0.0;0.0;2.0;1.0;0.0;2.0;0.0;1.0;2.0;3.0;"Tv kijken, praten met de kinderen";0.0;0.0;0.0;0.0;2.0;2.0;0.0;2.0;0.0;0.0;1.0;0.0;"2017-04-23 00:00:00";5604.0;6.3;7.0;1.0;"2017-04-22 21:04:02+02:00";5.0;-10.0;0.0;0.0;0.0;"0:15:00";415.0;50.0;-40.0;50.0;0.0;0.0;0.0;7.0;5.0;4.0;8.0;6.0;4.0;8.0;6.0;5.0;11.0;9.0;6.0;4.0;2.0;2.0;0.0;0.0;0.0;15.0;11.0;11.0;90.0;-90.0;60.0;4.0;0.0;4.0;"2017-04-20 00:30:00";"2017-04-20 22:30:00";"2017-04-22 00:00:00";65.0;170.0
"2017-04-10 20:43:22+02:00";"EM11";"2017-04-09 21:30:00";0.0;"";"2017-04-09 06:20:00";0.0;0.0;1.0;0.0;0.0;3.0;1.0;0.0;2.0;0.0;"Eten, opruimen, badkamer, massage";0.0;0.0;0.0;0.0;0.0;0.0;0.0;2.0;0.0;0.0;0.0;0.0;NaT;6897.0;12.3;2.0;0.0;"2017-04-09 20:43:22+02:00";6.0;nan;nan;nan;nan;"0:15:00";515.0;0.0;0.0;0.0;0.0;0.0;0.0;1.0;1.0;1.0;3.0;3.0;3.0;2.0;2.0;2.0;0.0;0.0;0.0;0.0;0.0;0.0;0.0;0.0;0.0;2.0;2.0;2.0;nan;nan;nan;nan;nan;nan;nan;nan;nan;-35.0;0.0
"2017-04-11 20:21:13+02:00";"EM11";"2017-04-10 22:15:00";1.0;"Bad gevolgd bij een heerlijke vrij partij;)";"2017-04-10 06:30:00";0.0;0.0;2.0;0.0;0.0;1.0;1.0;1.0;1.0;1.0;"Eten, computer, bad, seks";0.0;0.0;0.0;0.0;0.0;0.0;0.0;0.0;0.0;0.0;0.0;0.0;"2017-04-10 21:30:00";8722.0;5.3;0.0;0.0;"2017-04-10 20:21:13+02:00";0.0;45.0;45.0;3.0;2.0;"0:15:00";480.0;45.0;45.0;45.0;0.0;0.0;0.0;3.0;3.0;3.0;4.0;4.0;4.0;3.0;3.0;3.0;1.0;1.0;1.0;0.0;0.0;0.0;0.0;0.0;0.0;2.0;2.0;2.0;nan;nan;nan;nan;nan;2.0;nan;nan;"2017-04-09 21:30:00";0.0;0.0
"2017-04-12 19:14:51+02:00";"EM11";"2017-04-11 21:40:00";0.0;"";"2017-04-11 07:00:00";0.0;0.0;2.0;0.0;1.0;2.0;0.0;0.0;3.0;2.0;"Eten, huishouden, film";0.0;0.0;0.0;0.0;0.0;0.0;0.0;0.0;0.0;0.0;0.0;0.0;"2017-04-11 21:30:00";3389.0;8.6;0.0;0.0;"2017-04-11 19:14:51+02:00";1.0;10.0;10.0;0.0;0.0;"0:15:00";545.0;55.0;55.0;55.0;0.0;0.0;0.0;5.0;5.0;4.0;6.0;6.0;3.0;6.0;6.0;4.0;3.0;3.0;3.0;0.0;0.0;0.0;0.0;0.0;0.0;2.0;2.0;0.0;nan;nan;45.0;nan;2.0;0.0;nan;"2017-04-09 21:30:00";"2017-04-10 22:15:00";-65.0;0.0
"2017-04-13 09:32:23+02:00";"EM11";"2017-04-12 21:15:00";0.0;"";"2017-04-12 05:50:00";0.0;0.0;1.0;0.0;0.0;3.0;0.0;1.0;3.0;0.0;"Koken, opruimen, lezen";0.0;0.0;0.0;0.0;0.0;0.0;0.0;0.0;0.0;0.0;0.0;2.0;"2017-04-12 21:00:00";2905.0;0.9;2.0;0.0;"2017-04-12 09:32:23+02:00";2.0;15.0;15.0;1.0;1.0;"0:15:00";500.0;70.0;70.0;25.0;0.0;0.0;0.0;6.0;5.0;3.0;9.0;6.0;5.0;9.0;7.0;6.0;3.0;3.0;2.0;0.0;0.0;0.0;0.0;0.0;0.0;4.0;2.0;2.0;nan;45.0;10.0;2.0;0.0;0.0;"2017-04-09 21:30:00";"2017-04-10 22:15:00";"2017-04-11 21:40:00";-20.0;0.0
"2017-04-14 17:40:51+02:00";"EM11";"2017-04-13 22:00:00";0.0;"";"2017-04-13 06:45:00";0.0;0.0;1.0;0.0;0.0;3.0;0.0;0.0;1.0;3.0;"Lezen, eten, opruimen, film kijken";0.0;0.0;0.0;0.0;0.0;0.0;0.0;0.0;0.0;0.0;0.0;0.0;"2017-04-13 22:00:00";3487.0;7.7;0.0;0.0;"2017-04-13 17:40:51+02:00";3.0;0.0;0.0;0.0;0.0;"0:15:00";510.0;70.0;25.0;15.0;0.0;0.0;0.0;6.0;4.0;2.0;9.0;8.0;6.0;8.0;7.0;4.0;6.0;5.0;3.0;0.0;0.0;0.0;0.0;0.0;0.0;2.0;2.0;2.0;45.0;10.0;15.0;0.0;0.0;2.0;"2017-04-10 22:15:00";"2017-04-11 21:40:00";"2017-04-12 21:15:00";-30.0;0.0
"2017-04-15 07:13:30+02:00";"EM11";"2017-04-14 23:15:00";1.0;"Avond met vrienden liep uit";"2017-04-14 06:10:00";0.0;0.0;1.0;1.0;0.0;2.0;1.0;2.0;2.0;3.0;"Praten met vrienden, fietsen, eten, opruimen, vrijen";0.0;0.0;0.0;0.0;0.0;0.0;0.0;0.0;0.0;0.0;0.0;0.0;"2017-04-14 21:30:00";5633.0;2.4;0.0;0.0;"2017-04-14 07:13:30+02:00";4.0;105.0;105.0;7.0;3.0;"0:15:00";400.0;130.0;120.0;105.0;0.0;0.0;0.0;5.0;3.0;2.0;10.0;8.0;5.0;9.0;6.0;3.0;8.0;6.0;6.0;0.0;0.0;0.0;0.0;0.0;0.0;2.0;2.0;0.0;10.0;15.0;0.0;0.0;2.0;0.0;"2017-04-11 21:40:00";"2017-04-12 21:15:00";"2017-04-13 22:00:00";80.0;80.0
"2017-04-16 07:00:48+02:00";"EM11";"2017-04-15 21:15:00";0.0;"";"2017-04-15 06:15:00";0.0;0.0;2.0;1.0;2.0;1.0;1.0;1.0;2.0;0.0;"Koken, eten, wandelen, lezen";0.0;0.0;0.0;0.0;0.0;0.0;0.0;0.0;0.0;0.0;0.0;0.0;"2017-04-15 21:00:00";8149.0;4.7;0.0;0.0;"2017-04-15 07:00:48+02:00";5.0;15.0;15.0;1.0;1.0;"0:15:00";525.0;135.0;120.0;120.0;0.0;0.0;0.0;5.0;4.0;3.0;9.0;6.0;3.0;8.0;5.0;4.0;6.0;6.0;3.0;0.0;0.0;0.0;0.0;0.0;0.0;2.0;0.0;0.0;15.0;0.0;105.0;2.0;0.0;0.0;"2017-04-12 21:15:00";"2017-04-13 22:00:00";"2017-04-14 23:15:00";-45.0;35.0
"2017-04-17 07:18:49+02:00";"EM11";"2017-04-16 22:00:00";0.0;"";"2017-04-16 06:30:00";0.0;0.0;0.0;1.0;1.0;2.0;0.0;0.0;3.0;0.0;"Zakelijke gesprekken, eten, sociaal";0.0;0.0;0.0;0.0;0.0;0.0;0.0;0.0;0.0;0.0;0.0;0.0;"2017-04-16 21:00:00";7739.0;3.4;0.0;0.0;"2017-04-16 07:18:49+02:00";6.0;60.0;60.0;4.0;2.0;"0:15:00";495.0;180.0;180.0;75.0;0.0;0.0;0.0;4.0;3.0;2.0;8.0;5.0;3.0;8.0;7.0;5.0;6.0;3.0;0.0;0.0;0.0;0.0;0.0;0.0;0.0;0.0;0.0;0.0;0.0;105.0;15.0;0.0;0.0;0.0;"2017-04-13 22:00:00";"2017-04-14 23:15:00";"2017-04-15 21:15:00";-15.0;0.0
"2017-04-18 07:05:45+02:00";"EM11";"2017-04-17 22:15:00";1.0;"Vrijen;)";"2017-04-17 06:10:00";0.0;0.0;1.0;1.0;1.0;2.0;1.0;1.0;1.0;1.0;"Koken, opruimen, lezen, praten, vrijen";0.0;0.0;0.0;0.0;0.0;0.0;0.0;0.0;0.0;0.0;0.0;0.0;"2017-04-17 21:30:00";6492.0;7.4;0.0;0.0;"2017-04-17 07:05:45+02:00";0.0;45.0;45.0;3.0;2.0;"0:15:00";460.0;225.0;120.0;105.0;0.0;0.0;0.0;4.0;3.0;1.0;7.0;5.0;4.0;8.0;6.0;4.0;4.0;1.0;1.0;0.0;0.0;0.0;0.0;0.0;0.0;0.0;0.0;0.0;105.0;15.0;60.0;0.0;0.0;0.0;"2017-04-14 23:15:00";"2017-04-15 21:15:00";"2017-04-16 22:00:00";20.0;40.0
"2017-04-19 13:50:06+02:00";"EM11";"2017-04-18 22:00:00";1.0;"Bad";"2017-04-18 06:30:00";0.0;1.0;0.0;0.0;0.0;3.0;1.0;0.0;2.0;1.0;"Eten, opruimen, wandelen, tandarts, bad";0.0;0.0;0.0;0.0;0.0;0.0;0.0;0.0;0.0;0.0;0.0;0.0;"2017-04-18 21:30:00";8606.0;9.2;0.0;0.0;"2017-04-18 13:50:06+02:00";1.0;30.0;30.0;2.0;1.0;"0:15:00";495.0;150.0;135.0;75.0;1.0;1.0;1.0;3.0;1.0;1.0;8.0;7.0;5.0;8.0;6.0;3.0;2.0;2.0;2.0;0.0;0.0;0.0;0.0;0.0;0.0;0.0;0.0;0.0;15.0;60.0;45.0;0.0;0.0;0.0;"2017-04-15 21:15:00";"2017-04-16 22:00:00";"2017-04-17 22:15:00";-15.0;5.0
"2017-04-20 11:08:22+02:00";"EM11";"2017-04-19 21:30:00";0.0;"";"2017-04-19 06:10:00";0.0;0.0;0.0;0.0;0.0;3.0;0.0;1.0;1.0;0.0;"Sociaal, winkelen, eten, huishouden, lezen";0.0;0.0;0.0;0.0;0.0;0.0;0.0;0.0;0.0;0.0;0.0;0.0;"2017-04-19 21:30:00";2544.0;7.1;0.0;0.0;"2017-04-19 11:08:22+02:00";2.0;0.0;0.0;0.0;0.0;"0:15:00";505.0;135.0;75.0;30.0;1.0;1.0;1.0;1.0;1.0;0.0;10.0;8.0;6.0;7.0;4.0;3.0;2.0;2.0;1.0;0.0;0.0;0.0;0.0;0.0;0.0;0.0;0.0;0.0;60.0;45.0;30.0;0.0;0.0;0.0;"2017-04-16 22:00:00";"2017-04-17 22:15:00";"2017-04-18 22:00:00";-25.0;0.0
"2017-04-21 07:59:14+02:00";"EM11";"2017-04-21 01:00:00";1.0;"Soul party";"2017-04-20 07:00:00";0.0;0.0;1.0;1.0;3.0;1.0;2.0;0.0;1.0;3.0;"Dansen, drinken, fietsen";0.0;0.0;0.0;0.0;0.0;0.0;0.0;2.0;0.0;0.0;0.0;0.0;"2017-04-20 23:00:00";20491.0;12.3;2.0;0.0;"2017-04-20 07:59:14+02:00";3.0;120.0;120.0;8.0;3.0;"0:15:00";345.0;195.0;150.0;120.0;1.0;1.0;0.0;2.0;1.0;1.0;9.0;7.0;4.0;5.0;4.0;2.0;5.0;4.0;3.0;0.0;0.0;0.0;0.0;0.0;0.0;2.0;2.0;2.0;45.0;30.0;0.0;0.0;0.0;0.0;"2017-04-17 22:15:00";"2017-04-18 22:00:00";"2017-04-19 21:30:00";135.0;135.0
"2017-04-22 13:19:46+02:00";"EM11";"2017-04-21 21:15:00";1.0;"Vakantie planning";"2017-04-21 06:20:00";1.0;1.0;2.0;1.0;3.0;0.0;1.0;2.0;2.0;1.0;"Wandelen, eten, huishouden, computer";0.0;0.0;0.0;0.0;0.0;0.0;0.0;0.0;0.0;0.0;0.0;0.0;"2017-04-21 21:00:00";8714.0;0.4;0.0;0.0;"2017-04-21 13:19:46+02:00";4.0;15.0;15.0;1.0;1.0;"0:30:00";515.0;165.0;135.0;135.0;2.0;1.0;1.0;3.0;3.0;3.0;7.0;4.0;1.0;6.0;4.0;3.0;5.0;4.0;4.0;0.0;0.0;0.0;0.0;0.0;0.0;2.0;2.0;2.0;30.0;0.0;120.0;0.0;0.0;2.0;"2017-04-18 22:00:00";"2017-04-19 21:30:00";"2017-04-21 01:00:00";-35.0;100.0
"2017-04-23 11:56:03+02:00";"EM11";"2017-04-22 21:15:00";1.0;"Voorbereiding vakantie";"2017-04-22 06:00:00";0.0;0.0;0.0;0.0;0.0;3.0;2.0;1.0;2.0;1.0;"Eten, huishouden, wandelen, computer, vakantie voorbereidingen";0.0;0.0;0.0;0.0;0.0;0.0;0.0;0.0;0.0;0.0;0.0;0.0;"2017-04-22 21:00:00";15697.0;7.8;0.0;0.0;"2017-04-22 11:56:03+02:00";5.0;15.0;15.0;1.0;1.0;"0:15:00";510.0;150.0;150.0;30.0;1.0;1.0;1.0;3.0;3.0;2.0;7.0;4.0;3.0;6.0;5.0;4.0;5.0;5.0;2.0;0.0;0.0;0.0;0.0;0.0;0.0;2.0;2.0;0.0;0.0;120.0;15.0;0.0;2.0;0.0;"2017-04-19 21:30:00";"2017-04-21 01:00:00";"2017-04-21 21:15:00";-30.0;45.0
"2017-04-24 11:09:48+02:00";"EM11";"2017-04-23 23:00:00";1.0;"vrijen:) de laatste keer voor we het klooster in gaan:(";"2017-04-23 07:00:00";0.0;0.0;0.0;0.0;0.0;3.0;1.0;0.0;3.0;0.0;"Wandelen, bad, seks";0.0;0.0;0.0;0.0;0.0;0.0;0.0;0.0;0.0;0.0;0.0;0.0;"2017-04-23 22:00:00";6879.0;5.5;0.0;0.0;"2017-04-23 11:09:48+02:00";6.0;60.0;60.0;4.0;2.0;"0:15:00";465.0;210.0;90.0;75.0;1.0;1.0;0.0;3.0;2.0;0.0;7.0;6.0;6.0;8.0;7.0;5.0;5.0;2.0;1.0;0.0;0.0;0.0;0.0;0.0;0.0;2.0;0.0;0.0;120.0;15.0;15.0;2.0;0.0;0.0;"2017-04-21 01:00:00";"2017-04-21 21:15:00";"2017-04-22 21:15:00";15.0;85.0
"2017-04-10 21:53:22+02:00";"FT12";"2017-04-09 23:15:00";0.0;"";"2017-04-09 07:30:00";1.0;0.0;0.0;0.0;0.0;2.0;0.0;0.0;2.0;2.0;"wandelen, bad, TV";0.0;0.0;0.0;0.0;0.0;0.0;0.0;0.0;0.0;0.0;0.0;0.0;NaT;4309.0;12.3;0.0;0.0;"2017-04-09 21:53:22+02:00";6.0;nan;nan;nan;nan;"0:30:00";465.0;0.0;0.0;0.0;0.0;0.0;0.0;0.0;0.0;0.0;2.0;2.0;2.0;2.0;2.0;2.0;2.0;2.0;2.0;0.0;0.0;0.0;0.0;0.0;0.0;0.0;0.0;0.0;nan;nan;nan;nan;nan;nan;nan;nan;nan;15.0;15.0
"2017-04-11 21:58:21+02:00";"FT12";"2017-04-10 22:00:00";0.0;"";"2017-04-10 07:30:00";0.0;0.0;1.0;1.0;1.0;1.0;3.0;0.0;2.0;0.0;"bad, massage, sex";0.0;0.0;0.0;0.0;0.0;0.0;0.0;0.0;0.0;0.0;0.0;0.0;"2017-04-11 00:00:00";19412.0;5.3;0.0;0.0;"2017-04-10 21:58:21+02:00";0.0;-120.0;0.0;0.0;0.0;"0:15:00";555.0;-120.0;-120.0;-120.0;0.0;0.0;0.0;1.0;1.0;1.0;3.0;3.0;3.0;4.0;4.0;4.0;2.0;2.0;2.0;0.0;0.0;0.0;0.0;0.0;0.0;0.0;0.0;0.0;nan;nan;nan;nan;nan;0.0;nan;nan;"2017-04-09 23:15:00";-75.0;0.0
"2017-04-12 17:22:12+02:00";"FT12";"2017-04-11 22:15:00";0.0;"";"2017-04-11 07:30:00";1.0;0.0;1.0;1.0;2.0;1.0;0.0;0.0;2.0;3.0;"eten, film kijken, ebook lezen";0.0;0.0;0.0;0.0;0.0;0.0;0.0;0.0;0.0;0.0;0.0;0.0;"2017-04-11 23:00:00";1785.0;8.6;0.0;0.0;"2017-04-11 17:22:12+02:00";1.0;-45.0;0.0;0.0;0.0;"0:30:00";525.0;-165.0;-165.0;-165.0;0.0;0.0;0.0;2.0;2.0;2.0;4.0;4.0;2.0;6.0;6.0;4.0;5.0;5.0;3.0;0.0;0.0;0.0;0.0;0.0;0.0;0.0;0.0;0.0;nan;nan;-120.0;nan;0.0;0.0;nan;"2017-04-09 23:15:00";"2017-04-10 22:00:00";-45.0;0.0
"2017-04-13 07:40:53+02:00";"FT12";"2017-04-12 22:15:00";0.0;"";"2017-04-12 07:15:00";2.0;0.0;1.0;0.0;0.0;3.0;2.0;2.0;1.0;0.0;"eten, fietsen, bezoek";0.0;0.0;0.0;0.0;0.0;0.0;0.0;2.0;0.0;0.0;0.0;0.0;"2017-04-12 22:00:00";10256.0;0.9;2.0;0.0;"2017-04-12 07:40:53+02:00";2.0;15.0;15.0;1.0;1.0;"1:00:00";480.0;-150.0;-150.0;-30.0;0.0;0.0;0.0;3.0;3.0;2.0;7.0;5.0;4.0;7.0;5.0;3.0;5.0;3.0;3.0;0.0;0.0;0.0;0.0;0.0;0.0;2.0;2.0;2.0;nan;-120.0;-45.0;0.0;0.0;0.0;"2017-04-09 23:15:00";"2017-04-10 22:00:00";"2017-04-11 22:15:00";0.0;0.0
"2017-04-14 11:19:12+02:00";"FT12";"2017-04-14 00:00:00";1.0;"TV";"2017-04-13 09:15:00";0.0;0.0;2.0;1.0;1.0;2.0;1.0;2.0;2.0;3.0;"studie, TV";0.0;0.0;0.0;0.0;0.0;0.0;0.0;2.0;0.0;0.0;0.0;0.0;"2017-04-13 23:00:00";5644.0;7.7;2.0;0.0;"2017-04-13 11:19:12+02:00";3.0;60.0;60.0;4.0;2.0;"0:15:00";540.0;-90.0;30.0;75.0;0.0;0.0;0.0;5.0;4.0;3.0;7.0;6.0;5.0;7.0;5.0;3.0;6.0;6.0;3.0;0.0;0.0;0.0;0.0;0.0;0.0;4.0;4.0;4.0;-120.0;-45.0;15.0;0.0;0.0;2.0;"2017-04-10 22:00:00";"2017-04-11 22:15:00";"2017-04-12 22:15:00";-60.0;0.0
"2017-04-15 07:31:35+02:00";"FT12";"2017-04-15 00:00:00";1.0;"TV";"2017-04-14 07:00:00";0.0;0.0;0.0;0.0;0.0;2.0;0.0;2.0;2.0;3.0;"Studie, TV";0.0;0.0;0.0;0.0;0.0;0.0;0.0;0.0;0.0;0.0;0.0;0.0;"2017-04-14 23:00:00";8838.0;2.4;0.0;0.0;"2017-04-14 07:31:35+02:00";4.0;60.0;60.0;4.0;2.0;"0:15:00";405.0;90.0;135.0;120.0;0.0;0.0;0.0;4.0;3.0;2.0;8.0;7.0;4.0;7.0;5.0;4.0;9.0;6.0;6.0;0.0;0.0;0.0;0.0;0.0;0.0;4.0;4.0;2.0;-45.0;15.0;60.0;0.0;2.0;2.0;"2017-04-11 22:15:00";"2017-04-12 22:15:00";"2017-04-14 00:00:00";75.0;75.0
"2017-04-16 12:25:19+02:00";"FT12";"2017-04-16 00:15:00";1.0;"TV";"2017-04-15 08:30:00";1.0;1.0;1.0;1.0;1.0;1.0;0.0;2.0;2.0;2.0;"Studie, TV";0.0;2.0;0.0;0.0;0.0;0.0;2.0;2.0;0.0;0.0;0.0;0.0;"2017-04-15 23:00:00";4596.0;4.7;6.0;0.0;"2017-04-15 12:25:19+02:00";5.0;75.0;75.0;5.0;3.0;"0:30:00";465.0;210.0;195.0;135.0;1.0;1.0;1.0;4.0;3.0;1.0;8.0;5.0;3.0;7.0;6.0;4.0;8.0;8.0;5.0;2.0;2.0;2.0;0.0;0.0;0.0;10.0;8.0;6.0;15.0;60.0;60.0;2.0;2.0;0.0;"2017-04-12 22:15:00";"2017-04-14 00:00:00";"2017-04-15 00:00:00";15.0;90.0
"2017-04-17 11:58:03+02:00";"FT12";"2017-04-17 01:30:00";1.0;"feest";"2017-04-16 08:00:00";0.0;0.0;1.0;0.0;0.0;2.0;2.0;1.0;2.0;3.0;"dansen, fietsen";0.0;0.0;0.0;0.0;0.0;0.0;0.0;2.0;0.0;0.0;0.0;0.0;"2017-04-17 00:00:00";14091.0;3.4;2.0;0.0;"2017-04-16 11:58:03+02:00";6.0;90.0;90.0;6.0;3.0;"0:15:00";375.0;285.0;225.0;165.0;1.0;1.0;1.0;4.0;2.0;2.0;7.0;5.0;3.0;8.0;6.0;4.0;11.0;8.0;5.0;2.0;2.0;2.0;0.0;0.0;0.0;10.0;8.0;8.0;60.0;60.0;75.0;2.0;0.0;6.0;"2017-04-14 00:00:00";"2017-04-15 00:00:00";"2017-04-16 00:15:00";105.0;135.0
"2017-04-18 08:47:49+02:00";"FT12";"2017-04-17 23:15:00";0.0;"";"2017-04-17 08:30:00";1.0;1.0;2.0;1.0;2.0;1.0;0.0;2.0;2.0;3.0;"administratie, studie, TV";0.0;0.0;0.0;0.0;0.0;0.0;0.0;2.0;0.0;0.0;0.0;0.0;"2017-04-17 23:00:00";2467.0;7.4;2.0;0.0;"2017-04-17 08:47:49+02:00";0.0;15.0;15.0;1.0;1.0;"0:30:00";525.0;240.0;180.0;105.0;2.0;2.0;1.0;4.0;4.0;3.0;6.0;4.0;3.0;8.0;6.0;4.0;11.0;8.0;6.0;2.0;2.0;0.0;0.0;0.0;0.0;10.0;10.0;4.0;60.0;75.0;90.0;0.0;6.0;2.0;"2017-04-15 00:00:00";"2017-04-16 00:15:00";"2017-04-17 01:30:00";-45.0;150.0
"2017-04-19 23:00:22+02:00";"FT12";"2017-04-19 00:00:00";1.0;"TV";"2017-04-18 07:00:00";0.0;0.0;0.0;0.0;0.0;2.0;0.0;0.0;2.0;3.0;"eten, TV, PC";0.0;0.0;0.0;0.0;0.0;2.0;0.0;2.0;0.0;0.0;0.0;2.0;"2017-04-18 23:00:00";3942.0;9.2;6.0;0.0;"2017-04-18 23:00:22+02:00";1.0;60.0;60.0;4.0;2.0;"0:15:00";405.0;240.0;165.0;75.0;2.0;1.0;1.0;4.0;3.0;2.0;6.0;5.0;3.0;8.0;6.0;4.0;11.0;9.0;6.0;2.0;0.0;0.0;0.0;0.0;0.0;16.0;10.0;8.0;75.0;90.0;15.0;6.0;2.0;2.0;"2017-04-16 00:15:00";"2017-04-17 01:30:00";"2017-04-17 23:15:00";75.0;150.0
"2017-04-20 11:39:48+02:00";"FT12";"2017-04-20 00:00:00";1.0;"mail";"2017-04-19 08:00:00";0.0;0.0;0.0;0.0;0.0;2.0;1.0;1.0;0.0;2.0;"bad, sex, mail";0.0;0.0;0.0;0.0;0.0;0.0;0.0;2.0;0.0;0.0;0.0;0.0;"2017-04-19 23:30:00";6841.0;7.1;2.0;0.0;"2017-04-19 11:39:48+02:00";2.0;30.0;30.0;2.0;1.0;"0:15:00";465.0;195.0;105.0;90.0;1.0;1.0;0.0;3.0;2.0;0.0;7.0;5.0;4.0;6.0;4.0;2.0;11.0;8.0;5.0;0.0;0.0;0.0;0.0;0.0;0.0;12.0;10.0;8.0;90.0;15.0;60.0;2.0;2.0;6.0;"2017-04-17 01:30:00";"2017-04-17 23:15:00";"2017-04-19 00:00:00";15.0;150.0
"2017-05-21 09:32:32+02:00";"FT12";"2017-05-20 21:30:00";0.0;"";"2017-05-20 07:30:00";0.0;0.0;0.0;0.0;0.0;3.0;1.0;1.0;1.0;3.0;"wandelen, tv, pc";0.0;0.0;0.0;0.0;0.0;0.0;2.0;2.0;0.0;0.0;0.0;2.0;"2017-05-21 00:00:00";5599.0;12.3;6.0;0.0;"2017-05-20 09:32:32+02:00";5.0;-150.0;0.0;0.0;0.0;"0:15:00";585.0;-45.0;-60.0;-120.0;1.0;0.0;0.0;2.0;0.0;0.0;8.0;7.0;5.0;5.0;3.0;1.0;11.0;8.0;5.0;0.0;0.0;0.0;0.0;0.0;0.0;16.0;14.0;8.0;15.0;60.0;30.0;2.0;6.0;2.0;"2017-04-17 23:15:00";"2017-04-19 00:00:00";"2017-04-20 00:00:00";-105.0;0.0
"2017-05-22 09:35:21+02:00";"FT12";"2017-05-21 22:30:00";1.0;"";"2017-05-21 07:00:00";0.0;0.0;1.0;0.0;0.0;2.0;1.0;1.0;1.0;3.0;"eten, tv, pc";0.0;0.0;0.0;0.0;0.0;0.0;0.0;2.0;0.0;0.0;0.0;0.0;"2017-05-21 22:00:00";9176.0;0.4;2.0;0.0;"2017-05-21 09:35:21+02:00";6.0;30.0;30.0;2.0;1.0;"0:15:00";495.0;-30.0;-90.0;-120.0;0.0;0.0;0.0;1.0;1.0;1.0;9.0;7.0;5.0;4.0;2.0;2.0;11.0;8.0;6.0;0.0;0.0;0.0;0.0;0.0;0.0;16.0;10.0;8.0;60.0;30.0;-150.0;6.0;2.0;6.0;"2017-04-19 00:00:00";"2017-04-20 00:00:00";"2017-05-20 21:30:00";-15.0;0.0
"2017-05-23 09:38:03+02:00";"FT12";"2017-05-23 01:00:00";1.0;"studie";"2017-05-22 08:00:00";1.0;1.0;2.0;1.0;2.0;0.0;0.0;2.0;1.0;3.0;"studie, bezoek, surfen";0.0;0.0;0.0;0.0;0.0;2.0;0.0;2.0;2.0;0.0;0.0;0.0;"2017-05-22 23:00:00";3981.0;7.8;6.0;0.0;"2017-05-22 09:38:03+02:00";0.0;120.0;120.0;8.0;3.0;"0:30:00";390.0;30.0;0.0;150.0;1.0;1.0;1.0;3.0;3.0;3.0;7.0;5.0;2.0;3.0;3.0;2.0;11.0;9.0;6.0;0.0;0.0;0.0;0.0;0.0;0.0;16.0;14.0;8.0;30.0;-150.0;30.0;2.0;6.0;2.0;"2017-04-20 00:00:00";"2017-05-20 21:30:00";"2017-05-21 22:30:00";90.0;90.0
"2017-04-10 22:48:09+02:00";"gh93";"2017-04-10 03:00:00";1.0;"";"2017-04-09 14:30:00";2.0;1.0;2.0;0.0;0.0;2.0;0.0;3.0;3.0;3.0;"lezen; muziek studiotechniek;";2.0;0.0;0.0;0.0;0.0;0.0;0.0;0.0;2.0;0.0;0.0;0.0;NaT;5945.0;12.3;4.0;0.0;"2017-04-09 22:48:09+02:00";6.0;nan;nan;nan;nan;"1:00:00";630.0;0.0;0.0;0.0;1.0;1.0;1.0;2.0;2.0;2.0;2.0;2.0;2.0;3.0;3.0;3.0;3.0;3.0;3.0;0.0;0.0;0.0;0.0;0.0;0.0;4.0;4.0;4.0;nan;nan;nan;nan;nan;nan;nan;nan;nan;-150.0;0.0
"2017-04-11 01:28:39+02:00";"gh93";"2017-04-11 01:15:00";0.0;"";"2017-04-10 12:25:00";1.0;0.0;3.0;0.0;0.0;2.0;3.0;0.0;2.0;1.0;"muziek;seks";2.0;1.0;0.0;0.0;0.0;0.0;0.0;0.0;2.0;0.0;0.0;0.0;"2017-04-11 05:00:00";22341.0;8.8;5.0;1.0;"2017-04-10 01:28:39+02:00";0.0;-225.0;0.0;0.0;0.0;"0:30:00";640.0;-225.0;-225.0;-225.0;1.0;1.0;1.0;5.0;5.0;5.0;4.0;4.0;4.0;5.0;5.0;5.0;4.0;4.0;4.0;1.0;1.0;1.0;0.0;0.0;0.0;9.0;9.0;9.0;nan;nan;nan;nan;nan;4.0;nan;nan;"2017-04-10 03:00:00";-160.0;0.0
"2017-04-12 21:51:36+02:00";"gh93";"2017-04-12 02:30:00";0.0;"";"2017-04-11 12:15:00";3.0;1.0;1.0;0.0;0.0;1.0;0.0;2.0;1.0;1.0;"muziek;lezen;seks";2.0;0.0;0.0;0.0;0.0;0.0;0.0;0.0;2.0;0.0;0.0;0.0;"2017-04-12 03:30:00";3649.0;10.7;4.0;0.0;"2017-04-11 21:51:36+02:00";1.0;-60.0;0.0;0.0;0.0;"1:30:00";495.0;-285.0;-285.0;-285.0;2.0;2.0;1.0;6.0;6.0;4.0;5.0;5.0;3.0;6.0;6.0;3.0;5.0;5.0;2.0;1.0;1.0;1.0;0.0;0.0;0.0;13.0;13.0;9.0;nan;nan;-225.0;nan;4.0;5.0;nan;"2017-04-10 03:00:00";"2017-04-11 01:15:00";-15.0;0.0
"2017-04-13 00:42:19+02:00";"gh93";"2017-04-13 05:00:00";0.0;"vrouwen";"2017-04-12 13:00:00";0.0;0.0;1.0;0.0;0.0;2.0;2.0;1.0;2.0;0.0;"film;seks";2.0;0.0;0.0;0.0;0.0;0.0;0.0;0.0;2.0;0.0;0.0;0.0;"2017-04-13 02:00:00";11915.0;1.3;4.0;0.0;"2017-04-12 00:42:19+02:00";2.0;180.0;180.0;12.0;3.0;"0:15:00";465.0;-105.0;-105.0;120.0;2.0;1.0;1.0;7.0;5.0;2.0;7.0;5.0;3.0;8.0;5.0;3.0;5.0;2.0;1.0;1.0;1.0;0.0;0.0;0.0;0.0;17.0;13.0;8.0;nan;-225.0;-60.0;4.0;5.0;4.0;"2017-04-10 03:00:00";"2017-04-11 01:15:00";"2017-04-12 02:30:00";15.0;15.0
"2017-04-14 23:19:56+02:00";"gh93";"2017-04-14 04:30:00";0.0;"";"2017-04-13 11:00:00";2.0;1.0;2.0;1.0;0.0;1.0;2.0;0.0;1.0;0.0;"muziek;seks";2.0;0.0;0.0;0.0;0.0;0.0;0.0;0.0;2.0;0.0;0.0;0.0;"2017-04-14 03:00:00";16744.0;7.2;4.0;0.0;"2017-04-13 23:19:56+02:00";3.0;90.0;90.0;6.0;3.0;"1:00:00";330.0;-15.0;210.0;270.0;2.0;2.0;1.0;7.0;4.0;3.0;6.0;4.0;3.0;6.0;4.0;3.0;2.0;1.0;0.0;1.0;0.0;0.0;0.0;0.0;0.0;17.0;12.0;8.0;-225.0;-60.0;180.0;5.0;4.0;4.0;"2017-04-11 01:15:00";"2017-04-12 02:30:00";"2017-04-13 05:00:00";150.0;165.0
"2017-04-15 00:11:02+02:00";"gh93";"2017-04-15 03:30:00";0.0;"";"2017-04-14 12:15:00";3.0;1.0;1.0;0.0;0.0;0.0;1.0;1.0;3.0;1.0;"muziek;lezen";2.0;0.0;0.0;0.0;0.0;0.0;0.0;0.0;2.0;0.0;0.0;0.0;"2017-04-15 03:00:00";2206.0;4.4;4.0;0.0;"2017-04-14 00:11:02+02:00";4.0;30.0;30.0;2.0;1.0;"1:30:00";435.0;240.0;300.0;120.0;3.0;2.0;2.0;5.0;4.0;3.0;4.0;3.0;1.0;7.0;6.0;4.0;2.0;1.0;1.0;0.0;0.0;0.0;0.0;0.0;0.0;16.0;12.0;8.0;-60.0;180.0;90.0;4.0;4.0;4.0;"2017-04-12 02:30:00";"2017-04-13 05:00:00";"2017-04-14 04:30:00";45.0;195.0
"2017-04-16 01:20:54+02:00";"gh93";"2017-04-16 03:30:00";0.0;"";"2017-04-15 11:45:00";2.0;1.0;2.0;0.0;0.0;1.0;2.0;1.0;3.0;1.0;"muziek;seks;lezen";2.0;0.0;0.0;0.0;0.0;0.0;0.0;0.0;2.0;0.0;0.0;0.0;"2017-04-16 03:00:00";12947.0;5.8;4.0;0.0;"2017-04-15 01:20:54+02:00";5.0;30.0;30.0;2.0;1.0;"1:00:00";435.0;330.0;150.0;60.0;3.0;3.0;2.0;6.0;5.0;3.0;4.0;2.0;1.0;9.0;7.0;6.0;2.0;2.0;2.0;0.0;0.0;0.0;0.0;0.0;0.0;16.0;12.0;8.0;180.0;90.0;30.0;4.0;4.0;4.0;"2017-04-13 05:00:00";"2017-04-14 04:30:00";"2017-04-15 03:30:00";45.0;255.0
"2017-04-17 01:03:41+02:00";"Gh93";"2017-04-17 04:00:00";0.0;"";"2017-04-16 13:00:00";1.0;0.0;1.0;0.0;0.0;2.0;2.0;1.0;3.0;2.0;"Lezen;film;muziek;seks";2.0;0.0;0.0;0.0;0.0;0.0;0.0;0.0;2.0;0.0;0.0;0.0;"2017-04-17 03:00:00";16402.0;5.3;4.0;0.0;"2017-04-16 01:03:41+02:00";6.0;60.0;60.0;4.0;2.0;"0:30:00";510.0;210.0;120.0;90.0;3.0;2.0;1.0;6.0;4.0;3.0;4.0;3.0;3.0;10.0;9.0;6.0;4.0;4.0;3.0;0.0;0.0;0.0;0.0;0.0;0.0;16.0;12.0;8.0;90.0;30.0;30.0;4.0;4.0;4.0;"2017-04-14 04:30:00";"2017-04-15 03:30:00";"2017-04-16 03:30:00";-30.0;210.0
"2017-04-18 02:40:54+02:00";"gh93";"2017-04-18 01:00:00";0.0;"";"2017-04-17 08:00:00";1.0;0.0;2.0;0.0;0.0;2.0;2.0;1.0;3.0;1.0;"Kinderen;lezen;huishouden";2.0;0.0;0.0;0.0;0.0;0.0;0.0;0.0;2.0;0.0;0.0;0.0;"2017-04-18 01:00:00";19361.0;9.4;4.0;0.0;"2017-04-17 02:40:54+02:00";0.0;0.0;0.0;0.0;0.0;"0:30:00";390.0;120.0;90.0;60.0;2.0;1.0;0.0;6.0;5.0;3.0;5.0;5.0;4.0;12.0;9.0;6.0;5.0;4.0;3.0;0.0;0.0;0.0;0.0;0.0;0.0;16.0;12.0;8.0;30.0;30.0;60.0;4.0;4.0;4.0;"2017-04-15 03:30:00";"2017-04-16 03:30:00";"2017-04-17 04:00:00";90.0;150.0
"2017-04-19 01:41:33+02:00";"gh93";"2017-04-19 04:30:00";0.0;"";"2017-04-18 11:00:00";1.0;0.0;1.0;0.0;0.0;2.0;2.0;2.0;3.0;0.0;"muziek;lezen;seks";2.0;0.0;0.0;0.0;0.0;0.0;0.0;0.0;2.0;0.0;0.0;0.0;"2017-04-19 03:00:00";14363.0;9.0;4.0;0.0;"2017-04-18 01:41:33+02:00";1.0;90.0;90.0;6.0;3.0;"0:30:00";360.0;180.0;150.0;90.0;1.0;0.0;0.0;6.0;4.0;3.0;7.0;6.0;4.0;12.0;9.0;6.0;4.0;3.0;1.0;0.0;0.0;0.0;0.0;0.0;0.0;16.0;12.0;8.0;30.0;60.0;0.0;4.0;4.0;4.0;"2017-04-16 03:30:00";"2017-04-17 04:00:00";"2017-04-18 01:00:00";120.0;225.0
"2017-04-20 03:04:09+02:00";"gh93";"2017-04-20 04:30:00";0.0;"";"2017-04-19 13:00:00";2.0;1.0;1.0;0.0;0.0;1.0;0.0;2.0;1.0;0.0;"lezen";2.0;0.0;0.0;0.0;0.0;0.0;0.0;0.0;2.0;0.0;0.0;0.0;"2017-04-20 03:00:00";4682.0;6.3;4.0;0.0;"2017-04-19 03:04:09+02:00";2.0;90.0;90.0;6.0;3.0;"1:00:00";450.0;240.0;180.0;180.0;1.0;1.0;1.0;5.0;4.0;2.0;7.0;5.0;3.0;10.0;7.0;4.0;3.0;1.0;0.0;0.0;0.0;0.0;0.0;0.0;0.0;16.0;12.0;8.0;60.0;0.0;90.0;4.0;4.0;4.0;"2017-04-17 04:00:00";"2017-04-18 01:00:00";"2017-04-19 04:30:00";30.0;210.0
"2017-04-21 04:22:56+02:00";"Gh93";"2017-04-21 03:30:00";0.0;"";"2017-04-20 13:00:00";2.0;1.0;2.0;0.0;0.0;1.0;2.0;1.0;3.0;0.0;"Seks;muziek;lezen";2.0;0.0;0.0;0.0;0.0;0.0;0.0;0.0;2.0;0.0;0.0;0.0;"2017-04-21 04:00:00";11877.0;12.5;4.0;0.0;"2017-04-20 04:22:56+02:00";3.0;-30.0;0.0;0.0;0.0;"1:00:00";510.0;150.0;150.0;60.0;2.0;2.0;2.0;6.0;4.0;3.0;6.0;4.0;2.0;10.0;7.0;4.0;1.0;0.0;0.0;0.0;0.0;0.0;0.0;0.0;0.0;16.0;12.0;8.0;0.0;90.0;90.0;4.0;4.0;4.0;"2017-04-18 01:00:00";"2017-04-19 04:30:00";"2017-04-20 04:30:00";-30.0;210.0
"2017-04-22 04:30:24+02:00";"gh93";"2017-04-22 05:00:00";0.0;"";"2017-04-21 14:30:00";2.0;1.0;3.0;0.0;0.0;0.0;0.0;2.0;3.0;1.0;"muziek;lezen";2.0;0.0;0.0;0.0;0.0;0.0;0.0;0.0;2.0;0.0;0.0;0.0;"2017-04-22 04:30:00";6904.0;0.7;4.0;0.0;"2017-04-21 04:30:24+02:00";4.0;30.0;30.0;2.0;1.0;"1:00:00";510.0;180.0;90.0;0.0;3.0;3.0;2.0;7.0;6.0;5.0;4.0;2.0;1.0;10.0;7.0;6.0;1.0;1.0;1.0;0.0;0.0;0.0;0.0;0.0;0.0;16.0;12.0;8.0;90.0;90.0;-30.0;4.0;4.0;4.0;"2017-04-19 04:30:00";"2017-04-20 04:30:00";"2017-04-21 03:30:00";-30.0;90.0
"2017-04-23 02:10:27+02:00";"gh93";"2017-04-23 04:30:00";0.0;"";"2017-04-22 12:00:00";0.0;0.0;1.0;0.0;0.0;3.0;0.0;1.0;3.0;0.0;"lezen";2.0;0.0;0.0;0.0;0.0;0.0;0.0;0.0;2.0;0.0;0.0;0.0;"2017-04-23 04:30:00";2987.0;6.3;4.0;0.0;"2017-04-22 02:10:27+02:00";5.0;0.0;0.0;0.0;0.0;"0:15:00";435.0;90.0;0.0;30.0;3.0;2.0;1.0;7.0;6.0;4.0;5.0;4.0;3.0;10.0;9.0;6.0;1.0;1.0;1.0;0.0;0.0;0.0;0.0;0.0;0.0;16.0;12.0;8.0;90.0;-30.0;30.0;4.0;4.0;4.0;"2017-04-20 04:30:00";"2017-04-21 03:30:00";"2017-04-22 05:00:00";45.0;45.0
"2017-04-10 00:30:33+02:00";"GW98";"2017-04-10 03:00:00";1.0;"Gamen";"2017-04-09 10:00:00";2.0;1.0;0.0;0.0;1.0;2.0;0.0;1.0;3.0;3.0;"Gamen";0.0;0.0;0.0;0.0;0.0;0.0;0.0;0.0;0.0;0.0;0.0;0.0;NaT;4733.0;12.3;0.0;0.0;"2017-04-09 00:30:33+02:00";6.0;nan;nan;nan;nan;"1:00:00";360.0;0.0;0.0;0.0;1.0;1.0;1.0;0.0;0.0;0.0;2.0;2.0;2.0;3.0;3.0;3.0;3.0;3.0;3.0;0.0;0.0;0.0;0.0;0.0;0.0;0.0;0.0;0.0;nan;nan;nan;nan;nan;nan;nan;nan;nan;120.0;120.0
"2017-04-11 00:30:34+02:00";"GW98";"2017-04-11 03:00:00";1.0;"Gamen";"2017-04-10 10:00:00";2.0;1.0;0.0;0.0;1.0;2.0;0.0;1.0;3.0;3.0;"Gamen";0.0;0.0;0.0;0.0;0.0;0.0;0.0;0.0;0.0;0.0;0.0;0.0;"2017-04-11 02:00:00";2902.0;6.2;0.0;0.0;"2017-04-10 00:30:34+02:00";0.0;60.0;60.0;4.0;2.0;"1:00:00";360.0;60.0;60.0;60.0;2.0;2.0;2.0;0.0;0.0;0.0;4.0;4.0;4.0;6.0;6.0;6.0;6.0;6.0;6.0;0.0;0.0;0.0;0.0;0.0;0.0;0.0;0.0;0.0;nan;nan;nan;nan;nan;0.0;nan;nan;"2017-04-10 03:00:00";120.0;240.0
"2017-04-12 03:20:10+02:00";"GW98";"2017-04-12 04:00:00";1.0;"Tijd voor mezelf ";"2017-04-11 13:00:00";0.0;0.0;0.0;0.0;0.0;2.0;0.0;1.0;3.0;3.0;"Gamen";0.0;0.0;0.0;0.0;0.0;0.0;0.0;0.0;0.0;0.0;0.0;0.0;"2017-04-12 02:00:00";3794.0;10.3;0.0;0.0;"2017-04-11 03:20:10+02:00";1.0;120.0;120.0;8.0;3.0;"0:15:00";525.0;180.0;180.0;180.0;2.0;2.0;1.0;0.0;0.0;0.0;6.0;6.0;4.0;9.0;9.0;6.0;9.0;9.0;6.0;0.0;0.0;0.0;0.0;0.0;0.0;0.0;0.0;0.0;nan;nan;60.0;nan;0.0;0.0;nan;"2017-04-10 03:00:00";"2017-04-11 03:00:00";-45.0;195.0
"2017-04-13 07:01:03+02:00";"GW98";"2017-04-13 02:45:00";0.0;"";"2017-04-12 12:00:00";1.0;0.0;0.0;0.0;0.0;2.0;2.0;2.0;3.0;1.0;"Feestje, opruimen";0.0;0.0;0.0;0.0;0.0;0.0;0.0;2.0;0.0;0.0;0.0;0.0;"2017-04-13 03:00:00";12903.0;0.9;2.0;0.0;"2017-04-12 07:01:03+02:00";2.0;-15.0;0.0;0.0;0.0;"0:30:00";525.0;165.0;165.0;105.0;2.0;1.0;0.0;0.0;0.0;0.0;8.0;6.0;4.0;12.0;9.0;6.0;10.0;7.0;4.0;0.0;0.0;0.0;0.0;0.0;0.0;2.0;2.0;2.0;nan;60.0;120.0;0.0;0.0;0.0;"2017-04-10 03:00:00";"2017-04-11 03:00:00";"2017-04-12 04:00:00";-45.0;150.0
"2017-04-14 01:19:25+02:00";"GW98";"2017-04-14 07:00:00";1.0;"Game tijd na een hele dag werken";"2017-04-13 14:00:00";0.0;0.0;1.0;0.0;0.0;2.0;0.0;1.0;3.0;3.0;"Gamen";0.0;0.0;0.0;0.0;0.0;0.0;0.0;0.0;0.0;0.0;0.0;2.0;"2017-04-14 05:00:00";8421.0;6.6;2.0;0.0;"2017-04-13 01:19:25+02:00";3.0;120.0;120.0;8.0;3.0;"0:15:00";405.0;285.0;225.0;105.0;1.0;0.0;0.0;1.0;1.0;1.0;8.0;6.0;4.0;12.0;9.0;6.0;10.0;7.0;4.0;0.0;0.0;0.0;0.0;0.0;0.0;4.0;4.0;4.0;60.0;120.0;-15.0;0.0;0.0;2.0;"2017-04-11 03:00:00";"2017-04-12 04:00:00";"2017-04-13 02:45:00";75.0;105.0
"2017-04-15 02:58:29+02:00";"GW98";"2017-04-15 01:15:00";1.0;"Geen slaap";"2017-04-14 05:10:00";1.0;1.0;0.0;0.0;0.0;2.0;1.0;1.0;3.0;2.0;"TV kijken ";0.0;0.0;0.0;0.0;0.0;0.0;0.0;0.0;0.0;0.0;0.0;0.0;"2017-04-15 00:00:00";6918.0;4.8;0.0;0.0;"2017-04-14 02:58:29+02:00";4.0;75.0;75.0;5.0;3.0;"0:30:00";205.0;300.0;180.0;195.0;1.0;1.0;1.0;1.0;1.0;1.0;8.0;6.0;4.0;12.0;9.0;6.0;9.0;6.0;5.0;0.0;0.0;0.0;0.0;0.0;0.0;4.0;4.0;2.0;120.0;-15.0;120.0;0.0;2.0;2.0;"2017-04-12 04:00:00";"2017-04-13 02:45:00";"2017-04-14 07:00:00";275.0;350.0
"2017-04-16 05:11:22+02:00";"GW98";"2017-04-16 03:00:00";1.0;"Vrije dag vandaag";"2017-04-15 13:00:00";0.0;0.0;0.0;0.0;0.0;2.0;0.0;1.0;3.0;2.0;"Bankhangen";0.0;0.0;0.0;0.0;0.0;0.0;0.0;0.0;0.0;0.0;0.0;2.0;"2017-04-16 02:00:00";6787.0;4.5;2.0;0.0;"2017-04-15 05:11:22+02:00";5.0;60.0;60.0;4.0;2.0;"0:15:00";585.0;240.0;255.0;135.0;1.0;1.0;1.0;1.0;1.0;0.0;8.0;6.0;4.0;12.0;9.0;6.0;8.0;7.0;4.0;0.0;0.0;0.0;0.0;0.0;0.0;6.0;4.0;2.0;-15.0;120.0;75.0;2.0;2.0;0.0;"2017-04-13 02:45:00";"2017-04-14 07:00:00";"2017-04-15 01:15:00";-105.0;200.0
"2017-04-17 04:44:45+02:00";"GW98";"2017-04-17 05:30:00";1.0;"Gamen in eigen tijd";"2017-04-16 12:40:00";0.0;0.0;0.0;0.0;0.0;2.0;0.0;1.0;2.0;3.0;"Gamen op de pc";0.0;0.0;0.0;0.0;0.0;0.0;0.0;0.0;0.0;0.0;0.0;2.0;"2017-04-17 03:00:00";5735.0;2.9;2.0;0.0;"2017-04-16 04:44:45+02:00";6.0;150.0;150.0;10.0;3.0;"0:15:00";415.0;405.0;285.0;210.0;1.0;1.0;0.0;1.0;0.0;0.0;8.0;6.0;4.0;11.0;8.0;5.0;10.0;7.0;5.0;0.0;0.0;0.0;0.0;0.0;0.0;6.0;4.0;4.0;120.0;75.0;60.0;2.0;0.0;2.0;"2017-04-14 07:00:00";"2017-04-15 01:15:00";"2017-04-16 03:00:00";65.0;310.0
"2017-04-18 02:22:29+02:00";"GW98";"2017-04-18 05:00:00";0.0;"";"2017-04-17 14:00:00";0.0;0.0;1.0;0.0;1.0;2.0;3.0;3.0;3.0;3.0;"Uitgaan, alcohol, muziek, fietsen ";0.0;0.0;0.0;0.0;0.0;0.0;0.0;2.0;0.0;0.0;0.0;0.0;"2017-04-18 02:00:00";17114.0;9.9;2.0;0.0;"2017-04-17 02:22:29+02:00";0.0;180.0;180.0;12.0;3.0;"0:15:00";525.0;465.0;390.0;330.0;1.0;0.0;0.0;1.0;1.0;1.0;8.0;6.0;4.0;11.0;8.0;5.0;10.0;8.0;6.0;0.0;0.0;0.0;0.0;0.0;0.0;6.0;6.0;4.0;75.0;60.0;150.0;0.0;2.0;2.0;"2017-04-15 01:15:00";"2017-04-16 03:00:00";"2017-04-17 05:30:00";-45.0;190.0
"2017-04-19 03:40:42+02:00";"GW98";"2017-04-19 02:00:00";1.0;"Laat thuis";"2017-04-18 05:15:00";2.0;1.0;0.0;0.0;0.0;1.0;3.0;2.0;3.0;2.0;"Klussen, familie, ";0.0;0.0;0.0;0.0;0.0;0.0;0.0;0.0;2.0;0.0;0.0;0.0;"2017-04-19 00:00:00";18335.0;10.2;2.0;0.0;"2017-04-18 03:40:42+02:00";1.0;120.0;120.0;8.0;3.0;"1:00:00";135.0;510.0;450.0;300.0;1.0;1.0;1.0;1.0;1.0;1.0;7.0;5.0;3.0;11.0;8.0;6.0;10.0;8.0;5.0;0.0;0.0;0.0;0.0;0.0;0.0;8.0;6.0;4.0;60.0;150.0;180.0;2.0;2.0;2.0;"2017-04-16 03:00:00";"2017-04-17 05:30:00";"2017-04-18 05:00:00";345.0;345.0
"2017-04-20 02:09:20+02:00";"GW98";"2017-04-20 03:45:00";0.0;"";"2017-04-19 13:30:00";0.0;0.0;0.0;0.0;0.0;2.0;1.0;1.0;3.0;2.0;"Feestje";0.0;0.0;0.0;0.0;0.0;0.0;0.0;2.0;0.0;0.0;0.0;0.0;"2017-04-20 02:00:00";3319.0;7.9;2.0;0.0;"2017-04-19 02:09:20+02:00";2.0;105.0;105.0;7.0;3.0;"0:15:00";570.0;555.0;405.0;225.0;1.0;1.0;1.0;1.0;1.0;0.0;7.0;5.0;3.0;11.0;9.0;6.0;10.0;7.0;4.0;0.0;0.0;0.0;0.0;0.0;0.0;8.0;6.0;4.0;150.0;180.0;120.0;2.0;2.0;2.0;"2017-04-17 05:30:00";"2017-04-18 05:00:00";"2017-04-19 02:00:00";-90.0;275.0
"2017-04-21 00:48:35+02:00";"GW98";"2017-04-21 02:10:00";1.0;"Paasfeestje";"2017-04-20 05:30:00";2.0;1.0;0.0;0.0;1.0;2.0;2.0;2.0;3.0;1.0;"Feestje, borrel, gezelligheid";0.0;0.0;0.0;0.0;0.0;0.0;0.0;2.0;0.0;0.0;0.0;0.0;"2017-04-21 01:00:00";9452.0;11.5;2.0;0.0;"2017-04-20 00:48:35+02:00";3.0;70.0;70.0;4.0;2.0;"1:00:00";140.0;475.0;295.0;175.0;2.0;2.0;1.0;1.0;0.0;0.0;7.0;5.0;4.0;12.0;9.0;6.0;8.0;5.0;3.0;0.0;0.0;0.0;0.0;0.0;0.0;8.0;6.0;4.0;180.0;120.0;105.0;2.0;2.0;2.0;"2017-04-18 05:00:00";"2017-04-19 02:00:00";"2017-04-20 03:45:00";340.0;550.0
"2017-04-22 05:46:18+02:00";"GW98";"2017-04-22 01:00:00";0.0;"";"2017-04-21 13:00:00";1.0;0.0;0.0;0.0;0.0;2.0;0.0;1.0;3.0;2.0;"TV kijken";0.0;0.0;0.0;0.0;0.0;0.0;2.0;0.0;0.0;0.0;0.0;0.0;"2017-04-22 01:00:00";2218.0;0.3;2.0;0.0;"2017-04-21 05:46:18+02:00";4.0;0.0;0.0;0.0;0.0;"0:30:00";690.0;295.0;175.0;70.0;2.0;1.0;1.0;0.0;0.0;0.0;7.0;6.0;4.0;12.0;9.0;6.0;7.0;5.0;3.0;0.0;0.0;0.0;0.0;0.0;0.0;8.0;6.0;4.0;120.0;105.0;70.0;2.0;2.0;2.0;"2017-04-19 02:00:00";"2017-04-20 03:45:00";"2017-04-21 02:10:00";-210.0;385.0
"2017-04-23 05:00:25+02:00";"GW98";"2017-04-23 05:45:00";1.0;"Gamen, studeren uitstellen";"2017-04-22 13:30:00";0.0;0.0;0.0;0.0;0.0;2.0;0.0;1.0;1.0;3.0;"Gamen, tv kijken";0.0;1.0;0.0;0.0;0.0;2.0;2.0;0.0;0.0;0.0;0.0;1.0;"2017-04-23 03:00:00";2944.0;6.8;6.0;2.0;"2017-04-22 05:00:25+02:00";5.0;165.0;165.0;11.0;3.0;"0:15:00";450.0;340.0;235.0;165.0;1.0;1.0;0.0;0.0;0.0;0.0;8.0;6.0;4.0;10.0;7.0;4.0;8.0;6.0;5.0;1.0;1.0;1.0;0.0;0.0;0.0;12.0;10.0;8.0;105.0;70.0;0.0;2.0;2.0;2.0;"2017-04-20 03:45:00";"2017-04-21 02:10:00";"2017-04-22 01:00:00";30.0;70.0
"2017-04-24 03:00:11+02:00";"GW98";"2017-04-24 05:00:00";1.0;"Studeren";"2017-04-23 08:45:00";0.0;0.0;0.0;1.0;2.0;1.0;0.0;3.0;3.0;3.0;"Studeren, PC";0.0;0.0;0.0;0.0;0.0;1.0;0.0;0.0;0.0;0.0;0.0;0.0;"2017-04-24 01:00:00";3906.0;6.8;1.0;1.0;"2017-04-23 03:00:11+02:00";6.0;240.0;240.0;16.0;3.0;"0:15:00";210.0;475.0;405.0;405.0;1.0;0.0;0.0;0.0;0.0;0.0;7.0;5.0;3.0;10.0;7.0;4.0;9.0;8.0;6.0;1.0;1.0;1.0;0.0;0.0;0.0;11.0;9.0;7.0;70.0;0.0;165.0;2.0;2.0;6.0;"2017-04-21 02:10:00";"2017-04-22 01:00:00";"2017-04-23 05:45:00";270.0;430.0
"2017-04-25 01:26:30+02:00";"GW98";"2017-04-25 03:30:00";1.0;"Studie";"2017-04-24 13:30:00";0.0;0.0;0.0;0.0;0.0;2.0;0.0;2.0;2.0;3.0;"voetbal, studeren";0.0;0.0;0.0;0.0;0.0;2.0;0.0;0.0;0.0;0.0;0.0;2.0;"2017-04-25 03:00:00";3454.0;1.9;4.0;0.0;"2017-04-24 01:26:30+02:00";0.0;30.0;30.0;2.0;1.0;"0:15:00";585.0;435.0;435.0;270.0;0.0;0.0;0.0;0.0;0.0;0.0;7.0;5.0;3.0;9.0;6.0;5.0;11.0;9.0;6.0;1.0;1.0;0.0;0.0;0.0;0.0;13.0;11.0;5.0;0.0;165.0;240.0;2.0;6.0;1.0;"2017-04-22 01:00:00";"2017-04-23 05:45:00";"2017-04-24 05:00:00";-105.0;165.0
"2017-04-26 02:19:46+02:00";"GW98";"2017-04-26 02:00:00";1.0;"Studie";"2017-04-25 05:15:00";2.0;1.0;0.0;0.0;0.0;1.0;1.0;3.0;2.0;3.0;"Studeren, pc";0.0;0.0;0.0;0.0;0.0;2.0;0.0;0.0;0.0;0.0;0.0;0.0;"2017-04-26 00:00:00";5469.0;7.6;2.0;0.0;"2017-04-25 02:19:46+02:00";1.0;120.0;120.0;8.0;3.0;"1:00:00";135.0;555.0;390.0;150.0;1.0;1.0;1.0;0.0;0.0;0.0;6.0;4.0;3.0;8.0;7.0;4.0;12.0;9.0;6.0;1.0;0.0;0.0;0.0;0.0;0.0;13.0;7.0;6.0;165.0;240.0;30.0;6.0;1.0;4.0;"2017-04-23 05:45:00";"2017-04-24 05:00:00";"2017-04-25 03:30:00";345.0;540.0
"2017-04-27 03:09:28+02:00";"GW98";"2017-04-27 02:30:00";1.0;"Studie ";"2017-04-26 05:15:00";1.0;0.0;0.0;0.0;0.0;2.0;0.0;3.0;3.0;3.0;"Studeren";0.0;0.0;0.0;0.0;0.0;1.0;0.0;0.0;0.0;0.0;0.0;0.0;"2017-04-27 00:00:00";2991.0;8.0;1.0;1.0;"2017-04-26 03:09:28+02:00";2.0;150.0;150.0;10.0;3.0;"0:30:00";135.0;540.0;300.0;270.0;1.0;1.0;1.0;0.0;0.0;0.0;6.0;5.0;3.0;10.0;7.0;5.0;12.0;9.0;6.0;0.0;0.0;0.0;0.0;0.0;0.0;8.0;7.0;3.0;240.0;30.0;120.0;1.0;4.0;2.0;"2017-04-24 05:00:00";"2017-04-25 03:30:00";"2017-04-26 02:00:00";345.0;855.0
"2017-04-28 04:27:31+02:00";"GW98";"2017-04-28 03:00:00";0.0;"";"2017-04-27 14:00:00";0.0;0.0;0.0;0.0;0.0;2.0;0.0;1.0;3.0;3.0;"Gamen";0.0;0.0;0.0;0.0;0.0;0.0;0.0;0.0;0.0;0.0;0.0;0.0;"2017-04-28 02:00:00";4885.0;7.5;0.0;0.0;"2017-04-27 04:27:31+02:00";3.0;60.0;60.0;4.0;2.0;"0:15:00";645.0;360.0;330.0;210.0;1.0;1.0;0.0;0.0;0.0;0.0;7.0;5.0;4.0;10.0;8.0;6.0;12.0;9.0;6.0;0.0;0.0;0.0;0.0;0.0;0.0;7.0;3.0;1.0;30.0;120.0;150.0;4.0;2.0;1.0;"2017-04-25 03:30:00";"2017-04-26 02:00:00";"2017-04-27 02:30:00";-165.0;420.0
"2017-04-29 01:40:32+02:00";"GW98";"2017-04-29 05:30:00";1.0;"Gamen";"2017-04-28 13:00:00";0.0;0.0;0.0;1.0;0.0;2.0;0.0;1.0;2.0;3.0;"Gaming, PC";0.0;2.0;0.0;0.0;0.0;0.0;0.0;0.0;0.0;0.0;0.0;0.0;"2017-04-29 03:00:00";3602.0;7.9;2.0;0.0;"2017-04-28 01:40:32+02:00";4.0;150.0;150.0;10.0;3.0;"0:15:00";435.0;480.0;360.0;210.0;1.0;0.0;0.0;0.0;0.0;0.0;7.0;6.0;4.0;10.0;8.0;5.0;12.0;9.0;6.0;2.0;2.0;2.0;0.0;0.0;0.0;5.0;3.0;2.0;120.0;150.0;60.0;2.0;1.0;0.0;"2017-04-26 02:00:00";"2017-04-27 02:30:00";"2017-04-28 03:00:00";45.0;570.0
"2017-04-30 03:17:54+02:00";"GW98";"2017-04-30 02:15:00";1.0;"Gamen";"2017-04-29 05:10:00";1.0;1.0;0.0;0.0;0.0;2.0;0.0;1.0;3.0;3.0;"Bioscoop, fietsen";0.0;0.0;0.0;0.0;0.0;0.0;0.0;2.0;0.0;0.0;0.0;0.0;"2017-04-30 00:00:00";4049.0;6.7;2.0;0.0;"2017-04-29 03:17:54+02:00";5.0;135.0;135.0;9.0;3.0;"0:30:00";145.0;495.0;345.0;285.0;1.0;1.0;1.0;0.0;0.0;0.0;8.0;6.0;4.0;11.0;8.0;5.0;12.0;9.0;6.0;2.0;2.0;2.0;0.0;0.0;0.0;5.0;4.0;4.0;150.0;60.0;150.0;1.0;0.0;2.0;"2017-04-27 02:30:00";"2017-04-28 03:00:00";"2017-04-29 05:30:00";335.0;560.0
"2017-04-10 19:41:11+02:00";"HA61";"2017-04-09 22:45:00";0.0;"";"2017-04-09 08:15:00";0.0;0.0;2.0;1.0;1.0;1.0;0.0;0.0;3.0;3.0;"Auto rijden, Hond uitlaten, tv kijken";0.0;0.0;0.0;2.0;0.0;0.0;2.0;0.0;0.0;0.0;0.0;2.0;NaT;2011.0;12.5;6.0;0.0;"2017-04-09 19:41:11+02:00";6.0;nan;nan;nan;nan;"0:15:00";555.0;0.0;0.0;0.0;0.0;0.0;0.0;2.0;2.0;2.0;1.0;1.0;1.0;3.0;3.0;3.0;3.0;3.0;3.0;0.0;0.0;0.0;2.0;2.0;2.0;6.0;6.0;6.0;nan;nan;nan;nan;nan;nan;nan;nan;nan;-75.0;0.0
"2017-04-11 20:53:33+02:00";"HA61";"2017-04-10 21:50:00";0.0;"";"2017-04-10 05:35:00";1.0;0.0;2.0;1.0;1.0;2.0;1.0;1.0;2.0;2.0;"Computer, hond uitlaten, tv kijken";0.0;0.0;0.0;2.0;0.0;0.0;2.0;2.0;0.0;0.0;0.0;0.0;"2017-04-10 21:45:00";6084.0;1.9;6.0;0.0;"2017-04-10 20:53:33+02:00";0.0;5.0;5.0;0.0;0.0;"0:30:00";435.0;5.0;5.0;5.0;0.0;0.0;0.0;4.0;4.0;4.0;3.0;3.0;3.0;5.0;5.0;5.0;5.0;5.0;5.0;0.0;0.0;0.0;4.0;4.0;4.0;12.0;12.0;12.0;nan;nan;nan;nan;nan;6.0;nan;nan;"2017-04-09 22:45:00";45.0;45.0
"2017-04-12 21:44:13+02:00";"HA61";"2017-04-11 21:55:00";1.0;"TV programma";"2017-04-11 05:40:00";0.0;0.0;2.0;1.0;1.0;1.0;1.0;1.0;3.0;3.0;"Eten, hond uitlaten, tv-kijken";0.0;0.0;0.0;2.0;0.0;0.0;0.0;2.0;0.0;0.0;0.0;2.0;"2017-04-11 21:50:00";5439.0;1.6;6.0;0.0;"2017-04-11 21:44:13+02:00";1.0;5.0;5.0;0.0;0.0;"0:15:00";450.0;10.0;10.0;10.0;0.0;0.0;0.0;6.0;6.0;4.0;4.0;4.0;3.0;8.0;8.0;5.0;8.0;8.0;5.0;0.0;0.0;0.0;6.0;6.0;4.0;18.0;18.0;12.0;nan;nan;5.0;nan;6.0;6.0;nan;"2017-04-09 22:45:00";"2017-04-10 21:50:00";30.0;75.0
"2017-04-13 22:01:19+02:00";"HA61";"2017-04-12 21:50:00";0.0;"";"2017-04-12 05:40:00";1.0;1.0;3.0;1.0;3.0;0.0;3.0;1.0;2.0;1.0;"Ete,, skeeleren, tv kijken";0.0;0.0;0.0;2.0;0.0;2.0;2.0;2.0;0.0;0.0;0.0;2.0;"2017-04-12 22:00:00";13097.0;0.1;10.0;0.0;"2017-04-12 22:01:19+02:00";2.0;-10.0;0.0;0.0;0.0;"0:30:00";440.0;0.0;0.0;-5.0;1.0;1.0;1.0;9.0;7.0;5.0;4.0;3.0;1.0;10.0;7.0;5.0;9.0;6.0;4.0;0.0;0.0;0.0;8.0;6.0;4.0;28.0;22.0;16.0;nan;5.0;5.0;6.0;6.0;6.0;"2017-04-09 22:45:00";"2017-04-10 21:50:00";"2017-04-11 21:55:00";40.0;70.0
"2017-04-14 21:09:57+02:00";"HA61";"2017-04-13 22:10:00";1.0;"Iets meer tijd voor tandenpoetsen ed";"2017-04-13 07:15:00";0.0;0.0;3.0;1.0;1.0;2.0;1.0;1.0;3.0;3.0;"Eten, hond uitlaten, tv kijken";0.0;0.0;0.0;2.0;0.0;0.0;2.0;2.0;0.0;0.0;0.0;0.0;"2017-04-13 21:50:00";3901.0;6.6;6.0;0.0;"2017-04-13 21:09:57+02:00";3.0;20.0;20.0;1.0;1.0;"0:15:00";530.0;20.0;15.0;10.0;1.0;1.0;1.0;10.0;8.0;6.0;5.0;3.0;2.0;10.0;8.0;5.0;9.0;7.0;4.0;0.0;0.0;0.0;8.0;6.0;4.0;28.0;22.0;16.0;5.0;5.0;-10.0;6.0;6.0;10.0;"2017-04-10 21:50:00";"2017-04-11 21:55:00";"2017-04-12 21:50:00";-50.0;65.0
"2017-04-15 21:12:35+02:00";"HA61";"2017-04-14 21:50:00";0.0;"";"2017-04-14 07:30:00";1.0;0.0;2.0;1.0;1.0;1.0;1.0;1.0;2.0;3.0;"Hond uitlaten, tv, lezen";0.0;0.0;0.0;2.0;1.0;0.0;2.0;2.0;0.0;0.0;0.0;0.0;"2017-04-14 22:00:00";8840.0;0.6;7.0;1.0;"2017-04-14 21:12:35+02:00";4.0;-10.0;0.0;0.0;0.0;"0:30:00";550.0;5.0;0.0;10.0;1.0;1.0;0.0;10.0;8.0;5.0;4.0;3.0;3.0;10.0;7.0;5.0;10.0;7.0;6.0;0.0;0.0;0.0;8.0;6.0;4.0;29.0;23.0;13.0;5.0;-10.0;20.0;6.0;10.0;6.0;"2017-04-11 21:55:00";"2017-04-12 21:50:00";"2017-04-13 22:10:00";-70.0;0.0
"2017-04-16 21:09:30+02:00";"HA61";"2017-04-15 21:50:00";0.0;"";"2017-04-15 08:30:00";0.0;0.0;2.0;1.0;1.0;2.0;1.0;1.0;1.0;3.0;"Hond uitlaten, tv kijken, reis zoen internet";0.0;0.0;0.0;2.0;0.0;2.0;2.0;2.0;0.0;0.0;0.0;2.0;"2017-04-15 22:00:00";4063.0;6.8;10.0;0.0;"2017-04-15 21:09:30+02:00";5.0;-10.0;0.0;0.0;0.0;"0:15:00";625.0;-10.0;0.0;-20.0;1.0;0.0;0.0;10.0;7.0;4.0;5.0;5.0;3.0;8.0;6.0;3.0;10.0;9.0;6.0;0.0;0.0;0.0;8.0;6.0;4.0;33.0;23.0;17.0;-10.0;20.0;-10.0;10.0;6.0;7.0;"2017-04-12 21:50:00";"2017-04-13 22:10:00";"2017-04-14 21:50:00";-145.0;0.0
"2017-04-17 22:02:00+02:00";"HA61";"2017-04-16 23:00:00";1.0;"Tv programma";"2017-04-16 08:05:00";0.0;0.0;1.0;0.0;0.0;2.0;1.0;1.0;1.0;2.0;"Hond, tv kijken";0.0;0.0;0.0;2.0;0.0;0.0;2.0;0.0;0.0;0.0;0.0;2.0;"2017-04-16 22:00:00";4478.0;8.6;6.0;0.0;"2017-04-16 22:02:00+02:00";6.0;60.0;60.0;4.0;2.0;"0:15:00";530.0;60.0;40.0;50.0;0.0;0.0;0.0;8.0;5.0;3.0;7.0;5.0;4.0;7.0;4.0;2.0;11.0;8.0;5.0;0.0;0.0;0.0;8.0;6.0;4.0;29.0;23.0;16.0;20.0;-10.0;-10.0;6.0;7.0;10.0;"2017-04-13 22:10:00";"2017-04-14 21:50:00";"2017-04-15 21:50:00";-50.0;0.0
"2017-04-18 22:39:10+02:00";"HA61";"2017-04-17 22:30:00";0.0;"";"2017-04-17 08:15:00";1.0;0.0;1.0;1.0;1.0;2.0;1.0;0.0;0.0;3.0;"Hond, tv, internet";0.0;0.0;0.0;2.0;0.0;0.0;2.0;0.0;0.0;0.0;0.0;2.0;"2017-04-17 22:30:00";5567.0;7.6;6.0;0.0;"2017-04-17 22:39:10+02:00";0.0;0.0;0.0;0.0;0.0;"0:30:00";555.0;40.0;50.0;60.0;0.0;0.0;0.0;6.0;4.0;2.0;7.0;6.0;4.0;4.0;2.0;1.0;11.0;8.0;5.0;0.0;0.0;0.0;8.0;6.0;4.0;29.0;22.0;12.0;-10.0;-10.0;60.0;7.0;10.0;6.0;"2017-04-14 21:50:00";"2017-04-15 21:50:00";"2017-04-16 23:00:00";-75.0;0.0
"2017-04-19 22:48:45+02:00";"HA61";"2017-04-18 22:30:00";0.0;"";"2017-04-18 08:30:00";1.0;0.0;1.0;0.0;0.0;2.0;1.0;0.0;1.0;3.0;"Hoe, tv, internet";0.0;0.0;0.0;2.0;0.0;0.0;2.0;0.0;0.0;0.0;0.0;0.0;"2017-04-18 22:45:00";3737.0;6.3;4.0;0.0;"2017-04-18 22:48:45+02:00";1.0;-15.0;0.0;0.0;0.0;"0:30:00";570.0;35.0;45.0;-15.0;0.0;0.0;0.0;5.0;3.0;2.0;8.0;6.0;4.0;3.0;2.0;1.0;11.0;8.0;6.0;0.0;0.0;0.0;8.0;6.0;4.0;26.0;16.0;10.0;-10.0;60.0;0.0;10.0;6.0;6.0;"2017-04-15 21:50:00";"2017-04-16 23:00:00";"2017-04-17 22:30:00";-90.0;0.0
"2017-04-20 21:32:14+02:00";"HA61";"2017-04-19 22:45:00";0.0;"";"2017-04-19 07:20:00";2.0;1.0;1.0;1.0;0.0;2.0;3.0;1.0;2.0;1.0;"Auto, skeeleren, auto, internet";0.0;0.0;0.0;2.0;2.0;0.0;0.0;0.0;0.0;0.0;0.0;2.0;"2017-04-19 22:45:00";22091.0;5.1;6.0;0.0;"2017-04-19 21:32:14+02:00";2.0;0.0;0.0;0.0;0.0;"1:00:00";455.0;45.0;-15.0;-15.0;1.0;1.0;1.0;4.0;3.0;2.0;8.0;6.0;4.0;4.0;3.0;3.0;9.0;7.0;4.0;0.0;0.0;0.0;8.0;6.0;4.0;22.0;16.0;10.0;60.0;0.0;-15.0;6.0;6.0;4.0;"2017-04-16 23:00:00";"2017-04-17 22:30:00";"2017-04-18 22:30:00";25.0;25.0
"2017-04-21 00:28:12+02:00";"HA61";"2017-04-20 22:30:00";0.0;"Nvt";"2017-04-20 08:15:00";2.0;1.0;1.0;0.0;0.0;2.0;1.0;1.0;1.0;2.0;"Hond uitlaten, tv, internet";0.0;0.0;0.0;2.0;0.0;0.0;2.0;0.0;0.0;0.0;0.0;0.0;"2017-04-20 22:15:00";6455.0;9.8;4.0;0.0;"2017-04-20 00:28:12+02:00";3.0;15.0;15.0;1.0;1.0;"1:00:00";525.0;0.0;0.0;15.0;2.0;2.0;2.0;4.0;3.0;2.0;8.0;6.0;4.0;4.0;4.0;3.0;9.0;6.0;3.0;0.0;0.0;0.0;8.0;6.0;4.0;20.0;14.0;10.0;0.0;-15.0;0.0;6.0;4.0;6.0;"2017-04-17 22:30:00";"2017-04-18 22:30:00";"2017-04-19 22:45:00";-45.0;0.0
"2017-04-22 22:41:51+02:00";"HA61";"2017-04-22 00:15:00";1.0;"Afspraak met buurvrouw";"2017-04-21 08:15:00";2.0;1.0;2.0;1.0;1.0;0.0;1.0;1.0;3.0;3.0;"Bijeenkomst IVN, afstemmen en kletsen bij buurvrouw";0.0;0.0;0.0;2.0;0.0;0.0;0.0;0.0;2.0;0.0;0.0;0.0;"2017-04-21 23:00:00";4733.0;1.1;4.0;0.0;"2017-04-21 22:41:51+02:00";4.0;75.0;75.0;5.0;3.0;"1:00:00";420.0;75.0;90.0;90.0;3.0;3.0;2.0;5.0;4.0;3.0;6.0;4.0;2.0;7.0;6.0;4.0;9.0;6.0;5.0;0.0;0.0;0.0;8.0;6.0;4.0;18.0;14.0;8.0;-15.0;0.0;15.0;4.0;6.0;4.0;"2017-04-18 22:30:00";"2017-04-19 22:45:00";"2017-04-20 22:30:00";60.0;60.0
"2017-04-23 22:45:02+02:00";"HA61";"2017-04-23 00:30:00";1.0;"Uitgelopen jubileum collega";"2017-04-22 08:15:00";1.0;0.0;2.0;1.0;3.0;0.0;3.0;2.0;3.0;0.0;"Fietsen, feest, auto rijden";0.0;0.0;0.0;0.0;0.0;0.0;0.0;2.0;2.0;0.0;0.0;0.0;"2017-04-22 23:00:00";20691.0;6.9;4.0;0.0;"2017-04-22 22:45:02+02:00";5.0;90.0;90.0;6.0;3.0;"0:30:00";435.0;180.0;180.0;165.0;3.0;2.0;1.0;6.0;5.0;4.0;4.0;2.0;0.0;9.0;7.0;6.0;6.0;5.0;3.0;0.0;0.0;0.0;6.0;4.0;2.0;18.0;12.0;8.0;0.0;15.0;75.0;6.0;4.0;4.0;"2017-04-19 22:45:00";"2017-04-20 22:30:00";"2017-04-22 00:15:00";45.0;105.0
"2017-04-24 22:41:03+02:00";"HA61";"2017-04-24 10:30:00";0.0;"";"2017-04-23 08:00:00";2.0;1.0;2.0;1.0;3.0;1.0;3.0;2.0;1.0;0.0;"Eten, skeelerles, discussie vriendin";0.0;0.0;0.0;2.0;0.0;0.0;0.0;0.0;0.0;0.0;0.0;0.0;"2017-04-23 23:00:00";17630.0;9.7;2.0;0.0;"2017-04-23 22:41:03+02:00";6.0;690.0;690.0;46.0;3.0;"1:00:00";1230.0;870.0;855.0;780.0;3.0;2.0;1.0;7.0;6.0;4.0;3.0;1.0;1.0;8.0;7.0;4.0;5.0;3.0;0.0;0.0;0.0;0.0;6.0;4.0;2.0;14.0;10.0;6.0;15.0;75.0;90.0;4.0;4.0;4.0;"2017-04-20 22:30:00";"2017-04-22 00:15:00";"2017-04-23 00:30:00";-750.0;0.0
"2017-04-25 14:25:58+02:00";"HA61";"2017-04-24 22:30:00";0.0;"";"2017-04-24 08:10:00";1.0;0.0;1.0;0.0;1.0;2.0;1.0;2.0;1.0;2.0;"Eten, hond uitlaten, tv, hotel verkennen";0.0;0.0;0.0;2.0;2.0;2.0;0.0;2.0;0.0;0.0;0.0;0.0;"2017-04-24 22:40:00";3214.0;2.4;8.0;0.0;"2017-04-24 14:25:58+02:00";0.0;-10.0;0.0;0.0;0.0;"0:30:00";550.0;845.0;770.0;680.0;2.0;1.0;1.0;7.0;5.0;3.0;3.0;3.0;3.0;8.0;5.0;2.0;5.0;2.0;2.0;0.0;0.0;0.0;6.0;4.0;4.0;18.0;14.0;10.0;75.0;90.0;690.0;4.0;4.0;2.0;"2017-04-22 00:15:00";"2017-04-23 00:30:00";"2017-04-24 10:30:00";-70.0;0.0
"2017-04-26 15:08:57+02:00";"HA61";"2017-04-26 01:30:00";1.0;"Film op televisie";"2017-04-25 08:00:00";3.0;1.0;2.0;1.0;1.0;0.0;1.0;1.0;1.0;3.0;"hond uitlaten, koffie drinken in lounch, tv kijken";0.0;0.0;0.0;2.0;2.0;0.0;2.0;2.0;0.0;0.0;0.0;0.0;"2017-04-25 22:30:00";2478.0;10.4;8.0;0.0;"2017-04-25 15:08:57+02:00";1.0;180.0;180.0;12.0;3.0;"1:30:00";300.0;950.0;860.0;170.0;2.0;2.0;1.0;7.0;5.0;3.0;3.0;3.0;2.0;6.0;3.0;2.0;5.0;5.0;5.0;0.0;0.0;0.0;6.0;6.0;4.0;22.0;18.0;16.0;90.0;690.0;-10.0;4.0;2.0;8.0;"2017-04-23 00:30:00";"2017-04-24 10:30:00";"2017-04-24 22:30:00";180.0;180.0
"2017-04-27 16:56:07+02:00";"HA61";"2017-04-26 22:15:00";0.0;"";"2017-04-26 07:45:00";1.0;0.0;1.0;1.0;1.0;1.0;1.0;1.0;1.0;1.0;"Hond uitlaten, discussie met vriendin, tv kijken";0.0;0.0;0.0;2.0;0.0;0.0;2.0;0.0;0.0;0.0;0.0;0.0;"2017-04-26 22:00:00";4266.0;8.1;4.0;0.0;"2017-04-26 16:56:07+02:00";2.0;15.0;15.0;1.0;1.0;"0:30:00";540.0;875.0;185.0;195.0;2.0;1.0;1.0;6.0;4.0;3.0;4.0;3.0;1.0;4.0;3.0;2.0;6.0;6.0;4.0;0.0;0.0;0.0;8.0;6.0;4.0;22.0;20.0;12.0;690.0;-10.0;180.0;2.0;8.0;8.0;"2017-04-24 10:30:00";"2017-04-24 22:30:00";"2017-04-26 01:30:00";-60.0;120.0
"2017-04-28 15:31:35+02:00";"HA61";"2017-04-27 22:30:00";0.0;"";"2017-04-27 09:00:00";2.0;1.0;1.0;1.0;1.0;2.0;1.0;2.0;1.0;1.0;"Hond uitlaten, tv, muziek luisteren";0.0;0.0;0.0;2.0;0.0;2.0;0.0;0.0;0.0;0.0;0.0;0.0;"2017-04-27 22:30:00";3697.0;8.1;4.0;0.0;"2017-04-27 15:31:35+02:00";3.0;0.0;0.0;0.0;0.0;"1:00:00";570.0;185.0;195.0;15.0;2.0;2.0;1.0;5.0;4.0;2.0;5.0;3.0;3.0;4.0;3.0;2.0;7.0;5.0;2.0;0.0;0.0;0.0;8.0;6.0;4.0;24.0;16.0;8.0;-10.0;180.0;15.0;8.0;8.0;4.0;"2017-04-24 22:30:00";"2017-04-26 01:30:00";"2017-04-26 22:15:00";-90.0;0.0
"2017-04-10 21:17:41+02:00";"he46";"2017-04-10 00:00:00";1.0;"niet willen slapen";"2017-04-09 07:00:00";1.0;0.0;1.0;1.0;1.0;1.0;0.0;1.0;3.0;3.0;"tv kijken en computeren";0.0;0.0;0.0;0.0;0.0;2.0;2.0;0.0;0.0;0.0;0.0;0.0;NaT;10193.0;12.5;4.0;0.0;"2017-04-09 21:17:41+02:00";6.0;nan;nan;nan;nan;"0:30:00";390.0;0.0;0.0;0.0;0.0;0.0;0.0;1.0;1.0;1.0;1.0;1.0;1.0;3.0;3.0;3.0;3.0;3.0;3.0;0.0;0.0;0.0;0.0;0.0;0.0;4.0;4.0;4.0;nan;nan;nan;nan;nan;nan;nan;nan;nan;90.0;90.0
"2017-04-11 23:09:55+02:00";"he46";"2017-04-10 23:00:00";0.0;"";"2017-04-10 07:45:00";1.0;0.0;1.0;0.0;1.0;2.0;1.0;1.0;1.0;0.0;"uit eten en radio luisteren";0.0;0.0;0.0;0.0;0.0;0.0;0.0;2.0;0.0;0.0;0.0;0.0;"2017-04-11 00:00:00";9424.0;1.9;2.0;0.0;"2017-04-10 23:09:55+02:00";0.0;-60.0;0.0;0.0;0.0;"0:30:00";495.0;-60.0;-60.0;-60.0;0.0;0.0;0.0;2.0;2.0;2.0;3.0;3.0;3.0;4.0;4.0;4.0;3.0;3.0;3.0;0.0;0.0;0.0;0.0;0.0;0.0;6.0;6.0;6.0;nan;nan;nan;nan;nan;4.0;nan;nan;"2017-04-10 00:00:00";-15.0;75.0
"2017-04-12 09:50:50+02:00";"he46";"2017-04-12 00:00:00";1.0;"tv kijken";"2017-04-11 07:00:00";1.0;0.0;1.0;0.0;1.0;2.0;0.0;2.0;2.0;3.0;"tv kijken en studeren";0.0;2.0;0.0;0.0;2.0;2.0;2.0;2.0;0.0;0.0;0.0;0.0;"2017-04-11 23:30:00";6061.0;1.6;10.0;0.0;"2017-04-11 09:50:50+02:00";1.0;30.0;30.0;2.0;1.0;"0:30:00";390.0;-30.0;-30.0;-30.0;0.0;0.0;0.0;3.0;3.0;2.0;5.0;5.0;4.0;6.0;6.0;3.0;6.0;6.0;3.0;2.0;2.0;2.0;0.0;0.0;0.0;16.0;16.0;12.0;nan;nan;-60.0;nan;4.0;2.0;nan;"2017-04-10 00:00:00";"2017-04-10 23:00:00";90.0;165.0
"2017-04-13 09:50:20+02:00";"HE46";"2017-04-12 23:30:00";1.0;"voetbal kijken";"2017-04-12 06:30:00";1.0;1.0;1.0;0.0;1.0;1.0;0.0;2.0;3.0;3.0;"studeren, tv kijken, computeren";0.0;0.0;0.0;0.0;0.0;2.0;0.0;0.0;0.0;0.0;0.0;1.0;"2017-04-12 23:00:00";9072.0;0.1;3.0;1.0;"2017-04-12 09:50:20+02:00";2.0;30.0;30.0;2.0;1.0;"0:30:00";390.0;0.0;0.0;60.0;1.0;1.0;1.0;4.0;3.0;2.0;6.0;5.0;3.0;9.0;6.0;5.0;9.0;6.0;6.0;2.0;2.0;2.0;0.0;0.0;0.0;19.0;15.0;13.0;nan;-60.0;30.0;4.0;2.0;10.0;"2017-04-10 00:00:00";"2017-04-10 23:00:00";"2017-04-12 00:00:00";90.0;255.0
"2017-04-14 08:23:12+02:00";"he46";"2017-04-13 23:15:00";0.0;"";"2017-04-13 06:30:00";2.0;1.0;1.0;0.0;1.0;1.0;0.0;2.0;3.0;3.0;"voetbal kijken en computeren";0.0;0.0;0.0;0.0;0.0;2.0;0.0;0.0;0.0;0.0;0.0;0.0;"2017-04-13 23:00:00";14043.0;6.6;2.0;0.0;"2017-04-13 08:23:12+02:00";3.0;15.0;15.0;1.0;1.0;"1:00:00";375.0;15.0;75.0;45.0;2.0;2.0;2.0;4.0;3.0;2.0;6.0;4.0;2.0;9.0;8.0;6.0;9.0;9.0;6.0;2.0;2.0;0.0;0.0;0.0;0.0;17.0;15.0;5.0;-60.0;30.0;30.0;2.0;10.0;3.0;"2017-04-10 23:00:00";"2017-04-12 00:00:00";"2017-04-12 23:30:00";105.0;270.0
"2017-04-15 00:03:31+02:00";"he46";"2017-04-15 01:00:00";1.0;"rusteloos";"2017-04-14 07:15:00";2.0;0.0;0.0;0.0;2.0;1.0;3.0;2.0;3.0;3.0;"tv kijken  en computeren";0.0;0.0;0.0;0.0;0.0;2.0;2.0;0.0;0.0;0.0;0.0;0.0;"2017-04-14 23:30:00";15292.0;0.6;4.0;0.0;"2017-04-14 00:03:31+02:00";4.0;90.0;90.0;6.0;3.0;"1:00:00";315.0;165.0;135.0;105.0;2.0;2.0;1.0;3.0;2.0;1.0;5.0;3.0;2.0;11.0;9.0;6.0;12.0;9.0;6.0;2.0;0.0;0.0;0.0;0.0;0.0;19.0;9.0;6.0;30.0;30.0;15.0;10.0;3.0;2.0;"2017-04-12 00:00:00";"2017-04-12 23:30:00";"2017-04-13 23:15:00";165.0;450.0
"2017-04-16 10:40:24+02:00";"he46";"2017-04-16 00:30:00";0.0;"tv kijken";"2017-04-15 09:00:00";1.0;0.0;2.0;1.0;3.0;1.0;0.0;3.0;2.0;3.0;"tv kijken en computeren";0.0;2.0;0.0;0.0;0.0;2.0;2.0;2.0;0.0;0.0;0.0;0.0;"2017-04-16 00:30:00";13163.0;6.8;8.0;0.0;"2017-04-15 10:40:24+02:00";5.0;0.0;0.0;0.0;0.0;"0:30:00";480.0;135.0;105.0;90.0;2.0;1.0;0.0;4.0;3.0;2.0;4.0;3.0;2.0;11.0;8.0;5.0;12.0;9.0;6.0;2.0;2.0;2.0;0.0;0.0;0.0;17.0;14.0;12.0;30.0;15.0;90.0;3.0;2.0;4.0;"2017-04-12 23:30:00";"2017-04-13 23:15:00";"2017-04-15 01:00:00";0.0;360.0
"2017-04-17 09:37:56+02:00";"he46";"2017-04-17 01:30:00";1.0;"moest werk afmaken";"2017-04-16 08:30:00";1.0;1.0;0.0;1.0;0.0;2.0;1.0;3.0;3.0;3.0;"werken achter de pc";0.0;0.0;0.0;0.0;0.0;0.0;2.0;2.0;0.0;0.0;0.0;0.0;"2017-04-17 00:00:00";5937.0;8.6;4.0;0.0;"2017-04-16 09:37:56+02:00";6.0;90.0;90.0;6.0;3.0;"0:30:00";390.0;195.0;180.0;90.0;2.0;1.0;1.0;3.0;2.0;2.0;5.0;4.0;3.0;11.0;8.0;5.0;12.0;9.0;6.0;2.0;2.0;2.0;0.0;0.0;0.0;18.0;16.0;12.0;15.0;90.0;0.0;2.0;4.0;8.0;"2017-04-13 23:15:00";"2017-04-15 01:00:00";"2017-04-16 00:30:00";90.0;360.0
"2017-04-18 11:40:54+02:00";"he46";"2017-04-18 00:15:00";1.0;"tv kijken";"2017-04-17 09:00:00";1.0;0.0;0.0;0.0;0.0;2.0;1.0;2.0;2.0;3.0;"tv kijken en computeren";0.0;0.0;0.0;0.0;0.0;2.0;2.0;2.0;0.0;0.0;0.0;0.0;"2017-04-18 00:00:00";7647.0;7.6;6.0;0.0;"2017-04-17 11:40:54+02:00";0.0;15.0;15.0;1.0;1.0;"0:30:00";495.0;195.0;105.0;105.0;1.0;1.0;1.0;2.0;2.0;0.0;6.0;5.0;4.0;10.0;7.0;5.0;12.0;9.0;6.0;2.0;2.0;0.0;0.0;0.0;0.0;22.0;18.0;10.0;90.0;0.0;90.0;4.0;8.0;4.0;"2017-04-15 01:00:00";"2017-04-16 00:30:00";"2017-04-17 01:30:00";-15.0;240.0
"2017-04-19 22:39:32+02:00";"he46";"2017-04-19 00:15:00";1.0;"tv kijken ";"2017-04-18 08:30:00";1.0;0.0;0.0;1.0;1.0;1.0;0.0;2.0;3.0;3.0;"tv kijken en computeren";0.0;0.0;0.0;0.0;0.0;2.0;2.0;2.0;0.0;0.0;0.0;0.0;"2017-04-19 00:00:00";11946.0;6.3;6.0;0.0;"2017-04-18 22:39:32+02:00";1.0;15.0;15.0;1.0;1.0;"0:30:00";465.0;120.0;120.0;30.0;1.0;1.0;0.0;2.0;0.0;0.0;6.0;5.0;3.0;10.0;8.0;5.0;12.0;9.0;6.0;2.0;0.0;0.0;0.0;0.0;0.0;24.0;16.0;12.0;0.0;90.0;15.0;8.0;4.0;6.0;"2017-04-16 00:30:00";"2017-04-17 01:30:00";"2017-04-18 00:15:00";15.0;90.0
"2017-04-20 13:33:26+02:00";"HE46";"2017-04-20 02:00:00";1.0;"borrelen met vrienden";"2017-04-19 09:00:00";0.0;0.0;1.0;1.0;1.0;2.0;0.0;0.0;3.0;0.0;"kletsen met vrienden";0.0;0.0;0.0;0.0;0.0;0.0;0.0;2.0;0.0;0.0;0.0;0.0;"2017-04-19 23:30:00";7899.0;5.1;2.0;0.0;"2017-04-19 13:33:26+02:00";2.0;150.0;150.0;10.0;3.0;"0:15:00";405.0;270.0;180.0;165.0;1.0;0.0;0.0;1.0;1.0;1.0;7.0;5.0;3.0;11.0;8.0;6.0;9.0;6.0;3.0;0.0;0.0;0.0;0.0;0.0;0.0;18.0;14.0;8.0;90.0;15.0;15.0;4.0;6.0;6.0;"2017-04-17 01:30:00";"2017-04-18 00:15:00";"2017-04-19 00:15:00";75.0;165.0
"2017-04-21 21:23:50+02:00";"he46";"2017-04-21 01:00:00";1.0;"gevierd dat ik mijn scriptie had ingeleverd";"2017-04-20 06:30:00";2.0;1.0;1.0;0.0;1.0;1.0;1.0;0.0;3.0;0.0;"kletsen met vrienden";0.0;0.0;0.0;0.0;0.0;0.0;0.0;2.0;0.0;0.0;0.0;0.0;"2017-04-20 23:00:00";3962.0;9.8;2.0;0.0;"2017-04-20 21:23:50+02:00";3.0;120.0;120.0;8.0;3.0;"1:00:00";270.0;300.0;285.0;270.0;1.0;1.0;1.0;2.0;2.0;2.0;6.0;4.0;3.0;11.0;9.0;6.0;6.0;3.0;0.0;0.0;0.0;0.0;0.0;0.0;0.0;16.0;10.0;4.0;15.0;15.0;150.0;6.0;6.0;2.0;"2017-04-18 00:15:00";"2017-04-19 00:15:00";"2017-04-20 02:00:00";210.0;285.0
"2017-04-22 20:44:05+02:00";"he46";"2017-04-22 00:00:00";0.0;"werken";"2017-04-21 07:20:00";2.0;1.0;0.0;0.0;0.0;2.0;0.0;2.0;3.0;3.0;"computeren";0.0;0.0;0.0;0.0;0.0;2.0;2.0;0.0;0.0;0.0;0.0;0.0;"2017-04-21 23:30:00";9057.0;1.1;4.0;0.0;"2017-04-21 20:44:05+02:00";4.0;30.0;30.0;2.0;1.0;"1:00:00";380.0;315.0;300.0;150.0;2.0;2.0;2.0;2.0;2.0;1.0;6.0;5.0;3.0;12.0;9.0;6.0;6.0;3.0;3.0;0.0;0.0;0.0;0.0;0.0;0.0;14.0;8.0;6.0;15.0;150.0;120.0;6.0;2.0;2.0;"2017-04-19 00:15:00";"2017-04-20 02:00:00";"2017-04-21 01:00:00";100.0;400.0
"2017-04-23 22:43:23+02:00";"he46";"2017-04-23 00:00:00";1.0;"werken";"2017-04-22 06:30:00";2.0;1.0;0.0;0.0;1.0;2.0;1.0;2.0;3.0;1.0;"computeren";0.0;0.0;0.0;0.0;0.0;0.0;0.0;0.0;0.0;0.0;0.0;0.0;"2017-04-22 23:30:00";3200.0;6.9;0.0;0.0;"2017-04-22 22:43:23+02:00";5.0;30.0;30.0;2.0;1.0;"1:00:00";330.0;330.0;180.0;60.0;3.0;3.0;2.0;2.0;1.0;0.0;7.0;5.0;4.0;12.0;9.0;6.0;4.0;4.0;4.0;0.0;0.0;0.0;0.0;0.0;0.0;8.0;6.0;4.0;150.0;120.0;30.0;2.0;2.0;4.0;"2017-04-20 02:00:00";"2017-04-21 01:00:00";"2017-04-22 00:00:00";150.0;535.0
"2017-04-24 19:30:34+02:00";"he46";"2017-04-24 01:00:00";0.0;"";"2017-04-23 08:00:00";1.0;0.0;0.0;1.0;1.0;1.0;0.0;0.0;3.0;0.0;"feestje gevierd";0.0;0.0;0.0;0.0;0.0;0.0;0.0;2.0;0.0;0.0;0.0;0.0;"2017-04-23 23:30:00";6484.0;9.7;2.0;0.0;"2017-04-23 19:30:34+02:00";6.0;90.0;90.0;6.0;3.0;"0:30:00";390.0;270.0;150.0;120.0;3.0;2.0;1.0;1.0;0.0;0.0;6.0;5.0;3.0;12.0;9.0;6.0;4.0;4.0;1.0;0.0;0.0;0.0;0.0;0.0;0.0;8.0;6.0;2.0;120.0;30.0;30.0;2.0;4.0;0.0;"2017-04-21 01:00:00";"2017-04-22 00:00:00";"2017-04-23 00:00:00";90.0;550.0
"2017-04-25 21:17:13+02:00";"he46";"2017-04-24 23:30:00";0.0;"";"2017-04-24 07:00:00";2.0;0.0;1.0;1.0;1.0;2.0;1.0;2.0;3.0;3.0;"tv kijken";0.0;0.0;0.0;0.0;0.0;0.0;2.0;0.0;0.0;0.0;0.0;0.0;"2017-04-25 00:00:00";5363.0;2.4;2.0;0.0;"2017-04-24 21:17:13+02:00";0.0;-30.0;0.0;0.0;0.0;"1:00:00";390.0;120.0;90.0;60.0;2.0;1.0;0.0;1.0;1.0;1.0;7.0;5.0;3.0;12.0;9.0;6.0;7.0;4.0;3.0;0.0;0.0;0.0;0.0;0.0;0.0;8.0;4.0;4.0;30.0;30.0;90.0;4.0;0.0;2.0;"2017-04-22 00:00:00";"2017-04-23 00:00:00";"2017-04-24 01:00:00";90.0;430.0
"2017-04-10 10:00:40+02:00";"MJ87";"2017-04-09 23:45:00";1.0;"Ik wilde nog een extra hoofdstuk lezen";"2017-04-09 08:20:00";0.0;0.0;0.0;0.0;1.0;1.0;0.0;1.0;2.0;3.0;"tv kijken, lezen";0.0;2.0;0.0;0.0;2.0;0.0;0.0;0.0;1.0;0.0;0.0;0.0;NaT;5244.0;12.3;5.0;1.0;"2017-04-09 10:00:40+02:00";6.0;nan;nan;nan;nan;"0:15:00";500.0;0.0;0.0;0.0;0.0;0.0;0.0;0.0;0.0;0.0;1.0;1.0;1.0;2.0;2.0;2.0;3.0;3.0;3.0;2.0;2.0;2.0;0.0;0.0;0.0;5.0;5.0;5.0;nan;nan;nan;nan;nan;nan;nan;nan;nan;-20.0;0.0
"2017-04-11 09:56:16+02:00";"MJ87";"2017-04-10 23:30:00";1.0;"";"2017-04-10 08:00:00";1.0;0.0;0.0;0.0;0.0;2.0;0.0;1.0;3.0;2.0;"kletsen, smartphone";0.0;0.0;0.0;0.0;2.0;0.0;0.0;0.0;0.0;0.0;0.0;0.0;"2017-04-10 23:30:00";3687.0;6.2;2.0;0.0;"2017-04-10 09:56:16+02:00";0.0;0.0;0.0;0.0;0.0;"0:30:00";480.0;0.0;0.0;0.0;0.0;0.0;0.0;0.0;0.0;0.0;3.0;3.0;3.0;5.0;5.0;5.0;5.0;5.0;5.0;2.0;2.0;2.0;0.0;0.0;0.0;7.0;7.0;7.0;nan;nan;nan;nan;nan;5.0;nan;nan;"2017-04-09 23:45:00";0.0;0.0
"2017-04-12 15:47:02+02:00";"MJ87";"2017-04-11 23:45:00";1.0;"Nog even willen appen met iemand";"2017-04-11 08:15:00";1.0;1.0;0.0;0.0;0.0;2.0;0.0;1.0;1.0;3.0;"gamen, tv, lezen, appen";0.0;0.0;0.0;0.0;2.0;0.0;2.0;0.0;2.0;0.0;0.0;0.0;"2017-04-11 23:30:00";14568.0;10.3;6.0;0.0;"2017-04-11 15:47:02+02:00";1.0;15.0;15.0;1.0;1.0;"0:30:00";480.0;15.0;15.0;15.0;1.0;1.0;1.0;0.0;0.0;0.0;5.0;5.0;4.0;6.0;6.0;4.0;8.0;8.0;5.0;2.0;2.0;0.0;0.0;0.0;0.0;13.0;13.0;8.0;nan;nan;0.0;nan;5.0;2.0;nan;"2017-04-09 23:45:00";"2017-04-10 23:30:00";0.0;0.0
"2017-04-13 18:33:28+02:00";"MJ87";"2017-04-13 00:45:00";0.0;"";"2017-04-12 09:15:00";0.0;0.0;1.0;0.0;1.0;2.0;1.0;0.0;2.0;2.0;"cafe, bus";0.0;1.0;0.0;0.0;2.0;0.0;0.0;1.0;2.0;0.0;0.0;0.0;"2017-04-13 01:00:00";5928.0;0.9;6.0;2.0;"2017-04-12 18:33:28+02:00";2.0;-15.0;0.0;0.0;0.0;"0:15:00";495.0;0.0;0.0;0.0;1.0;1.0;1.0;1.0;1.0;1.0;7.0;6.0;4.0;8.0;6.0;3.0;10.0;7.0;5.0;3.0;1.0;1.0;0.0;0.0;0.0;19.0;14.0;12.0;nan;0.0;15.0;5.0;2.0;6.0;"2017-04-09 23:45:00";"2017-04-10 23:30:00";"2017-04-11 23:45:00";-15.0;0.0
"2017-04-14 13:20:19+02:00";"MJ87";"2017-04-14 00:15:00";0.0;"";"2017-04-13 09:45:00";1.0;0.0;1.0;1.0;2.0;2.0;0.0;2.0;1.0;3.0;"Gamen";0.0;1.0;0.0;0.0;0.0;0.0;0.0;1.0;2.0;0.0;0.0;0.0;"2017-04-14 01:00:00";3953.0;6.6;4.0;2.0;"2017-04-13 13:20:19+02:00";3.0;-45.0;0.0;0.0;0.0;"0:30:00";540.0;-45.0;-45.0;-60.0;1.0;1.0;0.0;2.0;2.0;2.0;8.0;6.0;4.0;7.0;4.0;3.0;10.0;8.0;5.0;2.0;2.0;2.0;0.0;0.0;0.0;18.0;16.0;10.0;0.0;15.0;-15.0;2.0;6.0;6.0;"2017-04-10 23:30:00";"2017-04-11 23:45:00";"2017-04-13 00:45:00";-60.0;0.0
"2017-04-15 10:45:45+02:00";"MJ87";"2017-04-15 01:00:00";1.0;"het was nog gezellig";"2017-04-14 07:50:00";1.0;0.0;1.0;0.0;1.0;2.0;1.0;1.0;1.0;3.0;"gamen, bankhangen";0.0;2.0;0.0;0.0;0.0;0.0;0.0;2.0;0.0;0.0;0.0;0.0;"2017-04-14 23:30:00";8599.0;4.8;4.0;0.0;"2017-04-14 10:45:45+02:00";4.0;90.0;90.0;6.0;3.0;"0:30:00";380.0;45.0;30.0;45.0;1.0;0.0;0.0;3.0;3.0;2.0;8.0;6.0;4.0;5.0;4.0;2.0;11.0;8.0;6.0;4.0;4.0;3.0;0.0;0.0;0.0;20.0;14.0;8.0;15.0;-15.0;-45.0;6.0;6.0;4.0;"2017-04-11 23:45:00";"2017-04-13 00:45:00";"2017-04-14 00:15:00";100.0;100.0
"2017-04-16 15:37:49+02:00";"MJ87";"2017-04-16 00:20:00";1.0;"Was nog aan het overleggen over een online bestelling die wat langer duurde dan verwacht";"2017-04-15 08:00:00";2.0;1.0;1.0;1.0;1.0;1.0;0.0;1.0;1.0;3.0;"tv kijken, telefoon gebruikt";0.0;0.0;0.0;0.0;2.0;0.0;0.0;0.0;0.0;0.0;2.0;0.0;"2017-04-15 23:30:00";4493.0;4.5;4.0;0.0;"2017-04-15 15:37:49+02:00";5.0;50.0;50.0;3.0;2.0;"1:00:00";400.0;80.0;95.0;140.0;1.0;1.0;1.0;4.0;3.0;2.0;7.0;5.0;3.0;5.0;3.0;2.0;11.0;9.0;6.0;4.0;3.0;2.0;0.0;0.0;0.0;18.0;12.0;8.0;-15.0;-45.0;90.0;6.0;4.0;4.0;"2017-04-13 00:45:00";"2017-04-14 00:15:00";"2017-04-15 01:00:00";80.0;180.0
"2017-04-17 09:57:40+02:00";"MJ87";"2017-04-16 23:30:00";0.0;"";"2017-04-16 08:40:00";1.0;0.0;1.0;0.0;1.0;2.0;0.0;1.0;3.0;2.0;"bank hangen, lezen";0.0;0.0;0.0;0.0;2.0;0.0;0.0;0.0;2.0;0.0;0.0;0.0;"2017-04-16 23:30:00";2708.0;2.9;4.0;0.0;"2017-04-16 09:57:40+02:00";6.0;0.0;0.0;0.0;0.0;"0:30:00";520.0;95.0;140.0;50.0;1.0;1.0;1.0;4.0;3.0;2.0;7.0;5.0;3.0;6.0;5.0;4.0;11.0;8.0;5.0;3.0;2.0;0.0;0.0;0.0;0.0;16.0;12.0;8.0;-45.0;90.0;50.0;4.0;4.0;4.0;"2017-04-14 00:15:00";"2017-04-15 01:00:00";"2017-04-16 00:20:00";-40.0;80.0
"2017-04-18 12:15:40+02:00";"MJ87";"2017-04-18 00:00:00";1.0;"Nog even lezen en praten";"2017-04-17 07:45:00";1.0;1.0;0.0;1.0;2.0;1.0;0.0;1.0;1.0;3.0;"Passion kijken, lezen, appen";0.0;0.0;0.0;0.0;2.0;0.0;0.0;0.0;2.0;0.0;0.0;0.0;"2017-04-17 23:30:00";6770.0;9.9;4.0;0.0;"2017-04-17 12:15:40+02:00";0.0;30.0;30.0;2.0;1.0;"0:30:00";435.0;170.0;80.0;30.0;2.0;2.0;1.0;3.0;2.0;1.0;6.0;4.0;3.0;6.0;5.0;4.0;11.0;8.0;5.0;2.0;0.0;0.0;0.0;0.0;0.0;16.0;12.0;8.0;90.0;50.0;0.0;4.0;4.0;4.0;"2017-04-15 01:00:00";"2017-04-16 00:20:00";"2017-04-16 23:30:00";45.0;185.0
"2017-04-19 16:49:25+02:00";"MJ87";"2017-04-19 02:00:00";1.0;"er kwamen vrienden langs";"2017-04-18 11:00:00";0.0;0.0;1.0;1.0;2.0;2.0;2.0;1.0;3.0;0.0;"vrienden, drinken";0.0;2.0;0.0;0.0;0.0;0.0;0.0;2.0;0.0;0.0;0.0;0.0;"2017-04-19 01:00:00";8186.0;10.2;4.0;0.0;"2017-04-18 16:49:25+02:00";1.0;60.0;60.0;4.0;2.0;"0:15:00";525.0;140.0;90.0;90.0;2.0;1.0;1.0;3.0;2.0;1.0;6.0;5.0;3.0;8.0;7.0;4.0;8.0;5.0;3.0;2.0;2.0;2.0;0.0;0.0;0.0;16.0;12.0;8.0;50.0;0.0;30.0;4.0;4.0;4.0;"2017-04-16 00:20:00";"2017-04-16 23:30:00";"2017-04-18 00:00:00";-45.0;40.0
"2017-04-20 11:26:10+02:00";"MJ87";"2017-04-20 01:00:00";0.0;"";"2017-04-19 09:30:00";3.0;0.0;0.0;0.0;1.0;2.0;1.0;1.0;1.0;3.0;"Gamen";0.0;2.0;0.0;0.0;0.0;0.0;0.0;1.0;1.0;0.0;0.0;0.0;"2017-04-20 01:00:00";10586.0;7.9;4.0;2.0;"2017-04-19 11:26:10+02:00";2.0;0.0;0.0;0.0;0.0;"1:30:00";420.0;90.0;90.0;60.0;1.0;1.0;0.0;2.0;1.0;1.0;7.0;5.0;4.0;8.0;5.0;4.0;8.0;6.0;3.0;4.0;4.0;4.0;0.0;0.0;0.0;16.0;12.0;8.0;0.0;30.0;60.0;4.0;4.0;4.0;"2017-04-16 23:30:00";"2017-04-18 00:00:00";"2017-04-19 02:00:00";60.0;60.0
"2017-04-21 13:41:35+02:00";"MJ87";"2017-04-20 23:45:00";0.0;"";"2017-04-20 10:15:00";1.0;0.0;0.0;0.0;0.0;2.0;1.0;1.0;2.0;1.0;"verjaardag ,terug rijden naar huis";0.0;0.0;0.0;0.0;0.0;0.0;0.0;0.0;0.0;0.0;0.0;0.0;"2017-04-21 01:00:00";6246.0;11.5;0.0;0.0;"2017-04-20 13:41:35+02:00";3.0;-75.0;0.0;0.0;0.0;"0:30:00";600.0;15.0;-15.0;-75.0;1.0;0.0;0.0;1.0;1.0;0.0;7.0;6.0;4.0;7.0;6.0;3.0;7.0;4.0;4.0;4.0;4.0;2.0;0.0;0.0;0.0;12.0;8.0;4.0;30.0;60.0;0.0;4.0;4.0;4.0;"2017-04-18 00:00:00";"2017-04-19 02:00:00";"2017-04-20 01:00:00";-120.0;0.0
"2017-04-22 10:56:51+02:00";"MJ87";"2017-04-22 00:45:00";1.0;"Ik was iets later thuis dan verwacht";"2017-04-21 08:30:00";0.0;0.0;0.0;0.0;1.0;2.0;0.0;1.0;3.0;3.0;"borrel met vrienden, terugrit met metro naar huis";0.0;0.0;0.0;0.0;2.0;0.0;0.0;2.0;0.0;0.0;0.0;0.0;"2017-04-22 00:30:00";8213.0;0.3;4.0;0.0;"2017-04-21 10:56:51+02:00";4.0;15.0;15.0;1.0;1.0;"0:15:00";450.0;0.0;-60.0;-60.0;0.0;0.0;0.0;1.0;0.0;0.0;8.0;6.0;4.0;9.0;6.0;5.0;7.0;7.0;4.0;4.0;2.0;0.0;0.0;0.0;0.0;12.0;8.0;4.0;60.0;0.0;-75.0;4.0;4.0;0.0;"2017-04-19 02:00:00";"2017-04-20 01:00:00";"2017-04-20 23:45:00";30.0;30.0
"2017-04-23 09:51:38+02:00";"MJ87";"2017-04-22 23:45:00";1.0;"nog even lezen en door sociale media scrollen";"2017-04-22 08:30:00";0.0;0.0;0.0;0.0;0.0;2.0;1.0;1.0;1.0;1.0;"sporten, douchen, tv kijken, lezen";0.0;0.0;0.0;0.0;2.0;0.0;2.0;0.0;2.0;0.0;0.0;0.0;"2017-04-22 23:30:00";3673.0;6.8;6.0;0.0;"2017-04-22 09:51:38+02:00";5.0;15.0;15.0;1.0;1.0;"0:15:00";510.0;-45.0;-45.0;30.0;0.0;0.0;0.0;0.0;0.0;0.0;8.0;6.0;4.0;7.0;6.0;4.0;8.0;5.0;4.0;2.0;0.0;0.0;0.0;0.0;0.0;14.0;10.0;10.0;0.0;-75.0;15.0;4.0;0.0;4.0;"2017-04-20 01:00:00";"2017-04-20 23:45:00";"2017-04-22 00:45:00";-30.0;0.0
"2017-04-24 10:53:56+02:00";"MJ87";"2017-04-24 00:00:00";1.0;"nog even lezen";"2017-04-23 08:15:00";0.0;0.0;1.0;0.0;1.0;2.0;1.0;1.0;3.0;2.0;"bank hangen, lezen in bed";0.0;0.0;0.0;0.0;2.0;0.0;0.0;0.0;2.0;0.0;0.0;0.0;"2017-04-23 23:30:00";6731.0;6.8;4.0;0.0;"2017-04-23 10:53:56+02:00";6.0;30.0;30.0;2.0;1.0;"0:15:00";480.0;-15.0;60.0;45.0;0.0;0.0;0.0;1.0;1.0;1.0;8.0;6.0;4.0;9.0;7.0;4.0;7.0;6.0;3.0;0.0;0.0;0.0;0.0;0.0;0.0;14.0;14.0;10.0;-75.0;15.0;15.0;0.0;4.0;6.0;"2017-04-20 23:45:00";"2017-04-22 00:45:00";"2017-04-22 23:45:00";0.0;0.0
"2017-04-25 12:02:42+02:00";"MJ87";"2017-04-24 23:45:00";1.0;"ik was nog in gesprek op de app";"2017-04-24 08:30:00";0.0;0.0;0.0;0.0;0.0;2.0;0.0;1.0;2.0;1.0;"tv kijken, lezen, appen";0.0;0.0;0.0;0.0;2.0;0.0;0.0;0.0;0.0;0.0;0.0;0.0;"2017-04-24 23:30:00";5315.0;1.9;2.0;0.0;"2017-04-24 12:02:42+02:00";0.0;15.0;15.0;1.0;1.0;"0:15:00";510.0;75.0;60.0;45.0;0.0;0.0;0.0;1.0;1.0;1.0;8.0;6.0;4.0;9.0;6.0;5.0;7.0;4.0;3.0;0.0;0.0;0.0;0.0;0.0;0.0;16.0;12.0;6.0;15.0;15.0;30.0;4.0;6.0;4.0;"2017-04-22 00:45:00";"2017-04-22 23:45:00";"2017-04-24 00:00:00";-30.0;0.0
"2017-04-26 20:23:18+02:00";"MJ87";"2017-04-26 01:30:00";1.0;"Was langer gezellig dan verwacht ";"2017-04-25 11:00:00";1.0;0.0;0.0;0.0;0.0;2.0;1.0;2.0;2.0;0.0;"Serie kijken met vriendin, naar huis rijden";0.0;2.0;0.0;0.0;0.0;0.0;0.0;0.0;2.0;0.0;0.0;0.0;"2017-04-26 00:30:00";3123.0;7.6;4.0;0.0;"2017-04-25 20:23:18+02:00";1.0;60.0;60.0;4.0;2.0;"0:30:00";540.0;120.0;105.0;75.0;0.0;0.0;0.0;1.0;1.0;0.0;8.0;6.0;4.0;8.0;7.0;4.0;4.0;3.0;1.0;2.0;2.0;2.0;0.0;0.0;0.0;16.0;10.0;6.0;15.0;30.0;15.0;6.0;4.0;2.0;"2017-04-22 23:45:00";"2017-04-24 00:00:00";"2017-04-24 23:45:00";-60.0;0.0
"2017-04-27 21:27:33+02:00";"MJ87";"2017-04-27 01:00:00";1.0;"zat nog langer te lezen";"2017-04-26 11:30:00";0.0;0.0;1.0;0.0;1.0;2.0;0.0;1.0;2.0;1.0;"cafe, naar huis met de bus, lezen";0.0;1.0;1.0;0.0;2.0;0.0;0.0;2.0;0.0;0.0;0.0;0.0;"2017-04-27 01:00:00";3325.0;8.0;6.0;2.0;"2017-04-26 21:27:33+02:00";2.0;0.0;0.0;0.0;0.0;"0:15:00";615.0;105.0;75.0;60.0;0.0;0.0;0.0;2.0;1.0;1.0;8.0;6.0;4.0;9.0;6.0;4.0;4.0;2.0;1.0;3.0;3.0;3.0;0.0;0.0;0.0;16.0;12.0;10.0;30.0;15.0;60.0;4.0;2.0;4.0;"2017-04-24 00:00:00";"2017-04-24 23:45:00";"2017-04-26 01:30:00";-135.0;0.0
"2017-04-28 10:02:58+02:00";"MJ87";"2017-04-28 00:30:00";1.0;"gamen liep uit en lag nog gezellig te kletsen";"2017-04-27 08:00:00";0.0;0.0;0.0;1.0;1.0;2.0;0.0;2.0;0.0;3.0;"gamen, kletsen";0.0;2.0;0.0;0.0;2.0;0.0;0.0;2.0;2.0;0.0;0.0;0.0;"2017-04-28 00:00:00";3466.0;7.5;8.0;0.0;"2017-04-27 10:02:58+02:00";3.0;30.0;30.0;2.0;1.0;"0:15:00";435.0;105.0;90.0;30.0;0.0;0.0;0.0;1.0;1.0;1.0;8.0;6.0;4.0;6.0;4.0;2.0;5.0;4.0;4.0;5.0;5.0;3.0;0.0;0.0;0.0;20.0;18.0;14.0;15.0;60.0;0.0;2.0;4.0;6.0;"2017-04-24 23:45:00";"2017-04-26 01:30:00";"2017-04-27 01:00:00";45.0;45.0
"2017-04-10 09:37:29+02:00";"PM61";"2017-04-09 23:30:00";0.0;"";"2017-04-09 07:15:00";2.0;0.0;1.0;0.0;1.0;1.0;1.0;0.0;1.0;2.0;"Metroreis, wandelen, televisie, gesprekken";0.0;0.0;0.0;0.0;2.0;0.0;0.0;0.0;2.0;0.0;0.0;0.0;NaT;15943.0;12.3;4.0;0.0;"2017-04-09 09:37:29+02:00";6.0;nan;nan;nan;nan;"1:00:00";405.0;0.0;0.0;0.0;0.0;0.0;0.0;1.0;1.0;1.0;1.0;1.0;1.0;1.0;1.0;1.0;2.0;2.0;2.0;0.0;0.0;0.0;0.0;0.0;0.0;4.0;4.0;4.0;nan;nan;nan;nan;nan;nan;nan;nan;nan;75.0;75.0
"2017-04-11 15:33:28+02:00";"PM61";"2017-04-10 23:30:00";1.0;"Ik was later thuis dan ik had gehoopt";"2017-04-10 07:30:00";3.0;1.0;0.0;0.0;3.0;1.0;0.0;2.0;2.0;2.0;"Bezoek bij schoonouders, autorijden, betalingen afhandelen, douchen";0.0;0.0;0.0;0.0;0.0;0.0;0.0;2.0;2.0;0.0;0.0;0.0;"2017-04-10 23:00:00";4069.0;6.2;4.0;0.0;"2017-04-10 15:33:28+02:00";0.0;30.0;30.0;2.0;1.0;"1:30:00";390.0;30.0;30.0;30.0;1.0;1.0;1.0;1.0;1.0;1.0;2.0;2.0;2.0;3.0;3.0;3.0;4.0;4.0;4.0;0.0;0.0;0.0;0.0;0.0;0.0;8.0;8.0;8.0;nan;nan;nan;nan;nan;4.0;nan;nan;"2017-04-09 23:30:00";90.0;165.0
"2017-04-12 01:51:50+02:00";"PM61";"2017-04-11 23:46:00";1.0;"Ik was een game aan het uitspelen";"2017-04-11 07:30:00";3.0;1.0;2.0;0.0;3.0;0.0;0.0;2.0;1.0;3.0;"Gamen, conversatie via telefoon-app";2.0;0.0;0.0;0.0;0.0;0.0;0.0;2.0;2.0;0.0;0.0;0.0;"2017-04-11 23:00:00";2397.0;10.3;6.0;0.0;"2017-04-11 01:51:50+02:00";1.0;46.0;46.0;3.0;2.0;"1:30:00";374.0;76.0;76.0;76.0;2.0;2.0;2.0;3.0;3.0;2.0;2.0;2.0;1.0;4.0;4.0;3.0;7.0;7.0;5.0;0.0;0.0;0.0;0.0;0.0;0.0;14.0;14.0;10.0;nan;nan;30.0;nan;4.0;4.0;nan;"2017-04-09 23:30:00";"2017-04-10 23:30:00";106.0;271.0
"2017-04-13 16:48:23+02:00";"PM61";"2017-04-13 02:00:00";1.0;"Er kwamen vrienden langs";"2017-04-12 11:00:00";2.0;0.0;1.0;0.0;0.0;2.0;3.0;1.0;2.0;0.0;"Met vrienden op de bank zitten";0.0;0.0;0.0;0.0;0.0;0.0;0.0;2.0;2.0;0.0;0.0;0.0;"2017-04-13 00:00:00";5646.0;0.9;4.0;0.0;"2017-04-12 16:48:23+02:00";2.0;120.0;120.0;8.0;3.0;"1:00:00";480.0;196.0;196.0;166.0;2.0;2.0;1.0;4.0;3.0;3.0;4.0;3.0;2.0;6.0;5.0;3.0;7.0;5.0;3.0;0.0;0.0;0.0;0.0;0.0;0.0;18.0;14.0;10.0;nan;30.0;46.0;4.0;4.0;6.0;"2017-04-09 23:30:00";"2017-04-10 23:30:00";"2017-04-11 23:46:00";0.0;271.0
"2017-04-14 12:49:48+02:00";"PM61";"2017-04-14 00:00:00";0.0;"";"2017-04-13 07:50:00";1.0;0.0;1.0;0.0;2.0;1.0;1.0;1.0;0.0;3.0;"Afwassen, gamen";0.0;0.0;0.0;0.0;0.0;0.0;0.0;2.0;2.0;0.0;0.0;0.0;"2017-04-14 01:00:00";5918.0;6.6;4.0;0.0;"2017-04-13 12:49:48+02:00";3.0;-60.0;0.0;0.0;0.0;"0:30:00";440.0;136.0;106.0;60.0;2.0;1.0;0.0;4.0;4.0;2.0;4.0;3.0;3.0;5.0;3.0;2.0;8.0;6.0;3.0;0.0;0.0;0.0;0.0;0.0;0.0;18.0;14.0;8.0;30.0;46.0;120.0;4.0;6.0;4.0;"2017-04-10 23:30:00";"2017-04-11 23:46:00";"2017-04-13 02:00:00";40.0;236.0
"2017-04-15 13:22:06+02:00";"PM61";"2017-04-15 00:15:00";0.0;"";"2017-04-14 09:30:00";0.0;0.0;1.0;0.0;1.0;2.0;0.0;1.0;0.0;3.0;"Gamen";0.0;0.0;0.0;0.0;0.0;0.0;0.0;0.0;2.0;0.0;0.0;0.0;"2017-04-14 23:00:00";5743.0;4.8;2.0;0.0;"2017-04-14 13:22:06+02:00";4.0;75.0;75.0;5.0;3.0;"0:15:00";540.0;181.0;135.0;15.0;1.0;0.0;0.0;5.0;3.0;2.0;5.0;5.0;3.0;3.0;2.0;0.0;9.0;6.0;6.0;0.0;0.0;0.0;0.0;0.0;0.0;16.0;10.0;6.0;46.0;120.0;-60.0;6.0;4.0;4.0;"2017-04-11 23:46:00";"2017-04-13 02:00:00";"2017-04-14 00:00:00";-60.0;86.0
"2017-04-16 08:46:16+02:00";"PM61";"2017-04-15 23:45:00";1.0;"Het was maar een kwarter; maar ik was aan het gamen";"2017-04-15 07:45:00";1.0;0.0;0.0;0.0;2.0;2.0;2.0;2.0;1.0;3.0;"Gamen";0.0;0.0;0.0;0.0;0.0;0.0;0.0;2.0;2.0;0.0;0.0;0.0;"2017-04-15 23:30:00";5609.0;4.5;4.0;0.0;"2017-04-15 08:46:16+02:00";5.0;15.0;15.0;1.0;1.0;"0:30:00";450.0;150.0;30.0;90.0;0.0;0.0;0.0;3.0;2.0;1.0;7.0;5.0;4.0;3.0;1.0;1.0;9.0;9.0;6.0;0.0;0.0;0.0;0.0;0.0;0.0;14.0;10.0;6.0;120.0;-60.0;75.0;4.0;4.0;2.0;"2017-04-13 02:00:00";"2017-04-14 00:00:00";"2017-04-15 00:15:00";30.0;30.0
"2017-04-17 10:05:28+02:00";"PM61";"2017-04-16 23:30:00";0.0;"";"2017-04-16 07:30:00";1.0;0.0;0.0;0.0;0.0;2.0;0.0;2.0;2.0;3.0;"Gamen, Skype, ontspannings-video's kijken";0.0;0.0;0.0;0.0;0.0;0.0;0.0;0.0;2.0;0.0;0.0;0.0;"2017-04-16 23:30:00";2499.0;2.9;2.0;0.0;"2017-04-16 10:05:28+02:00";6.0;0.0;0.0;0.0;0.0;"0:30:00";450.0;30.0;90.0;15.0;0.0;0.0;0.0;2.0;1.0;0.0;7.0;6.0;4.0;3.0;3.0;3.0;12.0;9.0;6.0;0.0;0.0;0.0;0.0;0.0;0.0;12.0;8.0;6.0;-60.0;75.0;15.0;4.0;2.0;4.0;"2017-04-14 00:00:00";"2017-04-15 00:15:00";"2017-04-15 23:45:00";30.0;60.0
"2017-04-18 22:41:26+02:00";"PM61";"2017-04-18 00:30:00";1.0;"Mijn serie (The OA) was interessanter dan ik van te voren had zien aankomen";"2017-04-17 07:45:00";0.0;0.0;0.0;1.0;3.0;1.0;0.0;1.0;1.0;3.0;"Serie kijken";0.0;0.0;0.0;0.0;2.0;0.0;0.0;0.0;2.0;0.0;0.0;0.0;"2017-04-18 00:00:00";11129.0;9.9;4.0;0.0;"2017-04-17 22:41:26+02:00";0.0;30.0;30.0;2.0;1.0;"0:15:00";420.0;120.0;45.0;30.0;0.0;0.0;0.0;1.0;0.0;0.0;7.0;5.0;3.0;4.0;4.0;3.0;12.0;9.0;6.0;0.0;0.0;0.0;0.0;0.0;0.0;12.0;10.0;6.0;75.0;15.0;0.0;2.0;4.0;2.0;"2017-04-15 00:15:00";"2017-04-15 23:45:00";"2017-04-16 23:30:00";60.0;90.0
"2017-04-19 13:33:01+02:00";"PM61";"2017-04-19 00:15:00";1.0;"Ik was aan het gamen met een vriend en dat liep uit";"2017-04-18 07:45:00";3.0;1.0;2.0;0.0;2.0;0.0;0.0;2.0;1.0;3.0;"Gamen, ontspanningsvideo's kijken";1.0;1.0;0.0;0.0;0.0;0.0;0.0;1.0;2.0;0.0;0.0;0.0;"2017-04-18 23:30:00";7209.0;10.2;5.0;3.0;"2017-04-18 13:33:01+02:00";1.0;45.0;45.0;3.0;2.0;"1:30:00";360.0;90.0;75.0;75.0;1.0;1.0;1.0;2.0;2.0;2.0;5.0;3.0;1.0;5.0;4.0;2.0;12.0;9.0;6.0;1.0;1.0;1.0;0.0;0.0;0.0;15.0;11.0;9.0;15.0;0.0;30.0;4.0;2.0;4.0;"2017-04-15 23:45:00";"2017-04-16 23:30:00";"2017-04-18 00:30:00";120.0;240.0
"2017-04-20 16:15:11+02:00";"PM61";"2017-04-19 23:30:00";0.0;"";"2017-04-19 07:50:00";1.0;0.0;0.0;0.0;2.0;2.0;0.0;1.0;2.0;3.0;"Gamen, ontspanningsvideo's kijken";0.0;0.0;0.0;0.0;0.0;0.0;0.0;0.0;2.0;0.0;0.0;0.0;"2017-04-19 23:30:00";8042.0;7.9;2.0;0.0;"2017-04-19 16:15:11+02:00";2.0;0.0;0.0;0.0;0.0;"0:30:00";470.0;75.0;75.0;45.0;1.0;1.0;1.0;2.0;2.0;2.0;5.0;3.0;2.0;6.0;4.0;3.0;12.0;9.0;6.0;1.0;1.0;1.0;0.0;0.0;0.0;13.0;11.0;7.0;0.0;30.0;45.0;2.0;4.0;5.0;"2017-04-16 23:30:00";"2017-04-18 00:30:00";"2017-04-19 00:15:00";10.0;220.0
"2017-04-21 11:25:00+02:00";"PM61";"2017-04-21 01:00:00";0.0;"";"2017-04-20 21:30:00";3.0;0.0;0.0;0.0;1.0;2.0;1.0;2.0;1.0;1.0;"Gamen";0.0;0.0;0.0;0.0;0.0;0.0;0.0;2.0;2.0;0.0;0.0;0.0;"2017-04-21 00:30:00";4918.0;11.5;4.0;0.0;"2017-04-20 11:25:00+02:00";3.0;30.0;30.0;2.0;1.0;"1:30:00";1140.0;105.0;75.0;30.0;1.0;1.0;0.0;2.0;2.0;0.0;5.0;4.0;4.0;5.0;4.0;3.0;10.0;7.0;4.0;1.0;1.0;0.0;0.0;0.0;0.0;15.0;11.0;6.0;30.0;45.0;0.0;4.0;5.0;2.0;"2017-04-18 00:30:00";"2017-04-19 00:15:00";"2017-04-19 23:30:00";-660.0;0.0
"2017-04-22 14:10:20+02:00";"PM61";"2017-04-22 00:00:00";0.0;"";"2017-04-21 10:00:00";1.0;0.0;0.0;0.0;0.0;2.0;0.0;0.0;3.0;0.0;"Eten, meerijden in auto, praten";0.0;0.0;0.0;1.0;0.0;0.0;0.0;0.0;2.0;0.0;0.0;0.0;"2017-04-22 01:00:00";10661.0;0.3;3.0;1.0;"2017-04-21 14:10:20+02:00";4.0;-60.0;0.0;0.0;0.0;"0:30:00";570.0;15.0;-30.0;-30.0;1.0;0.0;0.0;2.0;0.0;0.0;6.0;6.0;4.0;7.0;6.0;4.0;7.0;4.0;1.0;1.0;0.0;0.0;1.0;1.0;1.0;14.0;9.0;7.0;45.0;0.0;30.0;5.0;2.0;4.0;"2017-04-19 00:15:00";"2017-04-19 23:30:00";"2017-04-21 01:00:00";-90.0;0.0
"2017-04-23 09:43:26+02:00";"PM61";"2017-04-22 23:30:00";0.0;"";"2017-04-22 08:00:00";2.0;1.0;1.0;0.0;2.0;1.0;0.0;2.0;2.0;3.0;"Reizen met metro, reizen met bus, gamen, op YouTube rondhangen";1.0;1.0;0.0;0.0;2.0;0.0;0.0;1.0;2.0;0.0;0.0;0.0;"2017-04-22 23:30:00";4582.0;6.8;7.0;3.0;"2017-04-22 09:43:26+02:00";5.0;0.0;0.0;0.0;0.0;"1:00:00";450.0;-30.0;-30.0;-60.0;1.0;1.0;1.0;1.0;1.0;1.0;7.0;5.0;3.0;8.0;6.0;5.0;7.0;4.0;3.0;1.0;1.0;1.0;1.0;1.0;1.0;16.0;14.0;10.0;0.0;30.0;-60.0;2.0;4.0;3.0;"2017-04-19 23:30:00";"2017-04-21 01:00:00";"2017-04-22 00:00:00";30.0;30.0
"2017-04-24 00:02:32+02:00";"PM61";"2017-04-23 23:50:00";1.0;"Gamen liep uit";"2017-04-23 08:05:00";1.0;0.0;0.0;0.0;3.0;0.0;0.0;1.0;1.0;3.0;"Naar huis fietsen, gamen";1.0;0.0;0.0;0.0;0.0;0.0;0.0;2.0;2.0;0.0;0.0;0.0;"2017-04-23 23:30:00";3420.0;6.8;5.0;1.0;"2017-04-23 00:02:32+02:00";6.0;20.0;20.0;1.0;1.0;"0:30:00";465.0;-10.0;-40.0;20.0;1.0;1.0;1.0;1.0;1.0;1.0;5.0;3.0;1.0;7.0;6.0;3.0;7.0;6.0;6.0;1.0;1.0;1.0;1.0;1.0;0.0;19.0;15.0;12.0;30.0;-60.0;0.0;4.0;3.0;7.0;"2017-04-21 01:00:00";"2017-04-22 00:00:00";"2017-04-22 23:30:00";15.0;45.0
"2017-04-25 15:17:19+02:00";"PM61";"2017-04-25 01:30:00";1.0;"Het was gezellig op het terras";"2017-04-24 13:00:00";1.0;0.0;2.0;0.0;0.0;3.0;1.0;0.0;3.0;0.0;"Op terras zitten, fietsen, treinreizen, fietsen";1.0;1.0;0.0;0.0;0.0;0.0;0.0;2.0;2.0;0.0;0.0;0.0;"2017-04-24 23:30:00";3311.0;1.9;6.0;2.0;"2017-04-24 15:17:19+02:00";0.0;120.0;120.0;8.0;3.0;"0:30:00";660.0;80.0;140.0;140.0;1.0;1.0;0.0;3.0;3.0;2.0;6.0;4.0;3.0;9.0;6.0;4.0;6.0;6.0;3.0;2.0;2.0;1.0;1.0;0.0;0.0;21.0;18.0;11.0;-60.0;0.0;20.0;3.0;7.0;5.0;"2017-04-22 00:00:00";"2017-04-22 23:30:00";"2017-04-23 23:50:00";-180.0;0.0
"2017-04-26 21:27:41+02:00";"PM61";"2017-04-26 01:00:00";0.0;"";"2017-04-25 11:30:00";1.0;0.0;1.0;0.0;1.0;2.0;0.0;3.0;0.0;3.0;"Gamen";0.0;0.0;0.0;0.0;0.0;0.0;0.0;2.0;2.0;0.0;0.0;0.0;"2017-04-26 01:00:00";3619.0;7.6;4.0;0.0;"2017-04-25 21:27:41+02:00";1.0;0.0;0.0;0.0;0.0;"0:30:00";600.0;140.0;140.0;120.0;1.0;0.0;0.0;4.0;3.0;3.0;6.0;5.0;5.0;6.0;4.0;3.0;9.0;6.0;3.0;2.0;1.0;1.0;0.0;0.0;0.0;22.0;15.0;10.0;0.0;20.0;120.0;7.0;5.0;6.0;"2017-04-22 23:30:00";"2017-04-23 23:50:00";"2017-04-25 01:30:00";-120.0;0.0
"2017-04-27 00:55:27+02:00";"PM61";"2017-04-27 00:15:00";1.0;"Gamen en douchen liepen uit";"2017-04-26 07:40:00";1.0;0.0;1.0;0.0;1.0;2.0;1.0;1.0;3.0;3.0;"Gamen, douchen";1.0;0.0;0.0;0.0;2.0;0.0;0.0;2.0;2.0;0.0;0.0;0.0;"2017-04-27 00:00:00";4158.0;8.0;7.0;1.0;"2017-04-26 00:55:27+02:00";2.0;15.0;15.0;1.0;1.0;"0:30:00";415.0;155.0;135.0;15.0;0.0;0.0;0.0;4.0;4.0;2.0;7.0;7.0;4.0;7.0;6.0;3.0;9.0;6.0;6.0;1.0;1.0;0.0;0.0;0.0;0.0;22.0;17.0;11.0;20.0;120.0;0.0;5.0;6.0;4.0;"2017-04-23 23:50:00";"2017-04-25 01:30:00";"2017-04-26 01:00:00";65.0;65.0
"2017-04-10 13:52:48+02:00";"wh18";"2017-04-09 23:00:00";0.0;"";"2017-04-09 08:30:00";0.0;0.0;1.0;0.0;0.0;3.0;0.0;1.0;3.0;0.0;"tv gekeken";0.0;0.0;0.0;0.0;0.0;0.0;0.0;1.0;0.0;0.0;0.0;0.0;NaT;2653.0;12.5;1.0;1.0;"2017-04-09 13:52:48+02:00";6.0;nan;nan;nan;nan;"0:15:00";555.0;0.0;0.0;0.0;0.0;0.0;0.0;1.0;1.0;1.0;3.0;3.0;3.0;3.0;3.0;3.0;0.0;0.0;0.0;0.0;0.0;0.0;0.0;0.0;0.0;1.0;1.0;1.0;nan;nan;nan;nan;nan;nan;nan;nan;nan;-75.0;0.0
"2017-04-11 08:35:07+02:00";"wh18";"2017-04-11 00:30:00";1.0;"interessant tv programma over de panda's";"2017-04-10 08:00:00";1.0;1.0;1.0;0.0;0.0;2.0;0.0;1.0;2.0;3.0;"tv kijken, bellen";0.0;0.0;0.0;0.0;0.0;0.0;0.0;2.0;0.0;0.0;0.0;0.0;"2017-04-10 23:30:00";2267.0;1.9;2.0;0.0;"2017-04-10 08:35:07+02:00";0.0;60.0;60.0;4.0;2.0;"0:30:00";420.0;60.0;60.0;60.0;1.0;1.0;1.0;2.0;2.0;2.0;5.0;5.0;5.0;5.0;5.0;5.0;3.0;3.0;3.0;0.0;0.0;0.0;0.0;0.0;0.0;3.0;3.0;3.0;nan;nan;nan;nan;nan;1.0;nan;nan;"2017-04-09 23:00:00";60.0;60.0
"2017-04-12 08:36:22+02:00";"wh18";"2017-04-11 23:50:00";0.0;"";"2017-04-11 08:20:00";0.0;0.0;1.0;0.0;0.0;2.0;0.0;1.0;2.0;3.0;"tv kijken, bridgen op computer, bellen";0.0;0.0;0.0;0.0;0.0;0.0;0.0;0.0;0.0;0.0;0.0;0.0;"2017-04-11 23:30:00";3345.0;1.6;0.0;0.0;"2017-04-11 08:36:22+02:00";1.0;20.0;20.0;1.0;1.0;"0:15:00";495.0;80.0;80.0;80.0;1.0;1.0;1.0;3.0;3.0;2.0;7.0;7.0;4.0;7.0;7.0;4.0;6.0;6.0;6.0;0.0;0.0;0.0;0.0;0.0;0.0;3.0;3.0;2.0;nan;nan;60.0;nan;1.0;2.0;nan;"2017-04-09 23:00:00";"2017-04-11 00:30:00";-15.0;45.0
"2017-04-13 09:00:33+02:00";"wh18";"2017-04-12 23:30:00";0.0;"ging niet later naar bed";"2017-04-12 08:15:00";0.0;0.0;2.0;0.0;0.0;2.0;0.0;2.0;3.0;3.0;"lang telefoongesprek vriendin, tv kijken";0.0;0.0;0.0;0.0;0.0;0.0;0.0;0.0;0.0;0.0;0.0;0.0;"2017-04-12 23:45:00";3589.0;0.1;0.0;0.0;"2017-04-12 09:00:33+02:00";2.0;-15.0;0.0;0.0;0.0;"0:15:00";510.0;65.0;65.0;5.0;1.0;1.0;0.0;5.0;4.0;3.0;9.0;6.0;4.0;10.0;7.0;5.0;9.0;9.0;6.0;0.0;0.0;0.0;0.0;0.0;0.0;3.0;2.0;0.0;nan;60.0;20.0;1.0;2.0;0.0;"2017-04-09 23:00:00";"2017-04-11 00:30:00";"2017-04-11 23:50:00";-30.0;0.0
"2017-04-14 10:09:44+02:00";"wh18";"2017-04-13 23:45:00";0.0;"niet later";"2017-04-13 09:30:00";2.0;1.0;2.0;0.0;1.0;1.0;0.0;1.0;2.0;0.0;"vrienden te eten, gezellig";0.0;0.0;0.0;0.0;0.0;0.0;0.0;2.0;0.0;0.0;0.0;0.0;"2017-04-13 23:30:00";4121.0;6.6;2.0;0.0;"2017-04-13 10:09:44+02:00";3.0;15.0;15.0;1.0;1.0;"1:00:00";525.0;80.0;20.0;0.0;2.0;1.0;1.0;6.0;5.0;4.0;7.0;5.0;3.0;9.0;7.0;5.0;9.0;6.0;3.0;0.0;0.0;0.0;0.0;0.0;0.0;4.0;2.0;2.0;60.0;20.0;-15.0;2.0;0.0;0.0;"2017-04-11 00:30:00";"2017-04-11 23:50:00";"2017-04-12 23:30:00";-45.0;0.0
"2017-04-15 09:05:26+02:00";"wh18";"2017-04-14 23:45:00";0.0;"ging niet later";"2017-04-14 08:45:00";0.0;0.0;1.0;0.0;0.0;2.0;0.0;0.0;2.0;3.0;"tv gekeken ";0.0;0.0;0.0;0.0;0.0;0.0;0.0;2.0;0.0;0.0;0.0;0.0;"2017-04-14 23:30:00";2284.0;0.6;2.0;0.0;"2017-04-14 09:05:26+02:00";4.0;15.0;15.0;1.0;1.0;"0:15:00";525.0;35.0;15.0;30.0;1.0;1.0;1.0;6.0;5.0;3.0;7.0;5.0;3.0;9.0;7.0;4.0;9.0;6.0;3.0;0.0;0.0;0.0;0.0;0.0;0.0;4.0;4.0;4.0;20.0;-15.0;15.0;0.0;0.0;2.0;"2017-04-11 23:50:00";"2017-04-12 23:30:00";"2017-04-13 23:45:00";-45.0;0.0
"2017-04-16 10:07:17+02:00";"wh18";"2017-04-15 23:30:00";0.0;"niet later naar bed gegaan";"2017-04-15 08:15:00";1.0;0.0;1.0;0.0;0.0;2.0;0.0;1.0;1.0;1.0;"tv gekeken";0.0;0.0;0.0;0.0;0.0;0.0;0.0;2.0;0.0;0.0;0.0;0.0;"2017-04-15 23:30:00";5169.0;6.8;2.0;0.0;"2017-04-15 10:07:17+02:00";5.0;0.0;0.0;0.0;0.0;"0:30:00";495.0;15.0;30.0;15.0;1.0;1.0;0.0;6.0;4.0;2.0;7.0;5.0;4.0;8.0;5.0;3.0;7.0;4.0;4.0;0.0;0.0;0.0;0.0;0.0;0.0;6.0;6.0;4.0;-15.0;15.0;15.0;0.0;2.0;2.0;"2017-04-12 23:30:00";"2017-04-13 23:45:00";"2017-04-14 23:45:00";-15.0;0.0
"2017-04-17 09:45:03+02:00";"wh18";"2017-04-17 00:45:00";1.0;"drukke avond met bridgen";"2017-04-16 09:15:00";2.0;1.0;1.0;0.0;0.0;2.0;1.0;2.0;2.0;1.0;"bridge, computer, lezen";0.0;0.0;0.0;0.0;0.0;0.0;0.0;2.0;0.0;0.0;0.0;0.0;"2017-04-16 23:45:00";8694.0;8.6;2.0;0.0;"2017-04-16 09:45:03+02:00";6.0;60.0;60.0;4.0;2.0;"1:00:00";450.0;90.0;75.0;60.0;2.0;1.0;1.0;5.0;3.0;2.0;7.0;6.0;4.0;7.0;5.0;3.0;5.0;5.0;2.0;0.0;0.0;0.0;0.0;0.0;0.0;8.0;6.0;4.0;15.0;15.0;0.0;2.0;2.0;2.0;"2017-04-13 23:45:00";"2017-04-14 23:45:00";"2017-04-15 23:30:00";30.0;30.0
"2017-04-18 09:13:42+02:00";"wh18";"2017-04-18 00:15:00";1.0;"gezellig";"2017-04-17 08:00:00";0.0;0.0;1.0;0.0;0.0;2.0;0.0;1.0;2.0;3.0;"even langs geweest bij moeder, daarna tv gekeken";0.0;0.0;0.0;0.0;0.0;0.0;0.0;2.0;0.0;0.0;0.0;0.0;"2017-04-17 23:30:00";6612.0;7.6;2.0;0.0;"2017-04-17 09:13:42+02:00";0.0;45.0;45.0;3.0;2.0;"0:15:00";450.0;120.0;105.0;105.0;1.0;1.0;1.0;4.0;3.0;2.0;8.0;6.0;4.0;7.0;5.0;4.0;8.0;5.0;4.0;0.0;0.0;0.0;0.0;0.0;0.0;8.0;6.0;4.0;15.0;0.0;60.0;2.0;2.0;2.0;"2017-04-14 23:45:00";"2017-04-15 23:30:00";"2017-04-17 00:45:00";30.0;60.0
"2017-04-19 08:14:31+02:00";"wh18";"2017-04-18 23:45:00";0.0;"niet later";"2017-04-18 08:00:00";0.0;0.0;1.0;0.0;0.0;2.0;0.0;1.0;3.0;0.0;"tv gekeken";0.0;0.0;0.0;0.0;0.0;0.0;0.0;2.0;0.0;0.0;0.0;0.0;"2017-04-18 23:45:00";3074.0;6.3;2.0;0.0;"2017-04-18 08:14:31+02:00";1.0;0.0;0.0;0.0;0.0;"0:15:00";480.0;105.0;105.0;45.0;1.0;1.0;0.0;4.0;3.0;2.0;8.0;6.0;4.0;8.0;7.0;5.0;5.0;4.0;3.0;0.0;0.0;0.0;0.0;0.0;0.0;8.0;6.0;4.0;0.0;60.0;45.0;2.0;2.0;2.0;"2017-04-15 23:30:00";"2017-04-17 00:45:00";"2017-04-18 00:15:00";0.0;45.0
"2017-04-20 08:48:56+02:00";"wh18";"2017-04-19 23:30:00";0.0;"niet later naar bed";"2017-04-19 08:30:00";0.0;0.0;2.0;0.0;2.0;1.0;1.0;1.0;3.0;1.0;"verjaardag feestje, daarna tv gekeken";0.0;0.0;0.0;0.0;0.0;0.0;0.0;2.0;2.0;0.0;0.0;0.0;"2017-04-19 23:45:00";10536.0;5.1;4.0;0.0;"2017-04-19 08:48:56+02:00";2.0;-15.0;0.0;0.0;0.0;"0:15:00";525.0;90.0;30.0;-15.0;1.0;0.0;0.0;5.0;4.0;3.0;7.0;5.0;3.0;10.0;8.0;6.0;5.0;4.0;1.0;0.0;0.0;0.0;0.0;0.0;0.0;10.0;8.0;6.0;60.0;45.0;0.0;2.0;2.0;2.0;"2017-04-17 00:45:00";"2017-04-18 00:15:00";"2017-04-18 23:45:00";-45.0;15.0
"2017-04-21 09:11:30+02:00";"wh18";"2017-04-20 23:45:00";0.0;"niet later";"2017-04-20 08:30:00";0.0;0.0;1.0;0.0;0.0;2.0;0.0;1.0;2.0;0.0;"tv gekeken";0.0;0.0;0.0;0.0;0.0;0.0;0.0;2.0;0.0;0.0;0.0;0.0;"2017-04-20 23:30:00";2671.0;9.8;2.0;0.0;"2017-04-20 09:11:30+02:00";3.0;15.0;15.0;1.0;1.0;"0:15:00";510.0;45.0;0.0;0.0;0.0;0.0;0.0;5.0;4.0;3.0;7.0;5.0;3.0;10.0;8.0;5.0;4.0;1.0;1.0;0.0;0.0;0.0;0.0;0.0;0.0;10.0;8.0;6.0;45.0;0.0;-15.0;2.0;2.0;4.0;"2017-04-18 00:15:00";"2017-04-18 23:45:00";"2017-04-19 23:30:00";-30.0;0.0
"2017-04-22 09:48:41+02:00";"wh18";"2017-04-21 23:45:00";0.0;"niet later";"2017-04-21 08:15:00";0.0;0.0;1.0;0.0;0.0;2.0;0.0;2.0;2.0;2.0;"kaarten met vrienden, gezellig";0.0;0.0;0.0;0.0;0.0;0.0;0.0;2.0;2.0;0.0;0.0;0.0;"2017-04-21 23:45:00";2844.0;1.1;4.0;0.0;"2017-04-21 09:48:41+02:00";4.0;0.0;0.0;0.0;0.0;"0:15:00";495.0;0.0;0.0;15.0;0.0;0.0;0.0;5.0;4.0;2.0;7.0;5.0;4.0;10.0;7.0;4.0;3.0;3.0;2.0;0.0;0.0;0.0;0.0;0.0;0.0;12.0;10.0;6.0;0.0;-15.0;15.0;2.0;4.0;2.0;"2017-04-18 23:45:00";"2017-04-19 23:30:00";"2017-04-20 23:45:00";-15.0;0.0
"2017-04-23 08:39:35+02:00";"wh18";"2017-04-22 23:45:00";0.0;"niet later";"2017-04-22 08:15:00";0.0;0.0;1.0;0.0;0.0;2.0;0.0;2.0;3.0;1.0;"op bezoek geweest bij vrienden";0.0;0.0;0.0;0.0;0.0;0.0;0.0;2.0;0.0;0.0;0.0;0.0;"2017-04-22 23:30:00";2596.0;6.9;2.0;0.0;"2017-04-22 08:39:35+02:00";5.0;15.0;15.0;1.0;1.0;"0:15:00";495.0;15.0;30.0;15.0;0.0;0.0;0.0;5.0;3.0;2.0;7.0;6.0;4.0;10.0;7.0;5.0;4.0;3.0;3.0;0.0;0.0;0.0;0.0;0.0;0.0;12.0;8.0;6.0;-15.0;15.0;0.0;4.0;2.0;4.0;"2017-04-19 23:30:00";"2017-04-20 23:45:00";"2017-04-21 23:45:00";-15.0;0.0
"2017-04-24 10:14:27+02:00";"wh18";"2017-04-24 02:00:00";1.0;"feestje";"2017-04-23 09:00:00";0.0;0.0;1.0;0.0;0.0;1.0;0.0;2.0;3.0;0.0;"feestje";0.0;0.0;0.0;0.0;0.0;0.0;0.0;2.0;0.0;0.0;0.0;0.0;"2017-04-23 23:45:00";2933.0;9.7;2.0;0.0;"2017-04-23 10:14:27+02:00";6.0;135.0;135.0;9.0;3.0;"0:15:00";405.0;165.0;150.0;150.0;0.0;0.0;0.0;4.0;3.0;2.0;7.0;5.0;3.0;10.0;8.0;6.0;3.0;3.0;1.0;0.0;0.0;0.0;0.0;0.0;0.0;10.0;8.0;4.0;15.0;0.0;15.0;2.0;4.0;2.0;"2017-04-20 23:45:00";"2017-04-21 23:45:00";"2017-04-22 23:45:00";75.0;75.0
"2017-04-25 09:16:09+02:00";"wh18";"2017-04-24 23:45:00";0.0;"niet later";"2017-04-24 09:00:00";0.0;0.0;1.0;0.0;0.0;2.0;0.0;0.0;3.0;0.0;"in cafe geweest en nog even tv gekeken";0.0;0.0;0.0;0.0;0.0;0.0;0.0;2.0;0.0;0.0;0.0;0.0;"2017-04-24 23:45:00";3577.0;2.4;2.0;0.0;"2017-04-24 09:16:09+02:00";0.0;0.0;0.0;0.0;0.0;"0:15:00";540.0;150.0;150.0;135.0;0.0;0.0;0.0;4.0;3.0;2.0;7.0;5.0;3.0;11.0;9.0;6.0;3.0;1.0;0.0;0.0;0.0;0.0;0.0;0.0;0.0;10.0;6.0;4.0;0.0;15.0;135.0;4.0;2.0;2.0;"2017-04-21 23:45:00";"2017-04-22 23:45:00";"2017-04-24 02:00:00";-60.0;15.0
"2017-04-26 00:46:40+02:00";"wh18";"2017-04-25 23:30:00";0.0;"niet later";"2017-04-25 08:15:00";0.0;0.0;1.0;0.0;0.0;2.0;0.0;0.0;3.0;0.0;"bezoek dus druk";0.0;0.0;0.0;0.0;0.0;0.0;0.0;2.0;0.0;0.0;0.0;0.0;"2017-04-25 23:45:00";3945.0;10.4;2.0;0.0;"2017-04-25 00:46:40+02:00";1.0;-15.0;0.0;0.0;0.0;"0:15:00";510.0;135.0;120.0;-15.0;0.0;0.0;0.0;4.0;3.0;2.0;7.0;5.0;4.0;12.0;9.0;6.0;1.0;0.0;0.0;0.0;0.0;0.0;0.0;0.0;0.0;8.0;6.0;4.0;15.0;135.0;0.0;2.0;2.0;2.0;"2017-04-22 23:45:00";"2017-04-24 02:00:00";"2017-04-24 23:45:00";-30.0;0.0
"2017-04-27 14:52:48+02:00";"wh18";"2017-04-26 23:45:00";0.0;"niet later";"2017-04-26 10:00:00";0.0;0.0;1.0;0.0;0.0;2.0;0.0;2.0;3.0;0.0;"klaverjassen met vrienden thuis";0.0;0.0;0.0;0.0;0.0;0.0;0.0;2.0;0.0;0.0;0.0;0.0;"2017-04-26 23:45:00";2557.0;8.1;2.0;0.0;"2017-04-26 14:52:48+02:00";2.0;0.0;0.0;0.0;0.0;"0:15:00";600.0;120.0;-15.0;-15.0;0.0;0.0;0.0;4.0;3.0;2.0;7.0;6.0;4.0;12.0;9.0;6.0;0.0;0.0;0.0;0.0;0.0;0.0;0.0;0.0;0.0;8.0;6.0;4.0;135.0;0.0;-15.0;2.0;2.0;2.0;"2017-04-24 02:00:00";"2017-04-24 23:45:00";"2017-04-25 23:30:00";-120.0;0.0
"2017-04-28 12:31:21+02:00";"wh18";"2017-04-28 00:15:00";1.0;"gezellig";"2017-04-27 08:15:00";0.0;0.0;1.0;0.0;0.0;2.0;0.0;1.0;2.0;1.0;"tv gekeken en gelezen";0.0;0.0;0.0;0.0;0.0;0.0;0.0;2.0;0.0;0.0;0.0;0.0;"2017-04-27 23:30:00";4651.0;8.1;2.0;0.0;"2017-04-27 12:31:21+02:00";3.0;45.0;45.0;3.0;2.0;"0:15:00";465.0;30.0;30.0;45.0;0.0;0.0;0.0;4.0;3.0;2.0;8.0;6.0;4.0;11.0;8.0;5.0;1.0;1.0;1.0;0.0;0.0;0.0;0.0;0.0;0.0;8.0;6.0;4.0;0.0;-15.0;0.0;2.0;2.0;2.0;"2017-04-24 23:45:00";"2017-04-25 23:30:00";"2017-04-26 23:45:00";15.0;15.0
