"date";"id";"bed_time";"late";"late_reason";"wake_time";"sleep_transition";"sleep_struggle";"night_wake";"wake_earlier";"wake_earlier_problem";"sleep_quality";"physical_activity";"mental_digital_activity";"social_activity";"light";"presleep_description";"temptation_smoking";"temptation_eating";"temptation_chat";"temptation_coffee";"temptation_social_media";"temptation_internet";"temptation_tv";"temptation_alcohol";"temptation_soft_drink";"temptation_cleaning";"temptation_shopping";"temptation_other";"bed_time_plan";"steps";"sun_hours_yesterday";"temptation_score";"plan_tonight";"bed_tonight";"procrastination_minutes";"sun_hours_today";"procrastination_minutes_three_day_cumulative_history";"procrastination_minutes_two_day_cumulative_history";"procrastination_minutes_one_day_cumulative_history";"sleep_struggle_three_day_cumulative_history";"sleep_struggle_two_day_cumulative_history";"sleep_struggle_one_day_cumulative_history";"night_wake_three_day_cumulative_history";"night_wake_two_day_cumulative_history";"night_wake_one_day_cumulative_history";"sleep_quality_three_day_cumulative_history";"sleep_quality_two_day_cumulative_history";"sleep_quality_one_day_cumulative_history";"social_activity_three_day_cumulative_history";"social_activity_two_day_cumulative_history";"social_activity_one_day_cumulative_history";"light_three_day_cumulative_history";"light_two_day_cumulative_history";"light_one_day_cumulative_history";"eating_three_day_cumulative_history";"eating_two_day_cumulative_history";"eating_one_day_cumulative_history";"coffee_three_day_cumulative_history";"coffee_two_day_cumulative_history";"coffee_one_day_cumulative_history";"temptation_score_three_day_cumulative_history";"temptation_score_two_day_cumulative_history";"temptation_score_one_day_cumulative_history";"procrastination_minutes_three_days_ago";"procrastination_minutes_two_days_ago";"procrastination_minutes_one_days_ago";"temptation_score_three_days_ago";"temptation_score_two_days_ago";"temptation_score_one_days_ago";"bed_time_three_days_ago";"bed_time_two_days_ago";"bed_time_one_days_ago"
"2017-04-10 09:57:26+02:00";"AB64";"2017-04-10 02:00:00";1;"We zijn vanuit het noorden van het land teruggereden naar huis na een theatervoorstelling";"2017-04-10 09:30:00";0;0;0;0;0;2;1;1;2;1;"Theaterbezoek, autorit (bijrijder)";0;0;2;0;2;2;0;0;0;0;0;0;"2017-04-10 23:00:00";5845;12.3;6;"2017-04-10 23:00:00";"2017-04-10 23:45:00";45;8.8;45;45;45;45;45;45;45;45;45;45;45;45;45;45;45;45;45;45;45;45;45;45;45;45;45;45;45;0;0;0;0;0;0;0;0;0
"2017-04-11 23:25:39+02:00";"AB64";"2017-04-11 23:45:00";1;"";"2017-04-11 07:00:00";0;0;4;0;0;2;1;1;2;3;"Tv kijken";0;0;0;0;2;2;0;2;0;0;0;0;"2017-04-11 23:30:00";7649;8.8;6;"2017-04-11 23:30:00";"2017-04-11 23:55:00";25;10.7;70;70;25;70;70;25;70;70;25;70;70;25;70;70;25;70;70;25;70;70;25;70;70;25;70;70;25;0;0;45;0;0;6;0;0;"2017-04-10 02:00:00"
"2017-04-12 07:42:47+02:00";"AB64";"2017-04-12 23:55:00";1;"Man kwam thuis en daar wilde ik nog even mee praten";"2017-04-12 07:00:00";0;0;2;0;0;1;0;0;3;3;"Poging om Netflix te kijken maar was te moe, praten met huisgenoten, ";0;0;0;0;0;0;0;2;0;0;0;0;"2017-04-12 23:00:00";5012;10.7;2;"2017-04-12 23:00:00";"2017-04-13 00:30:00";90;1.3;160;115;90;160;115;90;160;115;90;160;115;90;160;115;90;160;115;90;160;115;90;160;115;90;160;115;90;0;45;25;0;6;6;0;"2017-04-10 02:00:00";"2017-04-11 23:45:00"
"2017-04-13 08:26:21+02:00";"AB64";"2017-04-13 00:30:00";1;"Tot laat doorgewerkt.";"2017-04-13 07:00:00";0;0;2;0;0;2;0;3;1;3;"Gewerkt, achter de pc";0;0;0;0;0;0;1;1;0;0;0;0;"2017-04-13 23:30:00";2467;1.3;2;"2017-04-13 23:30:00";"2017-04-14 00:00:00";30;7.2;145;120;30;145;120;30;145;120;30;145;120;30;145;120;30;145;120;30;145;120;30;145;120;30;145;120;30;45;25;90;6;6;2;"2017-04-10 02:00:00";"2017-04-11 23:45:00";"2017-04-12 23:55:00"
"2017-04-14 13:10:28+02:00";"AB64";"2017-04-14 00:00:00";0;"nvt";"2017-04-14 09:00:00";0;0;2;0;1;2;0;1;2;3;"tv gekeken, ipad";0;0;0;0;2;0;0;0;0;0;0;0;"2017-04-14 23:00:00";2114;7.2;2;"2017-04-14 23:00:00";"2017-04-15 01:00:00";120;4.4;240;150;120;240;150;120;240;150;120;240;150;120;240;150;120;240;150;120;240;150;120;240;150;120;240;150;120;25;90;30;6;2;2;"2017-04-11 23:45:00";"2017-04-12 23:55:00";"2017-04-13 00:30:00"
"2017-04-15 17:04:43+02:00";"AB64";"2017-04-15 01:00:00";1;"Nog even gezellig napraten, en in eens was het 1 uur.";"2017-04-15 07:00:00";0;0;2;0;1;2;0;2;2;3;"Ipad, tv-serie kijken, gezellig kletsen";0;0;0;0;2;2;0;0;0;0;0;0;"2017-04-15 23:00:00";2943;4.4;4;"2017-04-15 23:00:00";"2017-04-15 23:30:00";30;5.8;180;150;30;180;150;30;180;150;30;180;150;30;180;150;30;180;150;30;180;150;30;180;150;30;180;150;30;90;30;120;2;2;2;"2017-04-12 23:55:00";"2017-04-13 00:30:00";"2017-04-14 00:00:00"
"2017-04-16 08:16:39+02:00";"AB64";"2017-04-16 23:30:00";0;"Nvt";"2017-04-16 07:00:00";0;0;2;1;0;2;0;1;2;2;"Even rustig zitten samen, de dag doorpraten.";0;0;0;0;0;2;0;0;0;0;0;0;"2017-04-16 23:00:00";2288;5.8;2;"2017-04-16 23:00:00";"2017-04-16 23:30:00";30;5.3;180;60;30;180;60;30;180;60;30;180;60;30;180;60;30;180;60;30;180;60;30;180;60;30;180;60;30;30;120;30;2;2;4;"2017-04-13 00:30:00";"2017-04-14 00:00:00";"2017-04-15 01:00:00"
"2017-04-17 08:11:53+02:00";"AB64";"2017-04-17 23:30:00";0;"Nvt";"2017-04-17 07:00:00";0;0;1;0;0;2;0;1;1;2;"Televisie gekeken, boek gelezen, op de bank gezetten, was doen.";0;0;0;0;2;0;2;0;0;0;0;0;"2017-04-17 23:30:00";3015;5.3;4;"2017-04-17 23:30:00";"2017-04-18 00:30:00";60;9.4;120;90;60;120;90;60;120;90;60;120;90;60;120;90;60;120;90;60;120;90;60;120;90;60;120;90;60;120;30;30;2;4;2;"2017-04-14 00:00:00";"2017-04-15 01:00:00";"2017-04-16 23:30:00"
"2017-04-18 08:41:36+02:00";"AB64";"2017-04-18 00:30:00";1;"Geen bijzondere reden. ";"2017-04-18 08:00:00";0;0;2;1;1;2;0;1;2;2;"Televisie kijken, lezen, ipad, gesprek voeren";0;2;0;0;0;0;0;2;0;0;0;0;"2017-04-18 00:00:00";3866;9.4;4;"2017-04-19 00:00:00";"2017-04-19 01:00:00";60;9.0;150;120;60;150;120;60;150;120;60;150;120;60;150;120;60;150;120;60;150;120;60;150;120;60;150;120;60;30;30;60;4;2;4;"2017-04-15 01:00:00";"2017-04-16 23:30:00";"2017-04-17 23:30:00"
"2017-04-19 17:17:55+02:00";"AB64";"2017-04-19 01:00:00";1;"Ik ben naar een verjaardag geweest.";"2017-04-19 07:00:00";0;0;1;1;0;2;0;2;1;0;"Verjaardag: kletsen met allerlei mensen, 10 minuten buiten lopen, lezen";0;0;0;0;0;0;0;1;0;0;0;0;"2017-04-19 23:00:00";4312;9.0;1;"2017-04-19 23:00:00";"2017-04-20 00:30:00";90;6.3;210;150;90;210;150;90;210;150;90;210;150;90;210;150;90;210;150;90;210;150;90;210;150;90;210;150;90;30;60;60;2;4;4;"2017-04-16 23:30:00";"2017-04-17 23:30:00";"2017-04-18 00:30:00"
"2017-04-20 17:18:27+02:00";"AB64";"2017-04-20 00:30:00";1;"Geen bijzondere reden. ";"2017-04-20 08:00:00";0;0;2;1;1;2;0;1;2;2;"Televisie kijken, lezen, ipad, gesprek voeren";0;2;0;0;0;0;0;2;0;0;0;0;"2017-04-20 00:00:00";2987;6.3;4;"2017-04-21 00:00:00";"2017-04-20 22:30:00";-90;12.5;60;0;-90;60;0;-90;60;0;-90;60;0;-90;60;0;-90;60;0;-90;60;0;-90;60;0;-90;60;0;-90;60;60;90;4;4;1;"2017-04-17 23:30:00";"2017-04-18 00:30:00";"2017-04-19 01:00:00"
"2017-04-21 07:31:53+02:00";"AB64";"2017-04-21 22:30:00";0;"N.v.t.";"2017-04-21 07:00:00";0;0;1;0;0;2;0;0;1;3;"Serie kijken, lezen in bed";0;0;0;0;0;0;0;0;0;0;0;0;"2017-04-21 23:00:00";2231;12.5;0;"2017-04-21 23:00:00";"2017-04-22 00:00:00";60;0.7;60;-30;60;60;-30;60;60;-30;60;60;-30;60;60;-30;60;60;-30;60;60;-30;60;60;-30;60;60;-30;60;60;90;-90;4;1;4;"2017-04-18 00:30:00";"2017-04-19 01:00:00";"2017-04-20 00:30:00"
"2017-04-22 07:25:50+02:00";"AB64";"2017-04-22 00:00:00";1;"Geen specifieke reden, soms loopt het gewoon zo en dan is het later dan je dacht.";"2017-04-22 07:00:00";0;0;2;0;0;2;0;3;3;3;"Tv kijken, lezen, praten met huisgenoten";0;2;0;0;0;0;0;2;0;0;0;0;"2017-04-22 00:00:00";2177;0.7;4;"2017-04-23 00:00:00";"2017-04-22 23:50:00";-10;6.3;-40;50;-10;-40;50;-10;-40;50;-10;-40;50;-10;-40;50;-10;-40;50;-10;-40;50;-10;-40;50;-10;-40;50;-10;90;-90;60;1;4;0;"2017-04-19 01:00:00";"2017-04-20 00:30:00";"2017-04-21 22:30:00"
"2017-04-23 21:04:02+02:00";"AB64";"2017-04-23 23:50:00";1;"In slaap gevallen voor tv";"2017-04-23 07:00:00";0;0;2;1;0;2;0;1;2;3;"Tv kijken, praten met de kinderen";0;0;0;0;2;2;0;2;0;0;1;0;"2017-04-23 23:00:00";5604;6.3;7;"2017-04-23 23:00:00";"2017-04-23 21:30:00";-90;12.3;-40;-100;-90;-40;-100;-90;-40;-100;-90;-40;-100;-90;-40;-100;-90;-40;-100;-90;-40;-100;-90;-40;-100;-90;-40;-100;-90;-90;60;-10;4;0;4;"2017-04-20 00:30:00";"2017-04-21 22:30:00";"2017-04-22 00:00:00"
"2017-04-10 20:43:22+02:00";"EM11";"2017-04-10 21:30:00";0;"";"2017-04-10 06:20:00";0;0;1;0;0;3;1;0;2;0;"Eten, opruimen, badkamer, massage";0;0;0;0;0;0;0;2;0;0;0;0;"2017-04-10 21:30:00";6897;12.3;2;"2017-04-10 21:30:00";"2017-04-10 22:15:00";45;5.3;45;45;45;45;45;45;45;45;45;45;45;45;45;45;45;45;45;45;45;45;45;45;45;45;45;45;45;60;-10;-90;0;4;7;"2017-04-21 22:30:00";"2017-04-22 00:00:00";"2017-04-23 23:50:00"
"2017-04-11 20:21:13+02:00";"EM11";"2017-04-11 22:15:00";1;"Bad gevolgd bij een heerlijke vrij partij;)";"2017-04-11 06:30:00";0;0;2;0;0;1;1;1;1;1;"Eten, computer, bad, seks";0;0;0;0;0;0;0;0;0;0;0;0;"2017-04-11 21:30:00";8722;5.3;0;"2017-04-11 21:30:00";"2017-04-11 21:40:00";10;8.6;55;55;10;55;55;10;55;55;10;55;55;10;55;55;10;55;55;10;55;55;10;55;55;10;55;55;10;-10;-90;45;4;7;2;"2017-04-22 00:00:00";"2017-04-23 23:50:00";"2017-04-10 21:30:00"
"2017-04-12 19:14:51+02:00";"EM11";"2017-04-12 21:40:00";0;"";"2017-04-12 07:00:00";0;0;2;0;1;2;0;0;3;2;"Eten, huishouden, film";0;0;0;0;0;0;0;0;0;0;0;0;"2017-04-12 21:00:00";3389;8.6;0;"2017-04-12 21:00:00";"2017-04-12 21:15:00";15;0.9;70;25;15;70;25;15;70;25;15;70;25;15;70;25;15;70;25;15;70;25;15;70;25;15;70;25;15;-90;45;10;7;2;0;"2017-04-23 23:50:00";"2017-04-10 21:30:00";"2017-04-11 22:15:00"
"2017-04-13 09:32:23+02:00";"EM11";"2017-04-13 21:15:00";0;"";"2017-04-13 05:50:00";0;0;1;0;0;3;0;1;3;0;"Koken, opruimen, lezen";0;0;0;0;0;0;0;0;0;0;0;2;"2017-04-13 22:00:00";2905;0.9;2;"2017-04-13 22:00:00";"2017-04-13 22:00:00";0;7.7;25;15;0;25;15;0;25;15;0;25;15;0;25;15;0;25;15;0;25;15;0;25;15;0;25;15;0;45;10;15;2;0;0;"2017-04-10 21:30:00";"2017-04-11 22:15:00";"2017-04-12 21:40:00"
"2017-04-14 17:40:51+02:00";"EM11";"2017-04-14 22:00:00";0;"";"2017-04-14 06:45:00";0;0;1;0;0;3;0;0;1;3;"Lezen, eten, opruimen, film kijken";0;0;0;0;0;0;0;0;0;0;0;0;"2017-04-14 21:30:00";3487;7.7;0;"2017-04-14 21:30:00";"2017-04-14 23:15:00";105;2.4;120;105;105;120;105;105;120;105;105;120;105;105;120;105;105;120;105;105;120;105;105;120;105;105;120;105;105;10;15;0;0;0;2;"2017-04-11 22:15:00";"2017-04-12 21:40:00";"2017-04-13 21:15:00"
"2017-04-15 07:13:30+02:00";"EM11";"2017-04-15 23:15:00";1;"Avond met vrienden liep uit";"2017-04-15 06:10:00";0;0;1;1;0;2;1;2;2;3;"Praten met vrienden, fietsen, eten, opruimen, vrijen";0;0;0;0;0;0;0;0;0;0;0;0;"2017-04-15 21:00:00";5633;2.4;0;"2017-04-15 21:00:00";"2017-04-15 21:15:00";15;4.7;120;120;15;120;120;15;120;120;15;120;120;15;120;120;15;120;120;15;120;120;15;120;120;15;120;120;15;15;0;105;0;2;0;"2017-04-12 21:40:00";"2017-04-13 21:15:00";"2017-04-14 22:00:00"
"2017-04-16 07:00:48+02:00";"EM11";"2017-04-16 21:15:00";0;"";"2017-04-16 06:15:00";0;0;2;1;2;1;1;1;2;0;"Koken, eten, wandelen, lezen";0;0;0;0;0;0;0;0;0;0;0;0;"2017-04-16 21:00:00";8149;4.7;0;"2017-04-16 21:00:00";"2017-04-16 22:00:00";60;3.4;180;75;60;180;75;60;180;75;60;180;75;60;180;75;60;180;75;60;180;75;60;180;75;60;180;75;60;0;105;15;2;0;0;"2017-04-13 21:15:00";"2017-04-14 22:00:00";"2017-04-15 23:15:00"
"2017-04-17 07:18:49+02:00";"EM11";"2017-04-17 22:00:00";0;"";"2017-04-17 06:30:00";0;0;0;1;1;2;0;0;3;0;"Zakelijke gesprekken, eten, sociaal";0;0;0;0;0;0;0;0;0;0;0;0;"2017-04-17 21:30:00";7739;3.4;0;"2017-04-17 21:30:00";"2017-04-17 22:15:00";45;7.4;120;105;45;120;105;45;120;105;45;120;105;45;120;105;45;120;105;45;120;105;45;120;105;45;120;105;45;105;15;60;0;0;0;"2017-04-14 22:00:00";"2017-04-15 23:15:00";"2017-04-16 21:15:00"
"2017-04-18 07:05:45+02:00";"EM11";"2017-04-18 22:15:00";1;"Vrijen;)";"2017-04-18 06:10:00";0;0;1;1;1;2;1;1;1;1;"Koken, opruimen, lezen, praten, vrijen";0;0;0;0;0;0;0;0;0;0;0;0;"2017-04-18 21:30:00";6492;7.4;0;"2017-04-18 21:30:00";"2017-04-18 22:00:00";30;9.2;135;75;30;135;75;30;135;75;30;135;75;30;135;75;30;135;75;30;135;75;30;135;75;30;135;75;30;15;60;45;0;0;0;"2017-04-15 23:15:00";"2017-04-16 21:15:00";"2017-04-17 22:00:00"
"2017-04-19 13:50:06+02:00";"EM11";"2017-04-19 22:00:00";1;"Bad";"2017-04-19 06:30:00";0;1;0;0;0;3;1;0;2;1;"Eten, opruimen, wandelen, tandarts, bad";0;0;0;0;0;0;0;0;0;0;0;0;"2017-04-19 21:30:00";8606;9.2;0;"2017-04-19 21:30:00";"2017-04-19 21:30:00";0;7.1;75;30;0;75;30;0;75;30;0;75;30;0;75;30;0;75;30;0;75;30;0;75;30;0;75;30;0;60;45;30;0;0;0;"2017-04-16 21:15:00";"2017-04-17 22:00:00";"2017-04-18 22:15:00"
"2017-04-20 11:08:22+02:00";"EM11";"2017-04-20 21:30:00";0;"";"2017-04-20 06:10:00";0;0;0;0;0;3;0;1;1;0;"Sociaal, winkelen, eten, huishouden, lezen";0;0;0;0;0;0;0;0;0;0;0;0;"2017-04-20 23:00:00";2544;7.1;0;"2017-04-20 23:00:00";"2017-04-21 01:00:00";120;12.3;150;120;120;150;120;120;150;120;120;150;120;120;150;120;120;150;120;120;150;120;120;150;120;120;150;120;120;45;30;0;0;0;0;"2017-04-17 22:00:00";"2017-04-18 22:15:00";"2017-04-19 22:00:00"
"2017-04-21 07:59:14+02:00";"EM11";"2017-04-21 01:00:00";1;"Soul party";"2017-04-21 07:00:00";0;0;1;1;3;1;2;0;1;3;"Dansen, drinken, fietsen";0;0;0;0;0;0;0;2;0;0;0;0;"2017-04-21 21:00:00";20491;12.3;2;"2017-04-21 21:00:00";"2017-04-21 21:15:00";15;0.4;135;135;15;135;135;15;135;135;15;135;135;15;135;135;15;135;135;15;135;135;15;135;135;15;135;135;15;30;0;120;0;0;0;"2017-04-18 22:15:00";"2017-04-19 22:00:00";"2017-04-20 21:30:00"
"2017-04-22 13:19:46+02:00";"EM11";"2017-04-22 21:15:00";1;"Vakantie planning";"2017-04-22 06:20:00";1;1;2;1;3;0;1;2;2;1;"Wandelen, eten, huishouden, computer";0;0;0;0;0;0;0;0;0;0;0;0;"2017-04-22 21:00:00";8714;0.4;0;"2017-04-22 21:00:00";"2017-04-22 21:15:00";15;7.8;150;30;15;150;30;15;150;30;15;150;30;15;150;30;15;150;30;15;150;30;15;150;30;15;150;30;15;0;120;15;0;0;2;"2017-04-19 22:00:00";"2017-04-20 21:30:00";"2017-04-21 01:00:00"
"2017-04-23 11:56:03+02:00";"EM11";"2017-04-23 21:15:00";1;"Voorbereiding vakantie";"2017-04-23 06:00:00";0;0;0;0;0;3;2;1;2;1;"Eten, huishouden, wandelen, computer, vakantie voorbereidingen";0;0;0;0;0;0;0;0;0;0;0;0;"2017-04-23 22:00:00";15697;7.8;0;"2017-04-23 22:00:00";"2017-04-23 23:00:00";60;5.5;90;75;60;90;75;60;90;75;60;90;75;60;90;75;60;90;75;60;90;75;60;90;75;60;90;75;60;120;15;15;0;2;0;"2017-04-20 21:30:00";"2017-04-21 01:00:00";"2017-04-22 21:15:00"
"2017-04-24 11:09:48+02:00";"EM11";"2017-04-24 23:00:00";1;"vrijen:) de laatste keer voor we het klooster in gaan:(";"2017-04-24 07:00:00";0;0;0;0;0;3;1;0;3;0;"Wandelen, bad, seks";0;0;0;0;0;0;0;0;0;0;0;0;"2017-04-24 23:30:00";6879;5.5;0;"2017-04-24 23:30:00";"2017-04-24 23:15:00";-15;12.3;60;45;-15;60;45;-15;60;45;-15;60;45;-15;60;45;-15;60;45;-15;60;45;-15;60;45;-15;60;45;-15;15;15;60;2;0;0;"2017-04-21 01:00:00";"2017-04-22 21:15:00";"2017-04-23 21:15:00"
"2017-04-10 21:53:22+02:00";"FT12";"2017-04-10 23:15:00";0;"";"2017-04-10 07:30:00";1;0;0;0;0;2;0;0;2;2;"wandelen, bad, TV";0;0;0;0;0;0;0;0;0;0;0;0;"2017-04-10 00:00:00";4309;12.3;0;"2017-04-11 00:00:00";"2017-04-10 22:00:00";-120;5.3;-120;-120;-120;-120;-120;-120;-120;-120;-120;-120;-120;-120;-120;-120;-120;-120;-120;-120;-120;-120;-120;-120;-120;-120;-120;-120;-120;15;60;-15;0;0;0;"2017-04-22 21:15:00";"2017-04-23 21:15:00";"2017-04-24 23:00:00"
"2017-04-11 21:58:21+02:00";"FT12";"2017-04-11 22:00:00";0;"";"2017-04-11 07:30:00";0;0;1;1;1;1;3;0;2;0;"bad, massage, sex";0;0;0;0;0;0;0;0;0;0;0;0;"2017-04-11 23:00:00";19412;5.3;0;"2017-04-11 23:00:00";"2017-04-11 22:15:00";-45;8.6;-165;-165;-45;-165;-165;-45;-165;-165;-45;-165;-165;-45;-165;-165;-45;-165;-165;-45;-165;-165;-45;-165;-165;-45;-165;-165;-45;60;-15;-120;0;0;0;"2017-04-23 21:15:00";"2017-04-24 23:00:00";"2017-04-10 23:15:00"
"2017-04-12 17:22:12+02:00";"FT12";"2017-04-12 22:15:00";0;"";"2017-04-12 07:30:00";1;0;1;1;2;1;0;0;2;3;"eten, film kijken, ebook lezen";0;0;0;0;0;0;0;0;0;0;0;0;"2017-04-12 22:00:00";1785;8.6;0;"2017-04-12 22:00:00";"2017-04-12 22:15:00";15;0.9;-150;-30;15;-150;-30;15;-150;-30;15;-150;-30;15;-150;-30;15;-150;-30;15;-150;-30;15;-150;-30;15;-150;-30;15;-15;-120;-45;0;0;0;"2017-04-24 23:00:00";"2017-04-10 23:15:00";"2017-04-11 22:00:00"
"2017-04-13 07:40:53+02:00";"FT12";"2017-04-13 22:15:00";0;"";"2017-04-13 07:15:00";2;0;1;0;0;3;2;2;1;0;"eten, fietsen, bezoek";0;0;0;0;0;0;0;2;0;0;0;0;"2017-04-13 23:00:00";10256;0.9;2;"2017-04-13 23:00:00";"2017-04-14 00:00:00";60;7.7;30;75;60;30;75;60;30;75;60;30;75;60;30;75;60;30;75;60;30;75;60;30;75;60;30;75;60;-120;-45;15;0;0;0;"2017-04-10 23:15:00";"2017-04-11 22:00:00";"2017-04-12 22:15:00"
"2017-04-14 11:19:12+02:00";"FT12";"2017-04-14 00:00:00";1;"TV";"2017-04-14 09:15:00";0;0;2;1;1;2;1;2;2;3;"studie, TV";0;0;0;0;0;0;0;2;0;0;0;0;"2017-04-14 23:00:00";5644;7.7;2;"2017-04-14 23:00:00";"2017-04-15 00:00:00";60;2.4;135;120;60;135;120;60;135;120;60;135;120;60;135;120;60;135;120;60;135;120;60;135;120;60;135;120;60;-45;15;60;0;0;2;"2017-04-11 22:00:00";"2017-04-12 22:15:00";"2017-04-13 22:15:00"
"2017-04-15 07:31:35+02:00";"FT12";"2017-04-15 00:00:00";1;"TV";"2017-04-15 07:00:00";0;0;0;0;0;2;0;2;2;3;"Studie, TV";0;0;0;0;0;0;0;0;0;0;0;0;"2017-04-15 23:00:00";8838;2.4;0;"2017-04-15 23:00:00";"2017-04-16 00:15:00";75;4.7;195;135;75;195;135;75;195;135;75;195;135;75;195;135;75;195;135;75;195;135;75;195;135;75;195;135;75;15;60;60;0;2;2;"2017-04-12 22:15:00";"2017-04-13 22:15:00";"2017-04-14 00:00:00"
"2017-04-16 12:25:19+02:00";"FT12";"2017-04-16 00:15:00";1;"TV";"2017-04-16 08:30:00";1;1;1;1;1;1;0;2;2;2;"Studie, TV";0;2;0;0;0;0;2;2;0;0;0;0;"2017-04-16 00:00:00";4596;4.7;6;"2017-04-17 00:00:00";"2017-04-17 01:30:00";90;3.4;225;165;90;225;165;90;225;165;90;225;165;90;225;165;90;225;165;90;225;165;90;225;165;90;225;165;90;60;60;75;2;2;0;"2017-04-13 22:15:00";"2017-04-14 00:00:00";"2017-04-15 00:00:00"
"2017-04-17 11:58:03+02:00";"FT12";"2017-04-17 01:30:00";1;"feest";"2017-04-17 08:00:00";0;0;1;0;0;2;2;1;2;3;"dansen, fietsen";0;0;0;0;0;0;0;2;0;0;0;0;"2017-04-17 23:00:00";14091;3.4;2;"2017-04-17 23:00:00";"2017-04-17 23:15:00";15;7.4;180;105;15;180;105;15;180;105;15;180;105;15;180;105;15;180;105;15;180;105;15;180;105;15;180;105;15;60;75;90;2;0;6;"2017-04-14 00:00:00";"2017-04-15 00:00:00";"2017-04-16 00:15:00"
"2017-04-18 08:47:49+02:00";"FT12";"2017-04-18 23:15:00";0;"";"2017-04-18 08:30:00";1;1;2;1;2;1;0;2;2;3;"administratie, studie, TV";0;0;0;0;0;0;0;2;0;0;0;0;"2017-04-18 23:00:00";2467;7.4;2;"2017-04-18 23:00:00";"2017-04-19 00:00:00";60;9.2;165;75;60;165;75;60;165;75;60;165;75;60;165;75;60;165;75;60;165;75;60;165;75;60;165;75;60;75;90;15;0;6;2;"2017-04-15 00:00:00";"2017-04-16 00:15:00";"2017-04-17 01:30:00"
"2017-04-19 23:00:22+02:00";"FT12";"2017-04-19 00:00:00";1;"TV";"2017-04-19 07:00:00";0;0;0;0;0;2;0;0;2;3;"eten, TV, PC";0;0;0;0;0;2;0;2;0;0;0;2;"2017-04-19 23:30:00";3942;9.2;6;"2017-04-19 23:30:00";"2017-04-20 00:00:00";30;7.1;105;90;30;105;90;30;105;90;30;105;90;30;105;90;30;105;90;30;105;90;30;105;90;30;105;90;30;90;15;60;6;2;2;"2017-04-16 00:15:00";"2017-04-17 01:30:00";"2017-04-18 23:15:00"
"2017-04-20 11:39:48+02:00";"FT12";"2017-04-20 00:00:00";1;"mail";"2017-04-20 08:00:00";0;0;0;0;0;2;1;1;0;2;"bad, sex, mail";0;0;0;0;0;0;0;2;0;0;0;0;"2017-04-20 00:00:00";6841;7.1;2;"2017-04-21 00:00:00";"2017-04-20 21:30:00";-150;12.3;-60;-120;-150;-60;-120;-150;-60;-120;-150;-60;-120;-150;-60;-120;-150;-60;-120;-150;-60;-120;-150;-60;-120;-150;-60;-120;-150;15;60;30;2;2;6;"2017-04-17 01:30:00";"2017-04-18 23:15:00";"2017-04-19 00:00:00"
"2017-05-21 09:32:32+02:00";"FT12";"2017-05-21 21:30:00";0;"";"2017-05-21 07:30:00";0;0;0;0;0;3;1;1;1;3;"wandelen, tv, pc";0;0;0;0;0;0;2;2;0;0;0;2;"2017-05-21 22:00:00";5599;12.3;6;"2017-05-21 22:00:00";"2017-05-21 22:30:00";30;0.4;-90;-120;30;-90;-120;30;-90;-120;30;-90;-120;30;-90;-120;30;-90;-120;30;-90;-120;30;-90;-120;30;-90;-120;30;60;30;-150;2;6;2;"2017-04-18 23:15:00";"2017-04-19 00:00:00";"2017-04-20 00:00:00"
"2017-05-22 09:35:21+02:00";"FT12";"2017-05-22 22:30:00";1;"";"2017-05-22 07:00:00";0;0;1;0;0;2;1;1;1;3;"eten, tv, pc";0;0;0;0;0;0;0;2;0;0;0;0;"2017-05-22 23:00:00";9176;0.4;2;"2017-05-22 23:00:00";"2017-05-23 01:00:00";120;7.8;0;150;120;0;150;120;0;150;120;0;150;120;0;150;120;0;150;120;0;150;120;0;150;120;0;150;120;30;-150;30;6;2;6;"2017-04-19 00:00:00";"2017-04-20 00:00:00";"2017-05-21 21:30:00"
"2017-05-23 09:38:03+02:00";"FT12";"2017-05-23 01:00:00";1;"studie";"2017-05-23 08:00:00";1;1;2;1;2;0;0;2;1;3;"studie, bezoek, surfen";0;0;0;0;0;2;0;2;2;0;0;0;"2017-05-23 21:00:00";3981;7.8;6;"2017-05-23 21:00:00";"2017-05-24 03:00:00";360;12.3;510;480;360;510;480;360;510;480;360;510;480;360;510;480;360;510;480;360;510;480;360;510;480;360;510;480;360;-150;30;120;2;6;2;"2017-04-20 00:00:00";"2017-05-21 21:30:00";"2017-05-22 22:30:00"
"2017-04-10 22:48:09+02:00";"gh93";"2017-04-10 03:00:00";1;"";"2017-04-10 14:30:00";2;1;2;0;0;2;0;3;3;3;"lezen; muziek studiotechniek;";2;0;0;0;0;0;0;0;2;0;0;0;"2017-04-10 05:00:00";5945;12.3;4;"2017-04-11 05:00:00";"2017-04-11 01:15:00";-225;8.8;-225;-225;-225;-225;-225;-225;-225;-225;-225;-225;-225;-225;-225;-225;-225;-225;-225;-225;-225;-225;-225;-225;-225;-225;-225;-225;-225;30;120;360;6;2;6;"2017-05-21 21:30:00";"2017-05-22 22:30:00";"2017-05-23 01:00:00"
"2017-04-11 01:28:39+02:00";"gh93";"2017-04-11 01:15:00";0;"";"2017-04-11 12:25:00";1;0;3;0;0;2;3;0;2;1;"muziek;seks";2;1;0;0;0;0;0;0;2;0;0;0;"2017-04-11 03:30:00";22341;8.8;5;"2017-04-12 03:30:00";"2017-04-12 02:30:00";-60;10.7;-285;-285;-60;-285;-285;-60;-285;-285;-60;-285;-285;-60;-285;-285;-60;-285;-285;-60;-285;-285;-60;-285;-285;-60;-285;-285;-60;120;360;-225;2;6;4;"2017-05-22 22:30:00";"2017-05-23 01:00:00";"2017-04-10 03:00:00"
"2017-04-12 21:51:36+02:00";"gh93";"2017-04-12 02:30:00";0;"";"2017-04-12 12:15:00";3;1;1;0;0;1;0;2;1;1;"muziek;lezen;seks";2;0;0;0;0;0;0;0;2;0;0;0;"2017-04-12 02:00:00";3649;10.7;4;"2017-04-13 02:00:00";"2017-04-13 05:00:00";180;1.3;-105;120;180;-105;120;180;-105;120;180;-105;120;180;-105;120;180;-105;120;180;-105;120;180;-105;120;180;-105;120;180;360;-225;-60;6;4;5;"2017-05-23 01:00:00";"2017-04-10 03:00:00";"2017-04-11 01:15:00"
"2017-04-13 00:42:19+02:00";"gh93";"2017-04-13 05:00:00";0;"vrouwen";"2017-04-13 13:00:00";0;0;1;0;0;2;2;1;2;0;"film;seks";2;0;0;0;0;0;0;0;2;0;0;0;"2017-04-13 03:00:00";11915;1.3;4;"2017-04-14 03:00:00";"2017-04-14 04:30:00";90;7.2;210;270;90;210;270;90;210;270;90;210;270;90;210;270;90;210;270;90;210;270;90;210;270;90;210;270;90;-225;-60;180;4;5;4;"2017-04-10 03:00:00";"2017-04-11 01:15:00";"2017-04-12 02:30:00"
"2017-04-14 23:19:56+02:00";"gh93";"2017-04-14 04:30:00";0;"";"2017-04-14 11:00:00";2;1;2;1;0;1;2;0;1;0;"muziek;seks";2;0;0;0;0;0;0;0;2;0;0;0;"2017-04-14 03:00:00";16744;7.2;4;"2017-04-15 03:00:00";"2017-04-15 03:30:00";30;4.4;300;120;30;300;120;30;300;120;30;300;120;30;300;120;30;300;120;30;300;120;30;300;120;30;300;120;30;-60;180;90;5;4;4;"2017-04-11 01:15:00";"2017-04-12 02:30:00";"2017-04-13 05:00:00"
"2017-04-15 00:11:02+02:00";"gh93";"2017-04-15 03:30:00";0;"";"2017-04-15 12:15:00";3;1;1;0;0;0;1;1;3;1;"muziek;lezen";2;0;0;0;0;0;0;0;2;0;0;0;"2017-04-15 03:00:00";2206;4.4;4;"2017-04-16 03:00:00";"2017-04-16 03:30:00";30;5.8;150;60;30;150;60;30;150;60;30;150;60;30;150;60;30;150;60;30;150;60;30;150;60;30;150;60;30;180;90;30;4;4;4;"2017-04-12 02:30:00";"2017-04-13 05:00:00";"2017-04-14 04:30:00"
"2017-04-16 01:20:54+02:00";"gh93";"2017-04-16 03:30:00";0;"";"2017-04-16 11:45:00";2;1;2;0;0;1;2;1;3;1;"muziek;seks;lezen";2;0;0;0;0;0;0;0;2;0;0;0;"2017-04-16 03:00:00";12947;5.8;4;"2017-04-17 03:00:00";"2017-04-17 04:00:00";60;5.3;120;90;60;120;90;60;120;90;60;120;90;60;120;90;60;120;90;60;120;90;60;120;90;60;120;90;60;90;30;30;4;4;4;"2017-04-13 05:00:00";"2017-04-14 04:30:00";"2017-04-15 03:30:00"
"2017-04-17 01:03:41+02:00";"Gh93";"2017-04-17 04:00:00";0;"";"2017-04-17 13:00:00";1;0;1;0;0;2;2;1;3;2;"Lezen;film;muziek;seks";2;0;0;0;0;0;0;0;2;0;0;0;"2017-04-17 01:00:00";16402;5.3;4;"2017-04-18 01:00:00";"2017-04-18 01:00:00";0;9.4;90;60;0;90;60;0;90;60;0;90;60;0;90;60;0;90;60;0;90;60;0;90;60;0;90;60;0;30;30;60;4;4;4;"2017-04-14 04:30:00";"2017-04-15 03:30:00";"2017-04-16 03:30:00"
"2017-04-18 02:40:54+02:00";"gh93";"2017-04-18 01:00:00";0;"";"2017-04-18 08:00:00";1;0;2;0;0;2;2;1;3;1;"Kinderen;lezen;huishouden";2;0;0;0;0;0;0;0;2;0;0;0;"2017-04-18 03:00:00";19361;9.4;4;"2017-04-19 03:00:00";"2017-04-19 04:30:00";90;9.0;150;90;90;150;90;90;150;90;90;150;90;90;150;90;90;150;90;90;150;90;90;150;90;90;150;90;90;30;60;0;4;4;4;"2017-04-15 03:30:00";"2017-04-16 03:30:00";"2017-04-17 04:00:00"
"2017-04-19 01:41:33+02:00";"gh93";"2017-04-19 04:30:00";0;"";"2017-04-19 11:00:00";1;0;1;0;0;2;2;2;3;0;"muziek;lezen;seks";2;0;0;0;0;0;0;0;2;0;0;0;"2017-04-19 03:00:00";14363;9.0;4;"2017-04-20 03:00:00";"2017-04-20 04:30:00";90;6.3;180;180;90;180;180;90;180;180;90;180;180;90;180;180;90;180;180;90;180;180;90;180;180;90;180;180;90;60;0;90;4;4;4;"2017-04-16 03:30:00";"2017-04-17 04:00:00";"2017-04-18 01:00:00"
"2017-04-20 03:04:09+02:00";"gh93";"2017-04-20 04:30:00";0;"";"2017-04-20 13:00:00";2;1;1;0;0;1;0;2;1;0;"lezen";2;0;0;0;0;0;0;0;2;0;0;0;"2017-04-20 04:00:00";4682;6.3;4;"2017-04-21 04:00:00";"2017-04-21 03:30:00";-30;12.5;150;60;-30;150;60;-30;150;60;-30;150;60;-30;150;60;-30;150;60;-30;150;60;-30;150;60;-30;150;60;-30;0;90;90;4;4;4;"2017-04-17 04:00:00";"2017-04-18 01:00:00";"2017-04-19 04:30:00"
"2017-04-21 04:22:56+02:00";"Gh93";"2017-04-21 03:30:00";0;"";"2017-04-21 13:00:00";2;1;2;0;0;1;2;1;3;0;"Seks;muziek;lezen";2;0;0;0;0;0;0;0;2;0;0;0;"2017-04-21 04:30:00";11877;12.5;4;"2017-04-22 04:30:00";"2017-04-22 05:00:00";30;0.7;90;0;30;90;0;30;90;0;30;90;0;30;90;0;30;90;0;30;90;0;30;90;0;30;90;0;30;90;90;-30;4;4;4;"2017-04-18 01:00:00";"2017-04-19 04:30:00";"2017-04-20 04:30:00"
"2017-04-22 04:30:24+02:00";"gh93";"2017-04-22 05:00:00";0;"";"2017-04-22 14:30:00";2;1;3;0;0;0;0;2;3;1;"muziek;lezen";2;0;0;0;0;0;0;0;2;0;0;0;"2017-04-22 04:30:00";6904;0.7;4;"2017-04-23 04:30:00";"2017-04-23 04:30:00";0;6.3;0;30;0;0;30;0;0;30;0;0;30;0;0;30;0;0;30;0;0;30;0;0;30;0;0;30;0;90;-30;30;4;4;4;"2017-04-19 04:30:00";"2017-04-20 04:30:00";"2017-04-21 03:30:00"
"2017-04-23 02:10:27+02:00";"gh93";"2017-04-23 04:30:00";0;"";"2017-04-23 12:00:00";0;0;1;0;0;3;0;1;3;0;"lezen";2;0;0;0;0;0;0;0;2;0;0;0;"2017-04-23 03:00:00";2987;6.3;4;"2017-04-24 03:00:00";"2017-04-24 03:00:00";0;12.3;30;0;0;30;0;0;30;0;0;30;0;0;30;0;0;30;0;0;30;0;0;30;0;0;30;0;0;-30;30;0;4;4;4;"2017-04-20 04:30:00";"2017-04-21 03:30:00";"2017-04-22 05:00:00"
"2017-04-10 00:30:33+02:00";"GW98";"2017-04-10 03:00:00";1;"Gamen";"2017-04-10 10:00:00";2;1;0;0;1;2;0;1;3;3;"Gamen";0;0;0;0;0;0;0;0;0;0;0;0;"2017-04-10 02:00:00";4733;12.3;0;"2017-04-11 02:00:00";"2017-04-11 03:00:00";60;6.2;60;60;60;60;60;60;60;60;60;60;60;60;60;60;60;60;60;60;60;60;60;60;60;60;60;60;60;30;0;0;4;4;4;"2017-04-21 03:30:00";"2017-04-22 05:00:00";"2017-04-23 04:30:00"
"2017-04-11 00:30:34+02:00";"GW98";"2017-04-11 03:00:00";1;"Gamen";"2017-04-11 10:00:00";2;1;0;0;1;2;0;1;3;3;"Gamen";0;0;0;0;0;0;0;0;0;0;0;0;"2017-04-11 02:00:00";2902;6.2;0;"2017-04-12 02:00:00";"2017-04-12 04:00:00";120;10.3;180;180;120;180;180;120;180;180;120;180;180;120;180;180;120;180;180;120;180;180;120;180;180;120;180;180;120;0;0;60;4;4;0;"2017-04-22 05:00:00";"2017-04-23 04:30:00";"2017-04-10 03:00:00"
"2017-04-12 03:20:10+02:00";"GW98";"2017-04-12 04:00:00";1;"Tijd voor mezelf ";"2017-04-12 13:00:00";0;0;0;0;0;2;0;1;3;3;"Gamen";0;0;0;0;0;0;0;0;0;0;0;0;"2017-04-12 03:00:00";3794;10.3;0;"2017-04-13 03:00:00";"2017-04-13 02:45:00";-15;0.9;165;105;-15;165;105;-15;165;105;-15;165;105;-15;165;105;-15;165;105;-15;165;105;-15;165;105;-15;165;105;-15;0;60;120;4;0;0;"2017-04-23 04:30:00";"2017-04-10 03:00:00";"2017-04-11 03:00:00"
"2017-04-13 07:01:03+02:00";"GW98";"2017-04-13 02:45:00";0;"";"2017-04-13 12:00:00";1;0;0;0;0;2;2;2;3;1;"Feestje, opruimen";0;0;0;0;0;0;0;2;0;0;0;0;"2017-04-13 05:00:00";12903;0.9;2;"2017-04-14 05:00:00";"2017-04-14 07:00:00";120;6.6;225;105;120;225;105;120;225;105;120;225;105;120;225;105;120;225;105;120;225;105;120;225;105;120;225;105;120;60;120;-15;0;0;0;"2017-04-10 03:00:00";"2017-04-11 03:00:00";"2017-04-12 04:00:00"
"2017-04-14 01:19:25+02:00";"GW98";"2017-04-14 07:00:00";1;"Game tijd na een hele dag werken";"2017-04-14 14:00:00";0;0;1;0;0;2;0;1;3;3;"Gamen";0;0;0;0;0;0;0;0;0;0;0;2;"2017-04-14 00:00:00";8421;6.6;2;"2017-04-15 00:00:00";"2017-04-15 01:15:00";75;4.8;180;195;75;180;195;75;180;195;75;180;195;75;180;195;75;180;195;75;180;195;75;180;195;75;180;195;75;120;-15;120;0;0;2;"2017-04-11 03:00:00";"2017-04-12 04:00:00";"2017-04-13 02:45:00"
"2017-04-15 02:58:29+02:00";"GW98";"2017-04-15 01:15:00";1;"Geen slaap";"2017-04-15 05:10:00";1;1;0;0;0;2;1;1;3;2;"TV kijken ";0;0;0;0;0;0;0;0;0;0;0;0;"2017-04-15 02:00:00";6918;4.8;0;"2017-04-16 02:00:00";"2017-04-16 03:00:00";60;4.5;255;135;60;255;135;60;255;135;60;255;135;60;255;135;60;255;135;60;255;135;60;255;135;60;255;135;60;-15;120;75;0;2;2;"2017-04-12 04:00:00";"2017-04-13 02:45:00";"2017-04-14 07:00:00"
"2017-04-16 05:11:22+02:00";"GW98";"2017-04-16 03:00:00";1;"Vrije dag vandaag";"2017-04-16 13:00:00";0;0;0;0;0;2;0;1;3;2;"Bankhangen";0;0;0;0;0;0;0;0;0;0;0;2;"2017-04-16 03:00:00";6787;4.5;2;"2017-04-17 03:00:00";"2017-04-17 05:30:00";150;2.9;285;210;150;285;210;150;285;210;150;285;210;150;285;210;150;285;210;150;285;210;150;285;210;150;285;210;150;120;75;60;2;2;0;"2017-04-13 02:45:00";"2017-04-14 07:00:00";"2017-04-15 01:15:00"
"2017-04-17 04:44:45+02:00";"GW98";"2017-04-17 05:30:00";1;"Gamen in eigen tijd";"2017-04-17 12:40:00";0;0;0;0;0;2;0;1;2;3;"Gamen op de pc";0;0;0;0;0;0;0;0;0;0;0;2;"2017-04-17 02:00:00";5735;2.9;2;"2017-04-18 02:00:00";"2017-04-18 05:00:00";180;9.9;390;330;180;390;330;180;390;330;180;390;330;180;390;330;180;390;330;180;390;330;180;390;330;180;390;330;180;75;60;150;2;0;2;"2017-04-14 07:00:00";"2017-04-15 01:15:00";"2017-04-16 03:00:00"
"2017-04-18 02:22:29+02:00";"GW98";"2017-04-18 05:00:00";0;"";"2017-04-18 14:00:00";0;0;1;0;1;2;3;3;3;3;"Uitgaan, alcohol, muziek, fietsen ";0;0;0;0;0;0;0;2;0;0;0;0;"2017-04-18 00:00:00";17114;9.9;2;"2017-04-19 00:00:00";"2017-04-19 02:00:00";120;10.2;450;300;120;450;300;120;450;300;120;450;300;120;450;300;120;450;300;120;450;300;120;450;300;120;450;300;120;60;150;180;0;2;2;"2017-04-15 01:15:00";"2017-04-16 03:00:00";"2017-04-17 05:30:00"
"2017-04-19 03:40:42+02:00";"GW98";"2017-04-19 02:00:00";1;"Laat thuis";"2017-04-19 05:15:00";2;1;0;0;0;1;3;2;3;2;"Klussen, familie, ";0;0;0;0;0;0;0;0;2;0;0;0;"2017-04-19 02:00:00";18335;10.2;2;"2017-04-20 02:00:00";"2017-04-20 03:45:00";105;7.9;405;225;105;405;225;105;405;225;105;405;225;105;405;225;105;405;225;105;405;225;105;405;225;105;405;225;105;150;180;120;2;2;2;"2017-04-16 03:00:00";"2017-04-17 05:30:00";"2017-04-18 05:00:00"
"2017-04-20 02:09:20+02:00";"GW98";"2017-04-20 03:45:00";0;"";"2017-04-20 13:30:00";0;0;0;0;0;2;1;1;3;2;"Feestje";0;0;0;0;0;0;0;2;0;0;0;0;"2017-04-20 01:00:00";3319;7.9;2;"2017-04-21 01:00:00";"2017-04-21 02:10:00";70;11.5;295;175;70;295;175;70;295;175;70;295;175;70;295;175;70;295;175;70;295;175;70;295;175;70;295;175;70;180;120;105;2;2;2;"2017-04-17 05:30:00";"2017-04-18 05:00:00";"2017-04-19 02:00:00"
"2017-04-21 00:48:35+02:00";"GW98";"2017-04-21 02:10:00";1;"Paasfeestje";"2017-04-21 05:30:00";2;1;0;0;1;2;2;2;3;1;"Feestje, borrel, gezelligheid";0;0;0;0;0;0;0;2;0;0;0;0;"2017-04-21 01:00:00";9452;11.5;2;"2017-04-22 01:00:00";"2017-04-22 01:00:00";0;0.3;175;70;0;175;70;0;175;70;0;175;70;0;175;70;0;175;70;0;175;70;0;175;70;0;175;70;0;120;105;70;2;2;2;"2017-04-18 05:00:00";"2017-04-19 02:00:00";"2017-04-20 03:45:00"
"2017-04-22 05:46:18+02:00";"GW98";"2017-04-22 01:00:00";0;"";"2017-04-22 13:00:00";1;0;0;0;0;2;0;1;3;2;"TV kijken";0;0;0;0;0;0;2;0;0;0;0;0;"2017-04-22 03:00:00";2218;0.3;2;"2017-04-23 03:00:00";"2017-04-23 05:45:00";165;6.8;235;165;165;235;165;165;235;165;165;235;165;165;235;165;165;235;165;165;235;165;165;235;165;165;235;165;165;105;70;0;2;2;2;"2017-04-19 02:00:00";"2017-04-20 03:45:00";"2017-04-21 02:10:00"
"2017-04-23 05:00:25+02:00";"GW98";"2017-04-23 05:45:00";1;"Gamen, studeren uitstellen";"2017-04-23 13:30:00";0;0;0;0;0;2;0;1;1;3;"Gamen, tv kijken";0;1;0;0;0;2;2;0;0;0;0;1;"2017-04-23 01:00:00";2944;6.8;6;"2017-04-24 01:00:00";"2017-04-24 05:00:00";240;6.8;405;405;240;405;405;240;405;405;240;405;405;240;405;405;240;405;405;240;405;405;240;405;405;240;405;405;240;70;0;165;2;2;2;"2017-04-20 03:45:00";"2017-04-21 02:10:00";"2017-04-22 01:00:00"
"2017-04-24 03:00:11+02:00";"GW98";"2017-04-24 05:00:00";1;"Studeren";"2017-04-24 08:45:00";0;0;0;1;2;1;0;3;3;3;"Studeren, PC";0;0;0;0;0;1;0;0;0;0;0;0;"2017-04-24 03:00:00";3906;6.8;1;"2017-04-25 03:00:00";"2017-04-25 03:30:00";30;1.9;435;270;30;435;270;30;435;270;30;435;270;30;435;270;30;435;270;30;435;270;30;435;270;30;435;270;30;0;165;240;2;2;6;"2017-04-21 02:10:00";"2017-04-22 01:00:00";"2017-04-23 05:45:00"
"2017-04-25 01:26:30+02:00";"GW98";"2017-04-25 03:30:00";1;"Studie";"2017-04-25 13:30:00";0;0;0;0;0;2;0;2;2;3;"voetbal, studeren";0;0;0;0;0;2;0;0;0;0;0;2;"2017-04-25 00:00:00";3454;1.9;4;"2017-04-26 00:00:00";"2017-04-26 02:00:00";120;7.6;390;150;120;390;150;120;390;150;120;390;150;120;390;150;120;390;150;120;390;150;120;390;150;120;390;150;120;165;240;30;2;6;1;"2017-04-22 01:00:00";"2017-04-23 05:45:00";"2017-04-24 05:00:00"
"2017-04-26 02:19:46+02:00";"GW98";"2017-04-26 02:00:00";1;"Studie";"2017-04-26 05:15:00";2;1;0;0;0;1;1;3;2;3;"Studeren, pc";0;0;0;0;0;2;0;0;0;0;0;0;"2017-04-26 00:00:00";5469;7.6;2;"2017-04-27 00:00:00";"2017-04-27 02:30:00";150;8.0;300;270;150;300;270;150;300;270;150;300;270;150;300;270;150;300;270;150;300;270;150;300;270;150;300;270;150;240;30;120;6;1;4;"2017-04-23 05:45:00";"2017-04-24 05:00:00";"2017-04-25 03:30:00"
"2017-04-27 03:09:28+02:00";"GW98";"2017-04-27 02:30:00";1;"Studie ";"2017-04-27 05:15:00";1;0;0;0;0;2;0;3;3;3;"Studeren";0;0;0;0;0;1;0;0;0;0;0;0;"2017-04-27 02:00:00";2991;8.0;1;"2017-04-28 02:00:00";"2017-04-28 03:00:00";60;7.5;330;210;60;330;210;60;330;210;60;330;210;60;330;210;60;330;210;60;330;210;60;330;210;60;330;210;60;30;120;150;1;4;2;"2017-04-24 05:00:00";"2017-04-25 03:30:00";"2017-04-26 02:00:00"
"2017-04-28 04:27:31+02:00";"GW98";"2017-04-28 03:00:00";0;"";"2017-04-28 14:00:00";0;0;0;0;0;2;0;1;3;3;"Gamen";0;0;0;0;0;0;0;0;0;0;0;0;"2017-04-28 03:00:00";4885;7.5;0;"2017-04-29 03:00:00";"2017-04-29 05:30:00";150;7.9;360;210;150;360;210;150;360;210;150;360;210;150;360;210;150;360;210;150;360;210;150;360;210;150;360;210;150;120;150;60;4;2;1;"2017-04-25 03:30:00";"2017-04-26 02:00:00";"2017-04-27 02:30:00"
"2017-04-29 01:40:32+02:00";"GW98";"2017-04-29 05:30:00";1;"Gamen";"2017-04-29 13:00:00";0;0;0;1;0;2;0;1;2;3;"Gaming, PC";0;2;0;0;0;0;0;0;0;0;0;0;"2017-04-29 00:00:00";3602;7.9;2;"2017-04-30 00:00:00";"2017-04-30 02:15:00";135;6.7;345;285;135;345;285;135;345;285;135;345;285;135;345;285;135;345;285;135;345;285;135;345;285;135;345;285;135;150;60;150;2;1;0;"2017-04-26 02:00:00";"2017-04-27 02:30:00";"2017-04-28 03:00:00"
"2017-04-30 03:17:54+02:00";"GW98";"2017-04-30 02:15:00";1;"Gamen";"2017-04-30 05:10:00";1;1;0;0;0;2;0;1;3;3;"Bioscoop, fietsen";0;0;0;0;0;0;0;2;0;0;0;0;"2017-04-30 03:00:00";4049;6.7;2;"2017-05-01 03:00:00";"2017-04-30 22:45:00";-255;12.5;30;-120;-255;30;-120;-255;30;-120;-255;30;-120;-255;30;-120;-255;30;-120;-255;30;-120;-255;30;-120;-255;30;-120;-255;60;150;135;1;0;2;"2017-04-27 02:30:00";"2017-04-28 03:00:00";"2017-04-29 05:30:00"
"2017-04-10 19:41:11+02:00";"HA61";"2017-04-10 22:45:00";0;"";"2017-04-10 08:15:00";0;0;2;1;1;1;0;0;3;3;"Auto rijden, Hond uitlaten, tv kijken";0;0;0;2;0;0;2;0;0;0;0;2;"2017-04-10 21:45:00";2011;12.5;6;"2017-04-10 21:45:00";"2017-04-10 21:50:00";5;1.9;5;5;5;5;5;5;5;5;5;5;5;5;5;5;5;5;5;5;5;5;5;5;5;5;5;5;5;150;135;-255;0;2;2;"2017-04-28 03:00:00";"2017-04-29 05:30:00";"2017-04-30 02:15:00"
"2017-04-11 20:53:33+02:00";"HA61";"2017-04-11 21:50:00";0;"";"2017-04-11 05:35:00";1;0;2;1;1;2;1;1;2;2;"Computer, hond uitlaten, tv kijken";0;0;0;2;0;0;2;2;0;0;0;0;"2017-04-11 21:50:00";6084;1.9;6;"2017-04-11 21:50:00";"2017-04-11 21:55:00";5;1.6;10;10;5;10;10;5;10;10;5;10;10;5;10;10;5;10;10;5;10;10;5;10;10;5;10;10;5;135;-255;5;2;2;6;"2017-04-29 05:30:00";"2017-04-30 02:15:00";"2017-04-10 22:45:00"
"2017-04-12 21:44:13+02:00";"HA61";"2017-04-12 21:55:00";1;"TV programma";"2017-04-12 05:40:00";0;0;2;1;1;1;1;1;3;3;"Eten, hond uitlaten, tv-kijken";0;0;0;2;0;0;0;2;0;0;0;2;"2017-04-12 22:00:00";5439;1.6;6;"2017-04-12 22:00:00";"2017-04-12 21:50:00";-10;0.1;0;-5;-10;0;-5;-10;0;-5;-10;0;-5;-10;0;-5;-10;0;-5;-10;0;-5;-10;0;-5;-10;0;-5;-10;-255;5;5;2;6;6;"2017-04-30 02:15:00";"2017-04-10 22:45:00";"2017-04-11 21:50:00"
"2017-04-13 22:01:19+02:00";"HA61";"2017-04-13 21:50:00";0;"";"2017-04-13 05:40:00";1;1;3;1;3;0;3;1;2;1;"Ete,, skeeleren, tv kijken";0;0;0;2;0;2;2;2;0;0;0;2;"2017-04-13 21:50:00";13097;0.1;10;"2017-04-13 21:50:00";"2017-04-13 22:10:00";20;6.6;15;10;20;15;10;20;15;10;20;15;10;20;15;10;20;15;10;20;15;10;20;15;10;20;15;10;20;5;5;-10;6;6;6;"2017-04-10 22:45:00";"2017-04-11 21:50:00";"2017-04-12 21:55:00"
"2017-04-14 21:09:57+02:00";"HA61";"2017-04-14 22:10:00";1;"Iets meer tijd voor tandenpoetsen ed";"2017-04-14 07:15:00";0;0;3;1;1;2;1;1;3;3;"Eten, hond uitlaten, tv kijken";0;0;0;2;0;0;2;2;0;0;0;0;"2017-04-14 22:00:00";3901;6.6;6;"2017-04-14 22:00:00";"2017-04-14 21:50:00";-10;0.6;0;10;-10;0;10;-10;0;10;-10;0;10;-10;0;10;-10;0;10;-10;0;10;-10;0;10;-10;0;10;-10;5;-10;20;6;6;10;"2017-04-11 21:50:00";"2017-04-12 21:55:00";"2017-04-13 21:50:00"
"2017-04-15 21:12:35+02:00";"HA61";"2017-04-15 21:50:00";0;"";"2017-04-15 07:30:00";1;0;2;1;1;1;1;1;2;3;"Hond uitlaten, tv, lezen";0;0;0;2;1;0;2;2;0;0;0;0;"2017-04-15 22:00:00";8840;0.6;7;"2017-04-15 22:00:00";"2017-04-15 21:50:00";-10;6.8;0;-20;-10;0;-20;-10;0;-20;-10;0;-20;-10;0;-20;-10;0;-20;-10;0;-20;-10;0;-20;-10;0;-20;-10;-10;20;-10;6;10;6;"2017-04-12 21:55:00";"2017-04-13 21:50:00";"2017-04-14 22:10:00"
"2017-04-16 21:09:30+02:00";"HA61";"2017-04-16 21:50:00";0;"";"2017-04-16 08:30:00";0;0;2;1;1;2;1;1;1;3;"Hond uitlaten, tv kijken, reis zoen internet";0;0;0;2;0;2;2;2;0;0;0;2;"2017-04-16 22:00:00";4063;6.8;10;"2017-04-16 22:00:00";"2017-04-16 23:00:00";60;8.6;40;50;60;40;50;60;40;50;60;40;50;60;40;50;60;40;50;60;40;50;60;40;50;60;40;50;60;20;-10;-10;10;6;7;"2017-04-13 21:50:00";"2017-04-14 22:10:00";"2017-04-15 21:50:00"
"2017-04-17 22:02:00+02:00";"HA61";"2017-04-17 23:00:00";1;"Tv programma";"2017-04-17 08:05:00";0;0;1;0;0;2;1;1;1;2;"Hond, tv kijken";0;0;0;2;0;0;2;0;0;0;0;2;"2017-04-17 22:30:00";4478;8.6;6;"2017-04-17 22:30:00";"2017-04-17 22:30:00";0;7.6;50;60;0;50;60;0;50;60;0;50;60;0;50;60;0;50;60;0;50;60;0;50;60;0;50;60;0;-10;-10;60;6;7;10;"2017-04-14 22:10:00";"2017-04-15 21:50:00";"2017-04-16 21:50:00"
"2017-04-18 22:39:10+02:00";"HA61";"2017-04-18 22:30:00";0;"";"2017-04-18 08:15:00";1;0;1;1;1;2;1;0;0;3;"Hond, tv, internet";0;0;0;2;0;0;2;0;0;0;0;2;"2017-04-18 22:45:00";5567;7.6;6;"2017-04-18 22:45:00";"2017-04-18 22:30:00";-15;6.3;45;-15;-15;45;-15;-15;45;-15;-15;45;-15;-15;45;-15;-15;45;-15;-15;45;-15;-15;45;-15;-15;45;-15;-15;-10;60;0;7;10;6;"2017-04-15 21:50:00";"2017-04-16 21:50:00";"2017-04-17 23:00:00"
"2017-04-19 22:48:45+02:00";"HA61";"2017-04-19 22:30:00";0;"";"2017-04-19 08:30:00";1;0;1;0;0;2;1;0;1;3;"Hoe, tv, internet";0;0;0;2;0;0;2;0;0;0;0;0;"2017-04-19 22:45:00";3737;6.3;4;"2017-04-19 22:45:00";"2017-04-19 22:45:00";0;5.1;-15;-15;0;-15;-15;0;-15;-15;0;-15;-15;0;-15;-15;0;-15;-15;0;-15;-15;0;-15;-15;0;-15;-15;0;60;0;-15;10;6;6;"2017-04-16 21:50:00";"2017-04-17 23:00:00";"2017-04-18 22:30:00"
"2017-04-20 21:32:14+02:00";"HA61";"2017-04-20 22:45:00";0;"";"2017-04-20 07:20:00";2;1;1;1;0;2;3;1;2;1;"Auto, skeeleren, auto, internet";0;0;0;2;2;0;0;0;0;0;0;2;"2017-04-20 22:15:00";22091;5.1;6;"2017-04-20 22:15:00";"2017-04-20 22:30:00";15;9.8;0;15;15;0;15;15;0;15;15;0;15;15;0;15;15;0;15;15;0;15;15;0;15;15;0;15;15;0;-15;0;6;6;4;"2017-04-17 23:00:00";"2017-04-18 22:30:00";"2017-04-19 22:30:00"
"2017-04-21 00:28:12+02:00";"HA61";"2017-04-21 22:30:00";0;"Nvt";"2017-04-21 08:15:00";2;1;1;0;0;2;1;1;1;2;"Hond uitlaten, tv, internet";0;0;0;2;0;0;2;0;0;0;0;0;"2017-04-21 23:00:00";6455;9.8;4;"2017-04-21 23:00:00";"2017-04-22 00:15:00";75;1.1;90;90;75;90;90;75;90;90;75;90;90;75;90;90;75;90;90;75;90;90;75;90;90;75;90;90;75;-15;0;15;6;4;6;"2017-04-18 22:30:00";"2017-04-19 22:30:00";"2017-04-20 22:45:00"
"2017-04-22 22:41:51+02:00";"HA61";"2017-04-22 00:15:00";1;"Afspraak met buurvrouw";"2017-04-22 08:15:00";2;1;2;1;1;0;1;1;3;3;"Bijeenkomst IVN, afstemmen en kletsen bij buurvrouw";0;0;0;2;0;0;0;0;2;0;0;0;"2017-04-22 23:00:00";4733;1.1;4;"2017-04-22 23:00:00";"2017-04-23 00:30:00";90;6.9;180;165;90;180;165;90;180;165;90;180;165;90;180;165;90;180;165;90;180;165;90;180;165;90;180;165;90;0;15;75;4;6;4;"2017-04-19 22:30:00";"2017-04-20 22:45:00";"2017-04-21 22:30:00"
"2017-04-23 22:45:02+02:00";"HA61";"2017-04-23 00:30:00";1;"Uitgelopen jubileum collega";"2017-04-23 08:15:00";1;0;2;1;3;0;3;2;3;0;"Fietsen, feest, auto rijden";0;0;0;0;0;0;0;2;2;0;0;0;"2017-04-23 23:00:00";20691;6.9;4;"2017-04-23 23:00:00";"2017-04-24 10:30:00";690;9.7;855;780;690;855;780;690;855;780;690;855;780;690;855;780;690;855;780;690;855;780;690;855;780;690;855;780;690;15;75;90;6;4;4;"2017-04-20 22:45:00";"2017-04-21 22:30:00";"2017-04-22 00:15:00"
"2017-04-24 22:41:03+02:00";"HA61";"2017-04-24 10:30:00";0;"";"2017-04-24 08:00:00";2;1;2;1;3;1;3;2;1;0;"Eten, skeelerles, discussie vriendin";0;0;0;2;0;0;0;0;0;0;0;0;"2017-04-24 22:40:00";17630;9.7;2;"2017-04-24 22:40:00";"2017-04-24 22:30:00";-10;2.4;770;680;-10;770;680;-10;770;680;-10;770;680;-10;770;680;-10;770;680;-10;770;680;-10;770;680;-10;770;680;-10;75;90;690;4;4;4;"2017-04-21 22:30:00";"2017-04-22 00:15:00";"2017-04-23 00:30:00"
"2017-04-25 14:25:58+02:00";"HA61";"2017-04-25 22:30:00";0;"";"2017-04-25 08:10:00";1;0;1;0;1;2;1;2;1;2;"Eten, hond uitlaten, tv, hotel verkennen";0;0;0;2;2;2;0;2;0;0;0;0;"2017-04-25 22:30:00";3214;2.4;8;"2017-04-25 22:30:00";"2017-04-26 01:30:00";180;10.4;860;170;180;860;170;180;860;170;180;860;170;180;860;170;180;860;170;180;860;170;180;860;170;180;860;170;180;90;690;-10;4;4;2;"2017-04-22 00:15:00";"2017-04-23 00:30:00";"2017-04-24 10:30:00"
"2017-04-26 15:08:57+02:00";"HA61";"2017-04-26 01:30:00";1;"Film op televisie";"2017-04-26 08:00:00";3;1;2;1;1;0;1;1;1;3;"hond uitlaten, koffie drinken in lounch, tv kijken";0;0;0;2;2;0;2;2;0;0;0;0;"2017-04-26 22:00:00";2478;10.4;8;"2017-04-26 22:00:00";"2017-04-26 22:15:00";15;8.1;185;195;15;185;195;15;185;195;15;185;195;15;185;195;15;185;195;15;185;195;15;185;195;15;185;195;15;690;-10;180;4;2;8;"2017-04-23 00:30:00";"2017-04-24 10:30:00";"2017-04-25 22:30:00"
"2017-04-27 16:56:07+02:00";"HA61";"2017-04-27 22:15:00";0;"";"2017-04-27 07:45:00";1;0;1;1;1;1;1;1;1;1;"Hond uitlaten, discussie met vriendin, tv kijken";0;0;0;2;0;0;2;0;0;0;0;0;"2017-04-27 22:30:00";4266;8.1;4;"2017-04-27 22:30:00";"2017-04-27 22:30:00";0;8.1;195;15;0;195;15;0;195;15;0;195;15;0;195;15;0;195;15;0;195;15;0;195;15;0;195;15;0;-10;180;15;2;8;8;"2017-04-24 10:30:00";"2017-04-25 22:30:00";"2017-04-26 01:30:00"
"2017-04-28 15:31:35+02:00";"HA61";"2017-04-28 22:30:00";0;"";"2017-04-28 09:00:00";2;1;1;1;1;2;1;2;1;1;"Hond uitlaten, tv, muziek luisteren";0;0;0;2;0;2;0;0;0;0;0;0;"2017-04-28 22:00:00";3697;8.1;4;"2017-04-28 22:00:00";"2017-04-29 00:00:00";120;12.5;135;120;120;135;120;120;135;120;120;135;120;120;135;120;120;135;120;120;135;120;120;135;120;120;135;120;120;180;15;0;8;8;4;"2017-04-25 22:30:00";"2017-04-26 01:30:00";"2017-04-27 22:15:00"
"2017-04-10 21:17:41+02:00";"he46";"2017-04-10 00:00:00";1;"niet willen slapen";"2017-04-10 07:00:00";1;0;1;1;1;1;0;1;3;3;"tv kijken en computeren";0;0;0;0;0;2;2;0;0;0;0;0;"2017-04-10 00:00:00";10193;12.5;4;"2017-04-11 00:00:00";"2017-04-10 23:00:00";-60;1.9;-60;-60;-60;-60;-60;-60;-60;-60;-60;-60;-60;-60;-60;-60;-60;-60;-60;-60;-60;-60;-60;-60;-60;-60;-60;-60;-60;15;0;120;8;4;4;"2017-04-26 01:30:00";"2017-04-27 22:15:00";"2017-04-28 22:30:00"
"2017-04-11 23:09:55+02:00";"he46";"2017-04-11 23:00:00";0;"";"2017-04-11 07:45:00";1;0;1;0;1;2;1;1;1;0;"uit eten en radio luisteren";0;0;0;0;0;0;0;2;0;0;0;0;"2017-04-11 23:30:00";9424;1.9;2;"2017-04-11 23:30:00";"2017-04-12 00:00:00";30;1.6;-30;-30;30;-30;-30;30;-30;-30;30;-30;-30;30;-30;-30;30;-30;-30;30;-30;-30;30;-30;-30;30;-30;-30;30;0;120;-60;4;4;4;"2017-04-27 22:15:00";"2017-04-28 22:30:00";"2017-04-10 00:00:00"
"2017-04-12 09:50:50+02:00";"he46";"2017-04-12 00:00:00";1;"tv kijken";"2017-04-12 07:00:00";1;0;1;0;1;2;0;2;2;3;"tv kijken en studeren";0;2;0;0;2;2;2;2;0;0;0;0;"2017-04-12 23:00:00";6061;1.6;10;"2017-04-12 23:00:00";"2017-04-12 23:30:00";30;0.1;0;60;30;0;60;30;0;60;30;0;60;30;0;60;30;0;60;30;0;60;30;0;60;30;0;60;30;120;-60;30;4;4;2;"2017-04-28 22:30:00";"2017-04-10 00:00:00";"2017-04-11 23:00:00"
"2017-04-13 09:50:20+02:00";"HE46";"2017-04-13 23:30:00";1;"voetbal kijken";"2017-04-13 06:30:00";1;1;1;0;1;1;0;2;3;3;"studeren, tv kijken, computeren";0;0;0;0;0;2;0;0;0;0;0;1;"2017-04-13 23:00:00";9072;0.1;3;"2017-04-13 23:00:00";"2017-04-13 23:15:00";15;6.6;75;45;15;75;45;15;75;45;15;75;45;15;75;45;15;75;45;15;75;45;15;75;45;15;75;45;15;-60;30;30;4;2;10;"2017-04-10 00:00:00";"2017-04-11 23:00:00";"2017-04-12 00:00:00"
"2017-04-14 08:23:12+02:00";"he46";"2017-04-14 23:15:00";0;"";"2017-04-14 06:30:00";2;1;1;0;1;1;0;2;3;3;"voetbal kijken en computeren";0;0;0;0;0;2;0;0;0;0;0;0;"2017-04-14 23:30:00";14043;6.6;2;"2017-04-14 23:30:00";"2017-04-15 01:00:00";90;0.6;135;105;90;135;105;90;135;105;90;135;105;90;135;105;90;135;105;90;135;105;90;135;105;90;135;105;90;30;30;15;2;10;3;"2017-04-11 23:00:00";"2017-04-12 00:00:00";"2017-04-13 23:30:00"
"2017-04-15 00:03:31+02:00";"he46";"2017-04-15 01:00:00";1;"rusteloos";"2017-04-15 07:15:00";2;0;0;0;2;1;3;2;3;3;"tv kijken  en computeren";0;0;0;0;0;2;2;0;0;0;0;0;"2017-04-15 00:30:00";15292;0.6;4;"2017-04-16 00:30:00";"2017-04-16 00:30:00";0;6.8;105;90;0;105;90;0;105;90;0;105;90;0;105;90;0;105;90;0;105;90;0;105;90;0;105;90;0;30;15;90;10;3;2;"2017-04-12 00:00:00";"2017-04-13 23:30:00";"2017-04-14 23:15:00"
"2017-04-16 10:40:24+02:00";"he46";"2017-04-16 00:30:00";0;"tv kijken";"2017-04-16 09:00:00";1;0;2;1;3;1;0;3;2;3;"tv kijken en computeren";0;2;0;0;0;2;2;2;0;0;0;0;"2017-04-16 00:00:00";13163;6.8;8;"2017-04-17 00:00:00";"2017-04-17 01:30:00";90;8.6;180;90;90;180;90;90;180;90;90;180;90;90;180;90;90;180;90;90;180;90;90;180;90;90;180;90;90;15;90;0;3;2;4;"2017-04-13 23:30:00";"2017-04-14 23:15:00";"2017-04-15 01:00:00"
"2017-04-17 09:37:56+02:00";"he46";"2017-04-17 01:30:00";1;"moest werk afmaken";"2017-04-17 08:30:00";1;1;0;1;0;2;1;3;3;3;"werken achter de pc";0;0;0;0;0;0;2;2;0;0;0;0;"2017-04-17 00:00:00";5937;8.6;4;"2017-04-18 00:00:00";"2017-04-18 00:15:00";15;7.6;105;105;15;105;105;15;105;105;15;105;105;15;105;105;15;105;105;15;105;105;15;105;105;15;105;105;15;90;0;90;2;4;8;"2017-04-14 23:15:00";"2017-04-15 01:00:00";"2017-04-16 00:30:00"
"2017-04-18 11:40:54+02:00";"he46";"2017-04-18 00:15:00";1;"tv kijken";"2017-04-18 09:00:00";1;0;0;0;0;2;1;2;2;3;"tv kijken en computeren";0;0;0;0;0;2;2;2;0;0;0;0;"2017-04-18 00:00:00";7647;7.6;6;"2017-04-19 00:00:00";"2017-04-19 00:15:00";15;6.3;120;30;15;120;30;15;120;30;15;120;30;15;120;30;15;120;30;15;120;30;15;120;30;15;120;30;15;0;90;15;4;8;4;"2017-04-15 01:00:00";"2017-04-16 00:30:00";"2017-04-17 01:30:00"
"2017-04-19 22:39:32+02:00";"he46";"2017-04-19 00:15:00";1;"tv kijken ";"2017-04-19 08:30:00";1;0;0;1;1;1;0;2;3;3;"tv kijken en computeren";0;0;0;0;0;2;2;2;0;0;0;0;"2017-04-19 23:30:00";11946;6.3;6;"2017-04-19 23:30:00";"2017-04-20 02:00:00";150;5.1;180;165;150;180;165;150;180;165;150;180;165;150;180;165;150;180;165;150;180;165;150;180;165;150;180;165;150;90;15;15;8;4;6;"2017-04-16 00:30:00";"2017-04-17 01:30:00";"2017-04-18 00:15:00"
"2017-04-20 13:33:26+02:00";"HE46";"2017-04-20 02:00:00";1;"borrelen met vrienden";"2017-04-20 09:00:00";0;0;1;1;1;2;0;0;3;0;"kletsen met vrienden";0;0;0;0;0;0;0;2;0;0;0;0;"2017-04-20 23:00:00";7899;5.1;2;"2017-04-20 23:00:00";"2017-04-21 01:00:00";120;9.8;285;270;120;285;270;120;285;270;120;285;270;120;285;270;120;285;270;120;285;270;120;285;270;120;285;270;120;15;15;150;4;6;6;"2017-04-17 01:30:00";"2017-04-18 00:15:00";"2017-04-19 00:15:00"
"2017-04-21 21:23:50+02:00";"he46";"2017-04-21 01:00:00";1;"gevierd dat ik mijn scriptie had ingeleverd";"2017-04-21 06:30:00";2;1;1;0;1;1;1;0;3;0;"kletsen met vrienden";0;0;0;0;0;0;0;2;0;0;0;0;"2017-04-21 23:30:00";3962;9.8;2;"2017-04-21 23:30:00";"2017-04-22 00:00:00";30;1.1;300;150;30;300;150;30;300;150;30;300;150;30;300;150;30;300;150;30;300;150;30;300;150;30;300;150;30;15;150;120;6;6;2;"2017-04-18 00:15:00";"2017-04-19 00:15:00";"2017-04-20 02:00:00"
"2017-04-22 20:44:05+02:00";"he46";"2017-04-22 00:00:00";0;"werken";"2017-04-22 07:20:00";2;1;0;0;0;2;0;2;3;3;"computeren";0;0;0;0;0;2;2;0;0;0;0;0;"2017-04-22 23:30:00";9057;1.1;4;"2017-04-22 23:30:00";"2017-04-23 00:00:00";30;6.9;180;60;30;180;60;30;180;60;30;180;60;30;180;60;30;180;60;30;180;60;30;180;60;30;180;60;30;150;120;30;6;2;2;"2017-04-19 00:15:00";"2017-04-20 02:00:00";"2017-04-21 01:00:00"
"2017-04-23 22:43:23+02:00";"he46";"2017-04-23 00:00:00";1;"werken";"2017-04-23 06:30:00";2;1;0;0;1;2;1;2;3;1;"computeren";0;0;0;0;0;0;0;0;0;0;0;0;"2017-04-23 23:30:00";3200;6.9;0;"2017-04-23 23:30:00";"2017-04-24 01:00:00";90;9.7;150;120;90;150;120;90;150;120;90;150;120;90;150;120;90;150;120;90;150;120;90;150;120;90;150;120;90;120;30;30;2;2;4;"2017-04-20 02:00:00";"2017-04-21 01:00:00";"2017-04-22 00:00:00"
"2017-04-24 19:30:34+02:00";"he46";"2017-04-24 01:00:00";0;"";"2017-04-24 08:00:00";1;0;0;1;1;1;0;0;3;0;"feestje gevierd";0;0;0;0;0;0;0;2;0;0;0;0;"2017-04-24 00:00:00";6484;9.7;2;"2017-04-25 00:00:00";"2017-04-24 23:30:00";-30;2.4;90;60;-30;90;60;-30;90;60;-30;90;60;-30;90;60;-30;90;60;-30;90;60;-30;90;60;-30;90;60;-30;30;30;90;2;4;0;"2017-04-21 01:00:00";"2017-04-22 00:00:00";"2017-04-23 00:00:00"
"2017-04-25 21:17:13+02:00";"he46";"2017-04-25 23:30:00";0;"";"2017-04-25 07:00:00";2;0;1;1;1;2;1;2;3;3;"tv kijken";0;0;0;0;0;0;2;0;0;0;0;0;"2017-04-25 23:00:00";5363;2.4;2;"2017-04-25 23:00:00";"2017-04-25 23:45:00";45;12.3;105;15;45;105;15;45;105;15;45;105;15;45;105;15;45;105;15;45;105;15;45;105;15;45;105;15;45;30;90;-30;4;0;2;"2017-04-22 00:00:00";"2017-04-23 00:00:00";"2017-04-24 01:00:00"
"2017-04-10 10:00:40+02:00";"MJ87";"2017-04-10 23:45:00";1;"Ik wilde nog een extra hoofdstuk lezen";"2017-04-10 08:20:00";0;0;0;0;1;1;0;1;2;3;"tv kijken, lezen";0;2;0;0;2;0;0;0;1;0;0;0;"2017-04-10 23:30:00";5244;12.3;5;"2017-04-10 23:30:00";"2017-04-10 23:30:00";0;6.2;0;0;0;0;0;0;0;0;0;0;0;0;0;0;0;0;0;0;0;0;0;0;0;0;0;0;0;90;-30;45;0;2;2;"2017-04-23 00:00:00";"2017-04-24 01:00:00";"2017-04-25 23:30:00"
"2017-04-11 09:56:16+02:00";"MJ87";"2017-04-11 23:30:00";1;"";"2017-04-11 08:00:00";1;0;0;0;0;2;0;1;3;2;"kletsen, smartphone";0;0;0;0;2;0;0;0;0;0;0;0;"2017-04-11 23:30:00";3687;6.2;2;"2017-04-11 23:30:00";"2017-04-11 23:45:00";15;10.3;15;15;15;15;15;15;15;15;15;15;15;15;15;15;15;15;15;15;15;15;15;15;15;15;15;15;15;-30;45;0;2;2;5;"2017-04-24 01:00:00";"2017-04-25 23:30:00";"2017-04-10 23:45:00"
"2017-04-12 15:47:02+02:00";"MJ87";"2017-04-12 23:45:00";1;"Nog even willen appen met iemand";"2017-04-12 08:15:00";1;1;0;0;0;2;0;1;1;3;"gamen, tv, lezen, appen";0;0;0;0;2;0;2;0;2;0;0;0;"2017-04-12 01:00:00";14568;10.3;6;"2017-04-13 01:00:00";"2017-04-13 00:45:00";-15;0.9;0;0;-15;0;0;-15;0;0;-15;0;0;-15;0;0;-15;0;0;-15;0;0;-15;0;0;-15;0;0;-15;45;0;15;2;5;2;"2017-04-25 23:30:00";"2017-04-10 23:45:00";"2017-04-11 23:30:00"
"2017-04-13 18:33:28+02:00";"MJ87";"2017-04-13 00:45:00";0;"";"2017-04-13 09:15:00";0;0;1;0;1;2;1;0;2;2;"cafe, bus";0;1;0;0;2;0;0;1;2;0;0;0;"2017-04-13 01:00:00";5928;0.9;6;"2017-04-14 01:00:00";"2017-04-14 00:15:00";-45;6.6;-45;-60;-45;-45;-60;-45;-45;-60;-45;-45;-60;-45;-45;-60;-45;-45;-60;-45;-45;-60;-45;-45;-60;-45;-45;-60;-45;0;15;-15;5;2;6;"2017-04-10 23:45:00";"2017-04-11 23:30:00";"2017-04-12 23:45:00"
"2017-04-14 13:20:19+02:00";"MJ87";"2017-04-14 00:15:00";0;"";"2017-04-14 09:45:00";1;0;1;1;2;2;0;2;1;3;"Gamen";0;1;0;0;0;0;0;1;2;0;0;0;"2017-04-14 23:30:00";3953;6.6;4;"2017-04-14 23:30:00";"2017-04-15 01:00:00";90;4.8;30;45;90;30;45;90;30;45;90;30;45;90;30;45;90;30;45;90;30;45;90;30;45;90;30;45;90;15;-15;-45;2;6;6;"2017-04-11 23:30:00";"2017-04-12 23:45:00";"2017-04-13 00:45:00"
"2017-04-15 10:45:45+02:00";"MJ87";"2017-04-15 01:00:00";1;"het was nog gezellig";"2017-04-15 07:50:00";1;0;1;0;1;2;1;1;1;3;"gamen, bankhangen";0;2;0;0;0;0;0;2;0;0;0;0;"2017-04-15 23:30:00";8599;4.8;4;"2017-04-15 23:30:00";"2017-04-16 00:20:00";50;4.5;95;140;50;95;140;50;95;140;50;95;140;50;95;140;50;95;140;50;95;140;50;95;140;50;95;140;50;-15;-45;90;6;6;4;"2017-04-12 23:45:00";"2017-04-13 00:45:00";"2017-04-14 00:15:00"
"2017-04-16 15:37:49+02:00";"MJ87";"2017-04-16 00:20:00";1;"Was nog aan het overleggen over een online bestelling die wat langer duurde dan verwacht";"2017-04-16 08:00:00";2;1;1;1;1;1;0;1;1;3;"tv kijken, telefoon gebruikt";0;0;0;0;2;0;0;0;0;0;2;0;"2017-04-16 23:30:00";4493;4.5;4;"2017-04-16 23:30:00";"2017-04-16 23:30:00";0;2.9;140;50;0;140;50;0;140;50;0;140;50;0;140;50;0;140;50;0;140;50;0;140;50;0;140;50;0;-45;90;50;6;4;4;"2017-04-13 00:45:00";"2017-04-14 00:15:00";"2017-04-15 01:00:00"
"2017-04-17 09:57:40+02:00";"MJ87";"2017-04-17 23:30:00";0;"";"2017-04-17 08:40:00";1;0;1;0;1;2;0;1;3;2;"bank hangen, lezen";0;0;0;0;2;0;0;0;2;0;0;0;"2017-04-17 23:30:00";2708;2.9;4;"2017-04-17 23:30:00";"2017-04-18 00:00:00";30;9.9;80;30;30;80;30;30;80;30;30;80;30;30;80;30;30;80;30;30;80;30;30;80;30;30;80;30;30;90;50;0;4;4;4;"2017-04-14 00:15:00";"2017-04-15 01:00:00";"2017-04-16 00:20:00"
"2017-04-18 12:15:40+02:00";"MJ87";"2017-04-18 00:00:00";1;"Nog even lezen en praten";"2017-04-18 07:45:00";1;1;0;1;2;1;0;1;1;3;"Passion kijken, lezen, appen";0;0;0;0;2;0;0;0;2;0;0;0;"2017-04-18 01:00:00";6770;9.9;4;"2017-04-19 01:00:00";"2017-04-19 02:00:00";60;10.2;90;90;60;90;90;60;90;90;60;90;90;60;90;90;60;90;90;60;90;90;60;90;90;60;90;90;60;50;0;30;4;4;4;"2017-04-15 01:00:00";"2017-04-16 00:20:00";"2017-04-17 23:30:00"
"2017-04-19 16:49:25+02:00";"MJ87";"2017-04-19 02:00:00";1;"er kwamen vrienden langs";"2017-04-19 11:00:00";0;0;1;1;2;2;2;1;3;0;"vrienden, drinken";0;2;0;0;0;0;0;2;0;0;0;0;"2017-04-19 01:00:00";8186;10.2;4;"2017-04-20 01:00:00";"2017-04-20 01:00:00";0;7.9;90;60;0;90;60;0;90;60;0;90;60;0;90;60;0;90;60;0;90;60;0;90;60;0;90;60;0;0;30;60;4;4;4;"2017-04-16 00:20:00";"2017-04-17 23:30:00";"2017-04-18 00:00:00"
"2017-04-20 11:26:10+02:00";"MJ87";"2017-04-20 01:00:00";0;"";"2017-04-20 09:30:00";3;0;0;0;1;2;1;1;1;3;"Gamen";0;2;0;0;0;0;0;1;1;0;0;0;"2017-04-20 01:00:00";10586;7.9;4;"2017-04-21 01:00:00";"2017-04-20 23:45:00";-75;11.5;-15;-75;-75;-15;-75;-75;-15;-75;-75;-15;-75;-75;-15;-75;-75;-15;-75;-75;-15;-75;-75;-15;-75;-75;-15;-75;-75;30;60;0;4;4;4;"2017-04-17 23:30:00";"2017-04-18 00:00:00";"2017-04-19 02:00:00"
"2017-04-21 13:41:35+02:00";"MJ87";"2017-04-21 23:45:00";0;"";"2017-04-21 10:15:00";1;0;0;0;0;2;1;1;2;1;"verjaardag ,terug rijden naar huis";0;0;0;0;0;0;0;0;0;0;0;0;"2017-04-21 00:30:00";6246;11.5;0;"2017-04-22 00:30:00";"2017-04-22 00:45:00";15;0.3;-60;-60;15;-60;-60;15;-60;-60;15;-60;-60;15;-60;-60;15;-60;-60;15;-60;-60;15;-60;-60;15;-60;-60;15;60;0;-75;4;4;4;"2017-04-18 00:00:00";"2017-04-19 02:00:00";"2017-04-20 01:00:00"
"2017-04-22 10:56:51+02:00";"MJ87";"2017-04-22 00:45:00";1;"Ik was iets later thuis dan verwacht";"2017-04-22 08:30:00";0;0;0;0;1;2;0;1;3;3;"borrel met vrienden, terugrit met metro naar huis";0;0;0;0;2;0;0;2;0;0;0;0;"2017-04-22 23:30:00";8213;0.3;4;"2017-04-22 23:30:00";"2017-04-22 23:45:00";15;6.8;-45;30;15;-45;30;15;-45;30;15;-45;30;15;-45;30;15;-45;30;15;-45;30;15;-45;30;15;-45;30;15;0;-75;15;4;4;0;"2017-04-19 02:00:00";"2017-04-20 01:00:00";"2017-04-21 23:45:00"
"2017-04-23 09:51:38+02:00";"MJ87";"2017-04-23 23:45:00";1;"nog even lezen en door sociale media scrollen";"2017-04-23 08:30:00";0;0;0;0;0;2;1;1;1;1;"sporten, douchen, tv kijken, lezen";0;0;0;0;2;0;2;0;2;0;0;0;"2017-04-23 23:30:00";3673;6.8;6;"2017-04-23 23:30:00";"2017-04-24 00:00:00";30;6.8;60;45;30;60;45;30;60;45;30;60;45;30;60;45;30;60;45;30;60;45;30;60;45;30;60;45;30;-75;15;15;4;0;4;"2017-04-20 01:00:00";"2017-04-21 23:45:00";"2017-04-22 00:45:00"
"2017-04-24 10:53:56+02:00";"MJ87";"2017-04-24 00:00:00";1;"nog even lezen";"2017-04-24 08:15:00";0;0;1;0;1;2;1;1;3;2;"bank hangen, lezen in bed";0;0;0;0;2;0;0;0;2;0;0;0;"2017-04-24 23:30:00";6731;6.8;4;"2017-04-24 23:30:00";"2017-04-24 23:45:00";15;1.9;60;45;15;60;45;15;60;45;15;60;45;15;60;45;15;60;45;15;60;45;15;60;45;15;60;45;15;15;15;30;0;4;6;"2017-04-21 23:45:00";"2017-04-22 00:45:00";"2017-04-23 23:45:00"
"2017-04-25 12:02:42+02:00";"MJ87";"2017-04-25 23:45:00";1;"ik was nog in gesprek op de app";"2017-04-25 08:30:00";0;0;0;0;0;2;0;1;2;1;"tv kijken, lezen, appen";0;0;0;0;2;0;0;0;0;0;0;0;"2017-04-25 00:30:00";5315;1.9;2;"2017-04-26 00:30:00";"2017-04-26 01:30:00";60;7.6;105;75;60;105;75;60;105;75;60;105;75;60;105;75;60;105;75;60;105;75;60;105;75;60;105;75;60;15;30;15;4;6;4;"2017-04-22 00:45:00";"2017-04-23 23:45:00";"2017-04-24 00:00:00"
"2017-04-26 20:23:18+02:00";"MJ87";"2017-04-26 01:30:00";1;"Was langer gezellig dan verwacht ";"2017-04-26 11:00:00";1;0;0;0;0;2;1;2;2;0;"Serie kijken met vriendin, naar huis rijden";0;2;0;0;0;0;0;0;2;0;0;0;"2017-04-26 01:00:00";3123;7.6;4;"2017-04-27 01:00:00";"2017-04-27 01:00:00";0;8.0;75;60;0;75;60;0;75;60;0;75;60;0;75;60;0;75;60;0;75;60;0;75;60;0;75;60;0;30;15;60;6;4;2;"2017-04-23 23:45:00";"2017-04-24 00:00:00";"2017-04-25 23:45:00"
"2017-04-27 21:27:33+02:00";"MJ87";"2017-04-27 01:00:00";1;"zat nog langer te lezen";"2017-04-27 11:30:00";0;0;1;0;1;2;0;1;2;1;"cafe, naar huis met de bus, lezen";0;1;1;0;2;0;0;2;0;0;0;0;"2017-04-27 00:00:00";3325;8.0;6;"2017-04-28 00:00:00";"2017-04-28 00:30:00";30;7.5;90;30;30;90;30;30;90;30;30;90;30;30;90;30;30;90;30;30;90;30;30;90;30;30;90;30;30;15;60;0;4;2;4;"2017-04-24 00:00:00";"2017-04-25 23:45:00";"2017-04-26 01:30:00"
"2017-04-28 10:02:58+02:00";"MJ87";"2017-04-28 00:30:00";1;"gamen liep uit en lag nog gezellig te kletsen";"2017-04-28 08:00:00";0;0;0;1;1;2;0;2;0;3;"gamen, kletsen";0;2;0;0;2;0;0;2;2;0;0;0;"2017-04-28 23:30:00";3466;7.5;8;"2017-04-28 23:30:00";"2017-04-28 23:30:00";0;12.3;30;30;0;30;30;0;30;30;0;30;30;0;30;30;0;30;30;0;30;30;0;30;30;0;30;30;0;60;0;30;2;4;6;"2017-04-25 23:45:00";"2017-04-26 01:30:00";"2017-04-27 01:00:00"
"2017-04-10 09:37:29+02:00";"PM61";"2017-04-10 23:30:00";0;"";"2017-04-10 07:15:00";2;0;1;0;1;1;1;0;1;2;"Metroreis, wandelen, televisie, gesprekken";0;0;0;0;2;0;0;0;2;0;0;0;"2017-04-10 23:00:00";15943;12.3;4;"2017-04-10 23:00:00";"2017-04-10 23:30:00";30;6.2;30;30;30;30;30;30;30;30;30;30;30;30;30;30;30;30;30;30;30;30;30;30;30;30;30;30;30;0;30;0;4;6;8;"2017-04-26 01:30:00";"2017-04-27 01:00:00";"2017-04-28 00:30:00"
"2017-04-11 15:33:28+02:00";"PM61";"2017-04-11 23:30:00";1;"Ik was later thuis dan ik had gehoopt";"2017-04-11 07:30:00";3;1;0;0;3;1;0;2;2;2;"Bezoek bij schoonouders, autorijden, betalingen afhandelen, douchen";0;0;0;0;0;0;0;2;2;0;0;0;"2017-04-11 23:00:00";4069;6.2;4;"2017-04-11 23:00:00";"2017-04-11 23:46:00";46;10.3;76;76;46;76;76;46;76;76;46;76;76;46;76;76;46;76;76;46;76;76;46;76;76;46;76;76;46;30;0;30;6;8;4;"2017-04-27 01:00:00";"2017-04-28 00:30:00";"2017-04-10 23:30:00"
"2017-04-12 01:51:50+02:00";"PM61";"2017-04-12 23:46:00";1;"Ik was een game aan het uitspelen";"2017-04-12 07:30:00";3;1;2;0;3;0;0;2;1;3;"Gamen, conversatie via telefoon-app";2;0;0;0;0;0;0;2;2;0;0;0;"2017-04-12 00:00:00";2397;10.3;6;"2017-04-13 00:00:00";"2017-04-13 02:00:00";120;0.9;196;166;120;196;166;120;196;166;120;196;166;120;196;166;120;196;166;120;196;166;120;196;166;120;196;166;120;0;30;46;8;4;4;"2017-04-28 00:30:00";"2017-04-10 23:30:00";"2017-04-11 23:30:00"
"2017-04-13 16:48:23+02:00";"PM61";"2017-04-13 02:00:00";1;"Er kwamen vrienden langs";"2017-04-13 11:00:00";2;0;1;0;0;2;3;1;2;0;"Met vrienden op de bank zitten";0;0;0;0;0;0;0;2;2;0;0;0;"2017-04-13 01:00:00";5646;0.9;4;"2017-04-14 01:00:00";"2017-04-14 00:00:00";-60;6.6;106;60;-60;106;60;-60;106;60;-60;106;60;-60;106;60;-60;106;60;-60;106;60;-60;106;60;-60;106;60;-60;30;46;120;4;4;6;"2017-04-10 23:30:00";"2017-04-11 23:30:00";"2017-04-12 23:46:00"
"2017-04-14 12:49:48+02:00";"PM61";"2017-04-14 00:00:00";0;"";"2017-04-14 07:50:00";1;0;1;0;2;1;1;1;0;3;"Afwassen, gamen";0;0;0;0;0;0;0;2;2;0;0;0;"2017-04-14 23:00:00";5918;6.6;4;"2017-04-14 23:00:00";"2017-04-15 00:15:00";75;4.8;135;15;75;135;15;75;135;15;75;135;15;75;135;15;75;135;15;75;135;15;75;135;15;75;135;15;75;46;120;-60;4;6;4;"2017-04-11 23:30:00";"2017-04-12 23:46:00";"2017-04-13 02:00:00"
"2017-04-15 13:22:06+02:00";"PM61";"2017-04-15 00:15:00";0;"";"2017-04-15 09:30:00";0;0;1;0;1;2;0;1;0;3;"Gamen";0;0;0;0;0;0;0;0;2;0;0;0;"2017-04-15 23:30:00";5743;4.8;2;"2017-04-15 23:30:00";"2017-04-15 23:45:00";15;4.5;30;90;15;30;90;15;30;90;15;30;90;15;30;90;15;30;90;15;30;90;15;30;90;15;30;90;15;120;-60;75;6;4;4;"2017-04-12 23:46:00";"2017-04-13 02:00:00";"2017-04-14 00:00:00"
"2017-04-16 08:46:16+02:00";"PM61";"2017-04-16 23:45:00";1;"Het was maar een kwarter; maar ik was aan het gamen";"2017-04-16 07:45:00";1;0;0;0;2;2;2;2;1;3;"Gamen";0;0;0;0;0;0;0;2;2;0;0;0;"2017-04-16 23:30:00";5609;4.5;4;"2017-04-16 23:30:00";"2017-04-16 23:30:00";0;2.9;90;15;0;90;15;0;90;15;0;90;15;0;90;15;0;90;15;0;90;15;0;90;15;0;90;15;0;-60;75;15;4;4;2;"2017-04-13 02:00:00";"2017-04-14 00:00:00";"2017-04-15 00:15:00"
"2017-04-17 10:05:28+02:00";"PM61";"2017-04-17 23:30:00";0;"";"2017-04-17 07:30:00";1;0;0;0;0;2;0;2;2;3;"Gamen, Skype, ontspannings-video's kijken";0;0;0;0;0;0;0;0;2;0;0;0;"2017-04-17 00:00:00";2499;2.9;2;"2017-04-18 00:00:00";"2017-04-18 00:30:00";30;9.9;45;30;30;45;30;30;45;30;30;45;30;30;45;30;30;45;30;30;45;30;30;45;30;30;45;30;30;75;15;0;4;2;4;"2017-04-14 00:00:00";"2017-04-15 00:15:00";"2017-04-16 23:45:00"
"2017-04-18 22:41:26+02:00";"PM61";"2017-04-18 00:30:00";1;"Mijn serie (The OA) was interessanter dan ik van te voren had zien aankomen";"2017-04-18 07:45:00";0;0;0;1;3;1;0;1;1;3;"Serie kijken";0;0;0;0;2;0;0;0;2;0;0;0;"2017-04-18 23:30:00";11129;9.9;4;"2017-04-18 23:30:00";"2017-04-19 00:15:00";45;10.2;75;75;45;75;75;45;75;75;45;75;75;45;75;75;45;75;75;45;75;75;45;75;75;45;75;75;45;15;0;30;2;4;2;"2017-04-15 00:15:00";"2017-04-16 23:45:00";"2017-04-17 23:30:00"
"2017-04-19 13:33:01+02:00";"PM61";"2017-04-19 00:15:00";1;"Ik was aan het gamen met een vriend en dat liep uit";"2017-04-19 07:45:00";3;1;2;0;2;0;0;2;1;3;"Gamen, ontspanningsvideo's kijken";1;1;0;0;0;0;0;1;2;0;0;0;"2017-04-19 23:30:00";7209;10.2;5;"2017-04-19 23:30:00";"2017-04-19 23:30:00";0;7.9;75;45;0;75;45;0;75;45;0;75;45;0;75;45;0;75;45;0;75;45;0;75;45;0;75;45;0;0;30;45;4;2;4;"2017-04-16 23:45:00";"2017-04-17 23:30:00";"2017-04-18 00:30:00"
"2017-04-20 16:15:11+02:00";"PM61";"2017-04-20 23:30:00";0;"";"2017-04-20 07:50:00";1;0;0;0;2;2;0;1;2;3;"Gamen, ontspanningsvideo's kijken";0;0;0;0;0;0;0;0;2;0;0;0;"2017-04-20 00:30:00";8042;7.9;2;"2017-04-21 00:30:00";"2017-04-21 01:00:00";30;11.5;75;30;30;75;30;30;75;30;30;75;30;30;75;30;30;75;30;30;75;30;30;75;30;30;75;30;30;30;45;0;2;4;5;"2017-04-17 23:30:00";"2017-04-18 00:30:00";"2017-04-19 00:15:00"
"2017-04-21 11:25:00+02:00";"PM61";"2017-04-21 01:00:00";0;"";"2017-04-21 21:30:00";3;0;0;0;1;2;1;2;1;1;"Gamen";0;0;0;0;0;0;0;2;2;0;0;0;"2017-04-21 01:00:00";4918;11.5;4;"2017-04-22 01:00:00";"2017-04-22 00:00:00";-60;0.3;-30;-30;-60;-30;-30;-60;-30;-30;-60;-30;-30;-60;-30;-30;-60;-30;-30;-60;-30;-30;-60;-30;-30;-60;-30;-30;-60;45;0;30;4;5;2;"2017-04-18 00:30:00";"2017-04-19 00:15:00";"2017-04-20 23:30:00"
"2017-04-22 14:10:20+02:00";"PM61";"2017-04-22 00:00:00";0;"";"2017-04-22 10:00:00";1;0;0;0;0;2;0;0;3;0;"Eten, meerijden in auto, praten";0;0;0;1;0;0;0;0;2;0;0;0;"2017-04-22 23:30:00";10661;0.3;3;"2017-04-22 23:30:00";"2017-04-22 23:30:00";0;6.8;-30;-60;0;-30;-60;0;-30;-60;0;-30;-60;0;-30;-60;0;-30;-60;0;-30;-60;0;-30;-60;0;-30;-60;0;0;30;-60;5;2;4;"2017-04-19 00:15:00";"2017-04-20 23:30:00";"2017-04-21 01:00:00"
"2017-04-23 09:43:26+02:00";"PM61";"2017-04-23 23:30:00";0;"";"2017-04-23 08:00:00";2;1;1;0;2;1;0;2;2;3;"Reizen met metro, reizen met bus, gamen, op YouTube rondhangen";1;1;0;0;2;0;0;1;2;0;0;0;"2017-04-23 23:30:00";4582;6.8;7;"2017-04-23 23:30:00";"2017-04-23 23:50:00";20;6.8;-40;20;20;-40;20;20;-40;20;20;-40;20;20;-40;20;20;-40;20;20;-40;20;20;-40;20;20;-40;20;20;30;-60;0;2;4;3;"2017-04-20 23:30:00";"2017-04-21 01:00:00";"2017-04-22 00:00:00"
"2017-04-24 00:02:32+02:00";"PM61";"2017-04-24 23:50:00";1;"Gamen liep uit";"2017-04-24 08:05:00";1;0;0;0;3;0;0;1;1;3;"Naar huis fietsen, gamen";1;0;0;0;0;0;0;2;2;0;0;0;"2017-04-24 23:30:00";3420;6.8;5;"2017-04-24 23:30:00";"2017-04-25 01:30:00";120;1.9;140;140;120;140;140;120;140;140;120;140;140;120;140;140;120;140;140;120;140;140;120;140;140;120;140;140;120;-60;0;20;4;3;7;"2017-04-21 01:00:00";"2017-04-22 00:00:00";"2017-04-23 23:30:00"
"2017-04-25 15:17:19+02:00";"PM61";"2017-04-25 01:30:00";1;"Het was gezellig op het terras";"2017-04-25 13:00:00";1;0;2;0;0;3;1;0;3;0;"Op terras zitten, fietsen, treinreizen, fietsen";1;1;0;0;0;0;0;2;2;0;0;0;"2017-04-25 01:00:00";3311;1.9;6;"2017-04-26 01:00:00";"2017-04-26 01:00:00";0;7.6;140;120;0;140;120;0;140;120;0;140;120;0;140;120;0;140;120;0;140;120;0;140;120;0;140;120;0;0;20;120;3;7;5;"2017-04-22 00:00:00";"2017-04-23 23:30:00";"2017-04-24 23:50:00"
"2017-04-26 21:27:41+02:00";"PM61";"2017-04-26 01:00:00";0;"";"2017-04-26 11:30:00";1;0;1;0;1;2;0;3;0;3;"Gamen";0;0;0;0;0;0;0;2;2;0;0;0;"2017-04-26 00:00:00";3619;7.6;4;"2017-04-27 00:00:00";"2017-04-27 00:15:00";15;8.0;135;15;15;135;15;15;135;15;15;135;15;15;135;15;15;135;15;15;135;15;15;135;15;15;135;15;15;20;120;0;7;5;6;"2017-04-23 23:30:00";"2017-04-24 23:50:00";"2017-04-25 01:30:00"
"2017-04-27 00:55:27+02:00";"PM61";"2017-04-27 00:15:00";1;"Gamen en douchen liepen uit";"2017-04-27 07:40:00";1;0;1;0;1;2;1;1;3;3;"Gamen, douchen";1;0;0;0;2;0;0;2;2;0;0;0;"2017-04-27 01:00:00";4158;8.0;7;"2017-04-28 01:00:00";"2017-04-27 23:00:00";-120;12.5;-105;-105;-120;-105;-105;-120;-105;-105;-120;-105;-105;-120;-105;-105;-120;-105;-105;-120;-105;-105;-120;-105;-105;-120;-105;-105;-120;120;0;15;5;6;4;"2017-04-24 23:50:00";"2017-04-25 01:30:00";"2017-04-26 01:00:00"
"2017-04-10 13:52:48+02:00";"wh18";"2017-04-10 23:00:00";0;"";"2017-04-10 08:30:00";0;0;1;0;0;3;0;1;3;0;"tv gekeken";0;0;0;0;0;0;0;1;0;0;0;0;"2017-04-10 23:30:00";2653;12.5;1;"2017-04-10 23:30:00";"2017-04-11 00:30:00";60;1.9;60;60;60;60;60;60;60;60;60;60;60;60;60;60;60;60;60;60;60;60;60;60;60;60;60;60;60;0;15;-120;6;4;7;"2017-04-25 01:30:00";"2017-04-26 01:00:00";"2017-04-27 00:15:00"
"2017-04-11 08:35:07+02:00";"wh18";"2017-04-11 00:30:00";1;"interessant tv programma over de panda's";"2017-04-11 08:00:00";1;1;1;0;0;2;0;1;2;3;"tv kijken, bellen";0;0;0;0;0;0;0;2;0;0;0;0;"2017-04-11 23:30:00";2267;1.9;2;"2017-04-11 23:30:00";"2017-04-11 23:50:00";20;1.6;80;80;20;80;80;20;80;80;20;80;80;20;80;80;20;80;80;20;80;80;20;80;80;20;80;80;20;15;-120;60;4;7;1;"2017-04-26 01:00:00";"2017-04-27 00:15:00";"2017-04-10 23:00:00"
"2017-04-12 08:36:22+02:00";"wh18";"2017-04-12 23:50:00";0;"";"2017-04-12 08:20:00";0;0;1;0;0;2;0;1;2;3;"tv kijken, bridgen op computer, bellen";0;0;0;0;0;0;0;0;0;0;0;0;"2017-04-12 23:45:00";3345;1.6;0;"2017-04-12 23:45:00";"2017-04-12 23:30:00";-15;0.1;65;5;-15;65;5;-15;65;5;-15;65;5;-15;65;5;-15;65;5;-15;65;5;-15;65;5;-15;65;5;-15;-120;60;20;7;1;2;"2017-04-27 00:15:00";"2017-04-10 23:00:00";"2017-04-11 00:30:00"
"2017-04-13 09:00:33+02:00";"wh18";"2017-04-13 23:30:00";0;"ging niet later naar bed";"2017-04-13 08:15:00";0;0;2;0;0;2;0;2;3;3;"lang telefoongesprek vriendin, tv kijken";0;0;0;0;0;0;0;0;0;0;0;0;"2017-04-13 23:30:00";3589;0.1;0;"2017-04-13 23:30:00";"2017-04-13 23:45:00";15;6.6;20;0;15;20;0;15;20;0;15;20;0;15;20;0;15;20;0;15;20;0;15;20;0;15;20;0;15;60;20;-15;1;2;0;"2017-04-10 23:00:00";"2017-04-11 00:30:00";"2017-04-12 23:50:00"
"2017-04-14 10:09:44+02:00";"wh18";"2017-04-14 23:45:00";0;"niet later";"2017-04-14 09:30:00";2;1;2;0;1;1;0;1;2;0;"vrienden te eten, gezellig";0;0;0;0;0;0;0;2;0;0;0;0;"2017-04-14 23:30:00";4121;6.6;2;"2017-04-14 23:30:00";"2017-04-14 23:45:00";15;0.6;15;30;15;15;30;15;15;30;15;15;30;15;15;30;15;15;30;15;15;30;15;15;30;15;15;30;15;20;-15;15;2;0;0;"2017-04-11 00:30:00";"2017-04-12 23:50:00";"2017-04-13 23:30:00"
"2017-04-15 09:05:26+02:00";"wh18";"2017-04-15 23:45:00";0;"ging niet later";"2017-04-15 08:45:00";0;0;1;0;0;2;0;0;2;3;"tv gekeken ";0;0;0;0;0;0;0;2;0;0;0;0;"2017-04-15 23:30:00";2284;0.6;2;"2017-04-15 23:30:00";"2017-04-15 23:30:00";0;6.8;30;15;0;30;15;0;30;15;0;30;15;0;30;15;0;30;15;0;30;15;0;30;15;0;30;15;0;-15;15;15;0;0;2;"2017-04-12 23:50:00";"2017-04-13 23:30:00";"2017-04-14 23:45:00"
"2017-04-16 10:07:17+02:00";"wh18";"2017-04-16 23:30:00";0;"niet later naar bed gegaan";"2017-04-16 08:15:00";1;0;1;0;0;2;0;1;1;1;"tv gekeken";0;0;0;0;0;0;0;2;0;0;0;0;"2017-04-16 23:45:00";5169;6.8;2;"2017-04-16 23:45:00";"2017-04-17 00:45:00";60;8.6;75;60;60;75;60;60;75;60;60;75;60;60;75;60;60;75;60;60;75;60;60;75;60;60;75;60;60;15;15;0;0;2;2;"2017-04-13 23:30:00";"2017-04-14 23:45:00";"2017-04-15 23:45:00"
"2017-04-17 09:45:03+02:00";"wh18";"2017-04-17 00:45:00";1;"drukke avond met bridgen";"2017-04-17 09:15:00";2;1;1;0;0;2;1;2;2;1;"bridge, computer, lezen";0;0;0;0;0;0;0;2;0;0;0;0;"2017-04-17 23:30:00";8694;8.6;2;"2017-04-17 23:30:00";"2017-04-18 00:15:00";45;7.6;105;105;45;105;105;45;105;105;45;105;105;45;105;105;45;105;105;45;105;105;45;105;105;45;105;105;45;15;0;60;2;2;2;"2017-04-14 23:45:00";"2017-04-15 23:45:00";"2017-04-16 23:30:00"
"2017-04-18 09:13:42+02:00";"wh18";"2017-04-18 00:15:00";1;"gezellig";"2017-04-18 08:00:00";0;0;1;0;0;2;0;1;2;3;"even langs geweest bij moeder, daarna tv gekeken";0;0;0;0;0;0;0;2;0;0;0;0;"2017-04-18 23:45:00";6612;7.6;2;"2017-04-18 23:45:00";"2017-04-18 23:45:00";0;6.3;105;45;0;105;45;0;105;45;0;105;45;0;105;45;0;105;45;0;105;45;0;105;45;0;105;45;0;0;60;45;2;2;2;"2017-04-15 23:45:00";"2017-04-16 23:30:00";"2017-04-17 00:45:00"
"2017-04-19 08:14:31+02:00";"wh18";"2017-04-19 23:45:00";0;"niet later";"2017-04-19 08:00:00";0;0;1;0;0;2;0;1;3;0;"tv gekeken";0;0;0;0;0;0;0;2;0;0;0;0;"2017-04-19 23:45:00";3074;6.3;2;"2017-04-19 23:45:00";"2017-04-19 23:30:00";-15;5.1;30;-15;-15;30;-15;-15;30;-15;-15;30;-15;-15;30;-15;-15;30;-15;-15;30;-15;-15;30;-15;-15;30;-15;-15;60;45;0;2;2;2;"2017-04-16 23:30:00";"2017-04-17 00:45:00";"2017-04-18 00:15:00"
"2017-04-20 08:48:56+02:00";"wh18";"2017-04-20 23:30:00";0;"niet later naar bed";"2017-04-20 08:30:00";0;0;2;0;2;1;1;1;3;1;"verjaardag feestje, daarna tv gekeken";0;0;0;0;0;0;0;2;2;0;0;0;"2017-04-20 23:30:00";10536;5.1;4;"2017-04-20 23:30:00";"2017-04-20 23:45:00";15;9.8;0;0;15;0;0;15;0;0;15;0;0;15;0;0;15;0;0;15;0;0;15;0;0;15;0;0;15;45;0;-15;2;2;2;"2017-04-17 00:45:00";"2017-04-18 00:15:00";"2017-04-19 23:45:00"
"2017-04-21 09:11:30+02:00";"wh18";"2017-04-21 23:45:00";0;"niet later";"2017-04-21 08:30:00";0;0;1;0;0;2;0;1;2;0;"tv gekeken";0;0;0;0;0;0;0;2;0;0;0;0;"2017-04-21 23:45:00";2671;9.8;2;"2017-04-21 23:45:00";"2017-04-21 23:45:00";0;1.1;0;15;0;0;15;0;0;15;0;0;15;0;0;15;0;0;15;0;0;15;0;0;15;0;0;15;0;0;-15;15;2;2;4;"2017-04-18 00:15:00";"2017-04-19 23:45:00";"2017-04-20 23:30:00"
"2017-04-22 09:48:41+02:00";"wh18";"2017-04-22 23:45:00";0;"niet later";"2017-04-22 08:15:00";0;0;1;0;0;2;0;2;2;2;"kaarten met vrienden, gezellig";0;0;0;0;0;0;0;2;2;0;0;0;"2017-04-22 23:30:00";2844;1.1;4;"2017-04-22 23:30:00";"2017-04-22 23:45:00";15;6.9;30;15;15;30;15;15;30;15;15;30;15;15;30;15;15;30;15;15;30;15;15;30;15;15;30;15;15;-15;15;0;2;4;2;"2017-04-19 23:45:00";"2017-04-20 23:30:00";"2017-04-21 23:45:00"
"2017-04-23 08:39:35+02:00";"wh18";"2017-04-23 23:45:00";0;"niet later";"2017-04-23 08:15:00";0;0;1;0;0;2;0;2;3;1;"op bezoek geweest bij vrienden";0;0;0;0;0;0;0;2;0;0;0;0;"2017-04-23 23:45:00";2596;6.9;2;"2017-04-23 23:45:00";"2017-04-24 02:00:00";135;9.7;150;150;135;150;150;135;150;150;135;150;150;135;150;150;135;150;150;135;150;150;135;150;150;135;150;150;135;15;0;15;4;2;4;"2017-04-20 23:30:00";"2017-04-21 23:45:00";"2017-04-22 23:45:00"
"2017-04-24 10:14:27+02:00";"wh18";"2017-04-24 02:00:00";1;"feestje";"2017-04-24 09:00:00";0;0;1;0;0;1;0;2;3;0;"feestje";0;0;0;0;0;0;0;2;0;0;0;0;"2017-04-24 23:45:00";2933;9.7;2;"2017-04-24 23:45:00";"2017-04-24 23:45:00";0;2.4;150;135;0;150;135;0;150;135;0;150;135;0;150;135;0;150;135;0;150;135;0;150;135;0;150;135;0;0;15;135;2;4;2;"2017-04-21 23:45:00";"2017-04-22 23:45:00";"2017-04-23 23:45:00"
"2017-04-25 09:16:09+02:00";"wh18";"2017-04-25 23:45:00";0;"niet later";"2017-04-25 09:00:00";0;0;1;0;0;2;0;0;3;0;"in cafe geweest en nog even tv gekeken";0;0;0;0;0;0;0;2;0;0;0;0;"2017-04-25 23:45:00";3577;2.4;2;"2017-04-25 23:45:00";"2017-04-25 23:30:00";-15;10.4;120;-15;-15;120;-15;-15;120;-15;-15;120;-15;-15;120;-15;-15;120;-15;-15;120;-15;-15;120;-15;-15;120;-15;-15;15;135;0;4;2;2;"2017-04-22 23:45:00";"2017-04-23 23:45:00";"2017-04-24 02:00:00"
"2017-04-26 00:46:40+02:00";"wh18";"2017-04-26 23:30:00";0;"niet later";"2017-04-26 08:15:00";0;0;1;0;0;2;0;0;3;0;"bezoek dus druk";0;0;0;0;0;0;0;2;0;0;0;0;"2017-04-26 23:45:00";3945;10.4;2;"2017-04-26 23:45:00";"2017-04-26 23:45:00";0;8.1;-15;-15;0;-15;-15;0;-15;-15;0;-15;-15;0;-15;-15;0;-15;-15;0;-15;-15;0;-15;-15;0;-15;-15;0;135;0;-15;2;2;2;"2017-04-23 23:45:00";"2017-04-24 02:00:00";"2017-04-25 23:45:00"
"2017-04-27 14:52:48+02:00";"wh18";"2017-04-27 23:45:00";0;"niet later";"2017-04-27 10:00:00";0;0;1;0;0;2;0;2;3;0;"klaverjassen met vrienden thuis";0;0;0;0;0;0;0;2;0;0;0;0;"2017-04-27 23:30:00";2557;8.1;2;"2017-04-27 23:30:00";"2017-04-28 00:15:00";45;8.1;30;45;45;30;45;45;30;45;45;30;45;45;30;45;45;30;45;45;30;45;45;30;45;45;30;45;45;0;-15;0;2;2;2;"2017-04-24 02:00:00";"2017-04-25 23:45:00";"2017-04-26 23:30:00"
"2017-04-28 12:31:21+02:00";"wh18";"2017-04-28 00:15:00";1;"gezellig";"2017-04-28 08:15:00";0;0;1;0;0;2;0;1;2;1;"tv gekeken en gelezen";0;0;0;0;0;0;0;2;0;0;0;0;"2017-04-28 23:30:00";4651;8.1;2;"2017-04-29 00:00:00";"2017-04-29 00:00:00";0;0;45;45;0;45;45;0;45;45;0;45;45;0;45;45;0;45;45;0;45;45;0;45;45;0;45;45;0;-15;0;45;2;2;2;"2017-04-25 23:45:00";"2017-04-26 23:30:00";"2017-04-27 23:45:00"
