bed_time,late,wake_time,sleep_transition,sleep_struggle,night_wake,wake_earlier,wake_earlier_problem,sleep_quality,physical_activity,mental_digital_activity,social_activity,light,temptation_smoking,temptation_eating,temptation_chat,temptation_coffee,temptation_social_media,temptation_internet,temptation_tv,temptation_alcohol,temptation_soft_drink,temptation_cleaning,temptation_shopping,temptation_other,steps,sun_hours,temptation_score,ego_depletion,day_of_week,procrastination_minutes,procrastination_minutes_positive,procrastination_minutes_positive_15by15,sleep_transition_minutes_estimated,sleep_minutes,procrastination_minutes_four_day_cumulative_history,procrastination_minutes_three_day_cumulative_history,procrastination_minutes_two_day_cumulative_history,sleep_struggle_four_day_cumulative_history,sleep_struggle_three_day_cumulative_history,sleep_struggle_two_day_cumulative_history,night_wake_four_day_cumulative_history,night_wake_three_day_cumulative_history,night_wake_two_day_cumulative_history,sleep_quality_four_day_cumulative_history,sleep_quality_three_day_cumulative_history,sleep_quality_two_day_cumulative_history,social_activity_four_day_cumulative_history,social_activity_three_day_cumulative_history,social_activity_two_day_cumulative_history,light_four_day_cumulative_history,light_three_day_cumulative_history,light_two_day_cumulative_history,temptation_eating_four_day_cumulative_history,temptation_eating_three_day_cumulative_history,temptation_eating_two_day_cumulative_history,temptation_coffee_four_day_cumulative_history,temptation_coffee_three_day_cumulative_history,temptation_coffee_two_day_cumulative_history,temptation_score_four_day_cumulative_history,temptation_score_three_day_cumulative_history,temptation_score_two_day_cumulative_history,procrastination_minutes_three_days_ago,procrastination_minutes_two_days_ago,procrastination_minutes_one_days_ago,temptation_score_three_days_ago,temptation_score_two_days_ago,temptation_score_one_days_ago,bed_time_three_days_ago,bed_time_two_days_ago,bed_time_one_days_ago,sleep_deficit_change,sleep_deficit_minutes,consent,sex,age,edu,timezone_change,sleep_disorder,nightshift,psy_disorder,wake,young_kids,partn,bptrt_1,bptrt_2,bptrt_3,bptrt_4,bptrt_5,bptrt_6,bptrt_7,bptrt_8,bptrt_9,ats_1,atbr_1,sq_1,sq_2,sq_3,sq_4,sq_5,sq_6,atbr_2,atbr_3,ats_2,ats_3,chron_1,chron_2,chron_3,chron_4,chron_5,chron_6,chron_7,chron_8,sc_1,sc_2,sc_3,sc_4,sc_5,sc_6,sc_7,sc_8,sc_9,sc_10,sc_11,sc_12,sc_13,bptrt_score,ats_score,atbr_score,sq_score,chron_score,sc_score,id,questionnaire_timestamp,late_reason,presleep_description,bed_time_plan_aligned,date
10/04/2017 02:00,1,09/04/2017 09:30,0,0,0,0,0,2,1,1,2,1,0,0,2,0,2,2,0,0,0,0,0,0,5845,12.3,6,0,6,,,,00:15:00,435,0,0,0,0,0,0,0,0,0,2,2,2,2,2,2,1,1,1,0,0,0,0,0,0,6,6,6,,,,,,,,,,45,45,1,1,49,4,0,0,0,0,1,0,0,3,-1,-1,1,3,2,0,3,-2,0,0,0,0,2,0,0,-3,0,1,0,-4,-2,1,2,-1,2,-2,-2,0,1,-1,-1,-4,-2,2,-1,1,-1,-2,1,-1,-2,8,-4,1,-1,-2,-10,AB64,2017-04-10 09:57:26+02:00,We zijn vanuit het noorden van het land teruggereden naar huis na een theatervoorstelling,"Theaterbezoek, autorit (bijrijder)",NaT,2017-04-09 09:57:26+02:00
10/04/2017 23:45,1,10/04/2017 07:00,0,0,4,0,0,2,1,1,2,3,0,0,0,0,2,2,0,2,0,0,0,0,7649,8.8,6,0,0,45,45,3,00:15:00,420,45,45,45,0,0,0,4,4,4,4,4,4,4,4,4,4,4,4,0,0,0,0,0,0,12,12,12,,,,,,6,,,10/04/2017 02:00,60,105,1,1,49,4,0,0,0,0,1,0,0,3,-1,-1,1,3,2,0,3,-2,0,0,0,0,2,0,0,-3,0,1,0,-4,-2,1,2,-1,2,-2,-2,0,1,-1,-1,-4,-2,2,-1,1,-1,-2,1,-1,-2,8,-4,1,-1,-2,-10,AB64,2017-04-11 23:25:39+02:00,,Tv kijken,10/04/2017 23:00,2017-04-10 23:25:39+02:00
11/04/2017 23:55,1,11/04/2017 07:00,0,0,2,0,0,1,0,0,3,3,0,0,0,0,0,0,0,2,0,0,0,0,5012,10.7,2,0,1,25,25,1,00:15:00,410,70,70,70,0,0,0,6,6,6,5,5,3,7,7,5,7,7,6,0,0,0,0,0,0,14,14,8,,,45,,6,6,,10/04/2017 02:00,10/04/2017 23:45,70,175,1,1,49,4,0,0,0,0,1,0,0,3,-1,-1,1,3,2,0,3,-2,0,0,0,0,2,0,0,-3,0,1,0,-4,-2,1,2,-1,2,-2,-2,0,1,-1,-1,-4,-2,2,-1,1,-1,-2,1,-1,-2,8,-4,1,-1,-2,-10,AB64,2017-04-12 07:42:47+02:00,Man kwam thuis en daar wilde ik nog even mee praten,"Poging om Netflix te kijken maar was te moe, praten met huisgenoten,",11/04/2017 23:30,2017-04-11 07:42:47+02:00
13/04/2017 00:30,1,12/04/2017 07:00,0,0,2,0,0,2,0,3,1,3,0,0,0,0,0,0,1,1,0,0,0,0,2467,1.3,2,2,2,90,90,6,00:15:00,375,160,160,115,0,0,0,8,8,4,7,5,3,8,6,4,10,9,6,0,0,0,0,0,0,16,10,4,,45,25,6,6,2,10/04/2017 02:00,10/04/2017 23:45,11/04/2017 23:55,105,280,1,1,49,4,0,0,0,0,1,0,0,3,-1,-1,1,3,2,0,3,-2,0,0,0,0,2,0,0,-3,0,1,0,-4,-2,1,2,-1,2,-2,-2,0,1,-1,-1,-4,-2,2,-1,1,-1,-2,1,-1,-2,8,-4,1,-1,-2,-10,AB64,2017-04-13 08:26:21+02:00,Tot laat doorgewerkt.,"Gewerkt, achter de pc",12/04/2017 23:00,2017-04-12 08:26:21+02:00
14/04/2017 00:00,0,13/04/2017 09:00,0,0,2,0,1,2,0,1,2,3,0,0,0,0,2,0,0,0,0,0,0,0,2114,7.2,2,0,3,30,30,2,00:15:00,525,190,145,120,0,0,0,10,6,4,7,5,4,8,6,3,12,9,6,0,0,0,0,0,0,12,6,4,45,25,90,6,2,2,10/04/2017 23:45,11/04/2017 23:55,13/04/2017 00:30,-45,190,1,1,49,4,0,0,0,0,1,0,0,3,-1,-1,1,3,2,0,3,-2,0,0,0,0,2,0,0,-3,0,1,0,-4,-2,1,2,-1,2,-2,-2,0,1,-1,-1,-4,-2,2,-1,1,-1,-2,1,-1,-2,8,-4,1,-1,-2,-10,AB64,2017-04-14 13:10:28+02:00,nvt,"tv gekeken, ipad",13/04/2017 23:30,2017-04-13 13:10:28+02:00
15/04/2017 01:00,1,14/04/2017 07:00,0,0,2,0,1,2,0,2,2,3,0,0,0,0,2,2,0,0,0,0,0,0,2943,4.4,4,0,4,120,120,8,00:15:00,345,265,240,150,0,0,0,8,6,4,7,6,4,8,5,4,12,9,6,0,0,0,0,0,0,10,8,6,25,90,30,2,2,2,11/04/2017 23:55,13/04/2017 00:30,14/04/2017 00:00,135,265,1,1,49,4,0,0,0,0,1,0,0,3,-1,-1,1,3,2,0,3,-2,0,0,0,0,2,0,0,-3,0,1,0,-4,-2,1,2,-1,2,-2,-2,0,1,-1,-1,-4,-2,2,-1,1,-1,-2,1,-1,-2,8,-4,1,-1,-2,-10,AB64,2017-04-15 17:04:43+02:00,"Nog even gezellig napraten, en in eens was het 1 uur.","Ipad, tv-serie kijken, gezellig kletsen",14/04/2017 23:00,2017-04-14 17:04:43+02:00
15/04/2017 23:30,0,15/04/2017 07:00,0,0,2,1,0,2,0,1,2,2,0,0,0,0,0,2,0,0,0,0,0,0,2288,5.8,2,0,5,30,30,2,00:15:00,435,270,180,150,0,0,0,8,6,4,8,6,4,7,6,4,11,8,5,0,0,0,0,0,0,10,8,6,90,30,120,2,2,4,13/04/2017 00:30,14/04/2017 00:00,15/04/2017 01:00,45,240,1,1,49,4,0,0,0,0,1,0,0,3,-1,-1,1,3,2,0,3,-2,0,0,0,0,2,0,0,-3,0,1,0,-4,-2,1,2,-1,2,-2,-2,0,1,-1,-1,-4,-2,2,-1,1,-1,-2,1,-1,-2,8,-4,1,-1,-2,-10,AB64,2017-04-16 08:16:39+02:00,Nvt,"Even rustig zitten samen, de dag doorpraten.",15/04/2017 23:00,2017-04-15 08:16:39+02:00
16/04/2017 23:30,0,16/04/2017 07:00,0,0,1,0,0,2,0,1,1,2,0,0,0,0,2,0,2,0,0,0,0,0,3015,5.3,4,0,6,30,30,2,00:15:00,435,210,180,60,0,0,0,7,5,3,8,6,4,7,5,3,10,7,4,0,0,0,0,0,0,12,10,6,30,120,30,2,4,2,14/04/2017 00:00,15/04/2017 01:00,15/04/2017 23:30,45,180,1,1,49,4,0,0,0,0,1,0,0,3,-1,-1,1,3,2,0,3,-2,0,0,0,0,2,0,0,-3,0,1,0,-4,-2,1,2,-1,2,-2,-2,0,1,-1,-1,-4,-2,2,-1,1,-1,-2,1,-1,-2,8,-4,1,-1,-2,-10,AB64,2017-04-17 08:11:53+02:00,Nvt,"Televisie gekeken, boek gelezen, op de bank gezetten, was doen.",16/04/2017 23:00,2017-04-16 08:11:53+02:00
18/04/2017 00:30,1,17/04/2017 08:00,0,0,2,1,1,2,0,1,2,2,0,2,0,0,0,0,0,2,0,0,0,0,3866,9.4,4,0,0,60,60,4,00:15:00,435,240,120,90,0,0,0,7,5,3,8,6,4,7,5,3,9,6,4,2,2,2,0,0,0,14,10,8,120,30,30,4,2,4,15/04/2017 01:00,15/04/2017 23:30,16/04/2017 23:30,45,270,1,1,49,4,0,0,0,0,1,0,0,3,-1,-1,1,3,2,0,3,-2,0,0,0,0,2,0,0,-3,0,1,0,-4,-2,1,2,-1,2,-2,-2,0,1,-1,-1,-4,-2,2,-1,1,-1,-2,1,-1,-2,8,-4,1,-1,-2,-10,AB64,2017-04-18 08:41:36+02:00,Geen bijzondere reden.,"Televisie kijken, lezen, ipad, gesprek voeren",17/04/2017 23:30,2017-04-17 08:41:36+02:00
19/04/2017 01:00,1,18/04/2017 07:00,0,0,1,1,0,2,0,2,1,0,0,0,0,0,0,0,0,1,0,0,0,0,4312,9,1,1,1,60,60,4,00:15:00,345,180,150,120,0,0,0,6,4,3,8,6,4,6,4,3,6,4,2,2,2,2,0,0,0,11,9,5,30,30,60,2,4,4,15/04/2017 23:30,16/04/2017 23:30,18/04/2017 00:30,135,270,1,1,49,4,0,0,0,0,1,0,0,3,-1,-1,1,3,2,0,3,-2,0,0,0,0,2,0,0,-3,0,1,0,-4,-2,1,2,-1,2,-2,-2,0,1,-1,-1,-4,-2,2,-1,1,-1,-2,1,-1,-2,8,-4,1,-1,-2,-10,AB64,2017-04-19 17:17:55+02:00,Ik ben naar een verjaardag geweest.,"Verjaardag: kletsen met allerlei mensen, 10 minuten buiten lopen, lezen",19/04/2017 00:00,2017-04-18 17:17:55+02:00
20/04/2017 00:30,1,19/04/2017 08:00,0,0,2,1,1,2,0,1,2,2,0,2,0,0,0,0,0,2,0,0,0,0,2987,6.3,4,0,2,90,90,6,00:15:00,435,240,210,150,0,0,0,6,5,3,8,6,4,6,5,3,6,4,2,4,4,2,0,0,0,13,9,5,30,60,60,4,4,1,16/04/2017 23:30,18/04/2017 00:30,19/04/2017 01:00,45,270,1,1,49,4,0,0,0,0,1,0,0,3,-1,-1,1,3,2,0,3,-2,0,0,0,0,2,0,0,-3,0,1,0,-4,-2,1,2,-1,2,-2,-2,0,1,-1,-1,-4,-2,2,-1,1,-1,-2,1,-1,-2,8,-4,1,-1,-2,-10,AB64,2017-04-20 17:18:27+02:00,Geen bijzondere reden.,"Televisie kijken, lezen, ipad, gesprek voeren",19/04/2017 23:00,2017-04-19 17:18:27+02:00
20/04/2017 22:30,0,20/04/2017 07:00,0,0,1,0,0,2,0,0,1,3,0,0,0,0,0,0,0,0,0,0,0,0,2231,12.5,0,0,3,-90,0,0,00:15:00,495,120,60,0,0,0,0,6,4,3,8,6,4,6,4,3,7,5,5,4,2,2,0,0,0,9,5,4,60,60,90,4,1,4,18/04/2017 00:30,19/04/2017 01:00,20/04/2017 00:30,-15,210,1,1,49,4,0,0,0,0,1,0,0,3,-1,-1,1,3,2,0,3,-2,0,0,0,0,2,0,0,-3,0,1,0,-4,-2,1,2,-1,2,-2,-2,0,1,-1,-1,-4,-2,2,-1,1,-1,-2,1,-1,-2,8,-4,1,-1,-2,-10,AB64,2017-04-21 07:31:53+02:00,N.v.t.,"Serie kijken, lezen in bed",21/04/2017 00:00,2017-04-20 07:31:53+02:00
22/04/2017 00:00,1,21/04/2017 07:00,0,0,2,0,0,2,0,3,3,3,0,2,0,0,0,0,0,2,0,0,0,0,2177,0.7,4,0,4,60,60,4,00:15:00,405,120,60,-30,0,0,0,6,5,3,8,6,4,7,6,4,8,8,6,4,4,2,0,0,0,9,8,4,60,90,-90,1,4,0,19/04/2017 01:00,20/04/2017 00:30,20/04/2017 22:30,75,240,1,1,49,4,0,0,0,0,1,0,0,3,-1,-1,1,3,2,0,3,-2,0,0,0,0,2,0,0,-3,0,1,0,-4,-2,1,2,-1,2,-2,-2,0,1,-1,-1,-4,-2,2,-1,1,-1,-2,1,-1,-2,8,-4,1,-1,-2,-10,AB64,2017-04-22 07:25:50+02:00,"Geen specifieke reden, soms loopt het gewoon zo en dan is het later dan je dacht.","Tv kijken, lezen, praten met huisgenoten",21/04/2017 23:00,2017-04-21 07:25:50+02:00
22/04/2017 23:50,1,22/04/2017 07:00,0,0,2,1,0,2,0,1,2,3,0,0,0,0,2,2,0,2,0,0,1,0,5604,6.3,7,1,5,-10,0,0,00:15:00,415,50,-40,50,0,0,0,7,5,4,8,6,4,8,6,5,11,9,6,4,2,2,0,0,0,15,11,11,90,-90,60,4,0,4,20/04/2017 00:30,20/04/2017 22:30,22/04/2017 00:00,65,170,1,1,49,4,0,0,0,0,1,0,0,3,-1,-1,1,3,2,0,3,-2,0,0,0,0,2,0,0,-3,0,1,0,-4,-2,1,2,-1,2,-2,-2,0,1,-1,-1,-4,-2,2,-1,1,-1,-2,1,-1,-2,8,-4,1,-1,-2,-10,AB64,2017-04-23 21:04:02+02:00,In slaap gevallen voor tv,"Tv kijken, praten met de kinderen",23/04/2017 00:00,2017-04-22 21:04:02+02:00
09/04/2017 21:30,0,09/04/2017 06:20,0,0,1,0,0,3,1,0,2,0,0,0,0,0,0,0,0,2,0,0,0,0,6897,12.3,2,0,6,,,,00:15:00,515,0,0,0,0,0,0,1,1,1,3,3,3,2,2,2,0,0,0,0,0,0,0,0,0,2,2,2,,,,,,,,,,-35,0,1,1,44,3,0,0,0,0,1,0,1,1,-4,-4,1,0,1,-4,0,-4,0,0,0,0,0,0,1,-4,0,0,-3,-4,0,0,0,0,1,0,0,0,2,-2,-4,-4,-3,3,-2,3,-3,-1,2,-2,-3,-13,-7,0,-3,1,-14,EM11,2017-04-10 20:43:22+02:00,,"Eten, opruimen, badkamer, massage",NaT,2017-04-09 20:43:22+02:00
10/04/2017 22:15,1,10/04/2017 06:30,0,0,2,0,0,1,1,1,1,1,0,0,0,0,0,0,0,0,0,0,0,0,8722,5.3,0,0,0,45,45,3,00:15:00,480,45,45,45,0,0,0,3,3,3,4,4,4,3,3,3,1,1,1,0,0,0,0,0,0,2,2,2,,,,,,2,,,09/04/2017 21:30,0,0,1,1,44,3,0,0,0,0,1,0,1,1,-4,-4,1,0,1,-4,0,-4,0,0,0,0,0,0,1,-4,0,0,-3,-4,0,0,0,0,1,0,0,0,2,-2,-4,-4,-3,3,-2,3,-3,-1,2,-2,-3,-13,-7,0,-3,1,-14,EM11,2017-04-11 20:21:13+02:00,Bad gevolgd bij een heerlijke vrij partij;),"Eten, computer, bad, seks",10/04/2017 21:30,2017-04-10 20:21:13+02:00
11/04/2017 21:40,0,11/04/2017 07:00,0,0,2,0,1,2,0,0,3,2,0,0,0,0,0,0,0,0,0,0,0,0,3389,8.6,0,0,1,10,10,0,00:15:00,545,55,55,55,0,0,0,5,5,4,6,6,3,6,6,4,3,3,3,0,0,0,0,0,0,2,2,0,,,45,,2,0,,09/04/2017 21:30,10/04/2017 22:15,-65,0,1,1,44,3,0,0,0,0,1,0,1,1,-4,-4,1,0,1,-4,0,-4,0,0,0,0,0,0,1,-4,0,0,-3,-4,0,0,0,0,1,0,0,0,2,-2,-4,-4,-3,3,-2,3,-3,-1,2,-2,-3,-13,-7,0,-3,1,-14,EM11,2017-04-12 19:14:51+02:00,,"Eten, huishouden, film",11/04/2017 21:30,2017-04-11 19:14:51+02:00
12/04/2017 21:15,0,12/04/2017 05:50,0,0,1,0,0,3,0,1,3,0,0,0,0,0,0,0,0,0,0,0,0,2,2905,0.9,2,0,2,15,15,1,00:15:00,500,70,70,25,0,0,0,6,5,3,9,6,5,9,7,6,3,3,2,0,0,0,0,0,0,4,2,2,,45,10,2,0,0,09/04/2017 21:30,10/04/2017 22:15,11/04/2017 21:40,-20,0,1,1,44,3,0,0,0,0,1,0,1,1,-4,-4,1,0,1,-4,0,-4,0,0,0,0,0,0,1,-4,0,0,-3,-4,0,0,0,0,1,0,0,0,2,-2,-4,-4,-3,3,-2,3,-3,-1,2,-2,-3,-13,-7,0,-3,1,-14,EM11,2017-04-13 09:32:23+02:00,,"Koken, opruimen, lezen",12/04/2017 21:00,2017-04-12 09:32:23+02:00
13/04/2017 22:00,0,13/04/2017 06:45,0,0,1,0,0,3,0,0,1,3,0,0,0,0,0,0,0,0,0,0,0,0,3487,7.7,0,0,3,0,0,0,00:15:00,510,70,25,15,0,0,0,6,4,2,9,8,6,8,7,4,6,5,3,0,0,0,0,0,0,2,2,2,45,10,15,0,0,2,10/04/2017 22:15,11/04/2017 21:40,12/04/2017 21:15,-30,0,1,1,44,3,0,0,0,0,1,0,1,1,-4,-4,1,0,1,-4,0,-4,0,0,0,0,0,0,1,-4,0,0,-3,-4,0,0,0,0,1,0,0,0,2,-2,-4,-4,-3,3,-2,3,-3,-1,2,-2,-3,-13,-7,0,-3,1,-14,EM11,2017-04-14 17:40:51+02:00,,"Lezen, eten, opruimen, film kijken",13/04/2017 22:00,2017-04-13 17:40:51+02:00
14/04/2017 23:15,1,14/04/2017 06:10,0,0,1,1,0,2,1,2,2,3,0,0,0,0,0,0,0,0,0,0,0,0,5633,2.4,0,0,4,105,105,7,00:15:00,400,130,120,105,0,0,0,5,3,2,10,8,5,9,6,3,8,6,6,0,0,0,0,0,0,2,2,0,10,15,0,0,2,0,11/04/2017 21:40,12/04/2017 21:15,13/04/2017 22:00,80,80,1,1,44,3,0,0,0,0,1,0,1,1,-4,-4,1,0,1,-4,0,-4,0,0,0,0,0,0,1,-4,0,0,-3,-4,0,0,0,0,1,0,0,0,2,-2,-4,-4,-3,3,-2,3,-3,-1,2,-2,-3,-13,-7,0,-3,1,-14,EM11,2017-04-15 07:13:30+02:00,Avond met vrienden liep uit,"Praten met vrienden, fietsen, eten, opruimen, vrijen",14/04/2017 21:30,2017-04-14 07:13:30+02:00
15/04/2017 21:15,0,15/04/2017 06:15,0,0,2,1,2,1,1,1,2,0,0,0,0,0,0,0,0,0,0,0,0,0,8149,4.7,0,0,5,15,15,1,00:15:00,525,135,120,120,0,0,0,5,4,3,9,6,3,8,5,4,6,6,3,0,0,0,0,0,0,2,0,0,15,0,105,2,0,0,12/04/2017 21:15,13/04/2017 22:00,14/04/2017 23:15,-45,35,1,1,44,3,0,0,0,0,1,0,1,1,-4,-4,1,0,1,-4,0,-4,0,0,0,0,0,0,1,-4,0,0,-3,-4,0,0,0,0,1,0,0,0,2,-2,-4,-4,-3,3,-2,3,-3,-1,2,-2,-3,-13,-7,0,-3,1,-14,EM11,2017-04-16 07:00:48+02:00,,"Koken, eten, wandelen, lezen",15/04/2017 21:00,2017-04-15 07:00:48+02:00
16/04/2017 22:00,0,16/04/2017 06:30,0,0,0,1,1,2,0,0,3,0,0,0,0,0,0,0,0,0,0,0,0,0,7739,3.4,0,0,6,60,60,4,00:15:00,495,180,180,75,0,0,0,4,3,2,8,5,3,8,7,5,6,3,0,0,0,0,0,0,0,0,0,0,0,105,15,0,0,0,13/04/2017 22:00,14/04/2017 23:15,15/04/2017 21:15,-15,0,1,1,44,3,0,0,0,0,1,0,1,1,-4,-4,1,0,1,-4,0,-4,0,0,0,0,0,0,1,-4,0,0,-3,-4,0,0,0,0,1,0,0,0,2,-2,-4,-4,-3,3,-2,3,-3,-1,2,-2,-3,-13,-7,0,-3,1,-14,EM11,2017-04-17 07:18:49+02:00,,"Zakelijke gesprekken, eten, sociaal",16/04/2017 21:00,2017-04-16 07:18:49+02:00
17/04/2017 22:15,1,17/04/2017 06:10,0,0,1,1,1,2,1,1,1,1,0,0,0,0,0,0,0,0,0,0,0,0,6492,7.4,0,0,0,45,45,3,00:15:00,460,225,120,105,0,0,0,4,3,1,7,5,4,8,6,4,4,1,1,0,0,0,0,0,0,0,0,0,105,15,60,0,0,0,14/04/2017 23:15,15/04/2017 21:15,16/04/2017 22:00,20,40,1,1,44,3,0,0,0,0,1,0,1,1,-4,-4,1,0,1,-4,0,-4,0,0,0,0,0,0,1,-4,0,0,-3,-4,0,0,0,0,1,0,0,0,2,-2,-4,-4,-3,3,-2,3,-3,-1,2,-2,-3,-13,-7,0,-3,1,-14,EM11,2017-04-18 07:05:45+02:00,Vrijen;),"Koken, opruimen, lezen, praten, vrijen",17/04/2017 21:30,2017-04-17 07:05:45+02:00
18/04/2017 22:00,1,18/04/2017 06:30,0,1,0,0,0,3,1,0,2,1,0,0,0,0,0,0,0,0,0,0,0,0,8606,9.2,0,0,1,30,30,2,00:15:00,495,150,135,75,1,1,1,3,1,1,8,7,5,8,6,3,2,2,2,0,0,0,0,0,0,0,0,0,15,60,45,0,0,0,15/04/2017 21:15,16/04/2017 22:00,17/04/2017 22:15,-15,5,1,1,44,3,0,0,0,0,1,0,1,1,-4,-4,1,0,1,-4,0,-4,0,0,0,0,0,0,1,-4,0,0,-3,-4,0,0,0,0,1,0,0,0,2,-2,-4,-4,-3,3,-2,3,-3,-1,2,-2,-3,-13,-7,0,-3,1,-14,EM11,2017-04-19 13:50:06+02:00,Bad,"Eten, opruimen, wandelen, tandarts, bad",18/04/2017 21:30,2017-04-18 13:50:06+02:00
19/04/2017 21:30,0,19/04/2017 06:10,0,0,0,0,0,3,0,1,1,0,0,0,0,0,0,0,0,0,0,0,0,0,2544,7.1,0,0,2,0,0,0,00:15:00,505,135,75,30,1,1,1,1,1,0,10,8,6,7,4,3,2,2,1,0,0,0,0,0,0,0,0,0,60,45,30,0,0,0,16/04/2017 22:00,17/04/2017 22:15,18/04/2017 22:00,-25,0,1,1,44,3,0,0,0,0,1,0,1,1,-4,-4,1,0,1,-4,0,-4,0,0,0,0,0,0,1,-4,0,0,-3,-4,0,0,0,0,1,0,0,0,2,-2,-4,-4,-3,3,-2,3,-3,-1,2,-2,-3,-13,-7,0,-3,1,-14,EM11,2017-04-20 11:08:22+02:00,,"Sociaal, winkelen, eten, huishouden, lezen",19/04/2017 21:30,2017-04-19 11:08:22+02:00
21/04/2017 01:00,1,20/04/2017 07:00,0,0,1,1,3,1,2,0,1,3,0,0,0,0,0,0,0,2,0,0,0,0,20491,12.3,2,0,3,120,120,8,00:15:00,345,195,150,120,1,1,0,2,1,1,9,7,4,5,4,2,5,4,3,0,0,0,0,0,0,2,2,2,45,30,0,0,0,0,17/04/2017 22:15,18/04/2017 22:00,19/04/2017 21:30,135,135,1,1,44,3,0,0,0,0,1,0,1,1,-4,-4,1,0,1,-4,0,-4,0,0,0,0,0,0,1,-4,0,0,-3,-4,0,0,0,0,1,0,0,0,2,-2,-4,-4,-3,3,-2,3,-3,-1,2,-2,-3,-13,-7,0,-3,1,-14,EM11,2017-04-21 07:59:14+02:00,Soul party,"Dansen, drinken, fietsen",20/04/2017 23:00,2017-04-20 07:59:14+02:00
21/04/2017 21:15,1,21/04/2017 06:20,1,1,2,1,3,0,1,2,2,1,0,0,0,0,0,0,0,0,0,0,0,0,8714,0.4,0,0,4,15,15,1,00:30:00,515,165,135,135,2,1,1,3,3,3,7,4,1,6,4,3,5,4,4,0,0,0,0,0,0,2,2,2,30,0,120,0,0,2,18/04/2017 22:00,19/04/2017 21:30,21/04/2017 01:00,-35,100,1,1,44,3,0,0,0,0,1,0,1,1,-4,-4,1,0,1,-4,0,-4,0,0,0,0,0,0,1,-4,0,0,-3,-4,0,0,0,0,1,0,0,0,2,-2,-4,-4,-3,3,-2,3,-3,-1,2,-2,-3,-13,-7,0,-3,1,-14,EM11,2017-04-22 13:19:46+02:00,Vakantie planning,"Wandelen, eten, huishouden, computer",21/04/2017 21:00,2017-04-21 13:19:46+02:00
22/04/2017 21:15,1,22/04/2017 06:00,0,0,0,0,0,3,2,1,2,1,0,0,0,0,0,0,0,0,0,0,0,0,15697,7.8,0,0,5,15,15,1,00:15:00,510,150,150,30,1,1,1,3,3,2,7,4,3,6,5,4,5,5,2,0,0,0,0,0,0,2,2,0,0,120,15,0,2,0,19/04/2017 21:30,21/04/2017 01:00,21/04/2017 21:15,-30,45,1,1,44,3,0,0,0,0,1,0,1,1,-4,-4,1,0,1,-4,0,-4,0,0,0,0,0,0,1,-4,0,0,-3,-4,0,0,0,0,1,0,0,0,2,-2,-4,-4,-3,3,-2,3,-3,-1,2,-2,-3,-13,-7,0,-3,1,-14,EM11,2017-04-23 11:56:03+02:00,Voorbereiding vakantie,"Eten, huishouden, wandelen, computer, vakantie voorbereidingen",22/04/2017 21:00,2017-04-22 11:56:03+02:00
23/04/2017 23:00,1,23/04/2017 07:00,0,0,0,0,0,3,1,0,3,0,0,0,0,0,0,0,0,0,0,0,0,0,6879,5.5,0,0,6,60,60,4,00:15:00,465,210,90,75,1,1,0,3,2,0,7,6,6,8,7,5,5,2,1,0,0,0,0,0,0,2,0,0,120,15,15,2,0,0,21/04/2017 01:00,21/04/2017 21:15,22/04/2017 21:15,15,85,1,1,44,3,0,0,0,0,1,0,1,1,-4,-4,1,0,1,-4,0,-4,0,0,0,0,0,0,1,-4,0,0,-3,-4,0,0,0,0,1,0,0,0,2,-2,-4,-4,-3,3,-2,3,-3,-1,2,-2,-3,-13,-7,0,-3,1,-14,EM11,2017-04-24 11:09:48+02:00,vrijen:) de laatste keer voor we het klooster in gaan:(,"Wandelen, bad, seks",23/04/2017 22:00,2017-04-23 11:09:48+02:00
09/04/2017 23:15,0,09/04/2017 07:30,1,0,0,0,0,2,0,0,2,2,0,0,0,0,0,0,0,0,0,0,0,0,4309,12.3,0,0,6,,,,00:30:00,465,0,0,0,0,0,0,0,0,0,2,2,2,2,2,2,2,2,2,0,0,0,0,0,0,0,0,0,,,,,,,,,,15,15,1,0,51,4,0,0,0,0,0,0,0,2,-3,-3,1,1,1,-2,1,-3,1,1,0,1,3,1,1,-2,1,1,-1,-1,-1,1,2,-3,1,-1,-2,1,3,-1,-3,-3,-1,3,-3,2,-1,-3,3,-1,-1,-5,-1,3,4,-3,-6,FT12,2017-04-10 21:53:22+02:00,,"wandelen, bad, TV",NaT,2017-04-09 21:53:22+02:00
10/04/2017 22:00,0,10/04/2017 07:30,0,0,1,1,1,1,3,0,2,0,0,0,0,0,0,0,0,0,0,0,0,0,19412,5.3,0,0,0,-120,0,0,00:15:00,555,-120,-120,-120,0,0,0,1,1,1,3,3,3,4,4,4,2,2,2,0,0,0,0,0,0,0,0,0,,,,,,0,,,09/04/2017 23:15,-75,0,1,0,51,4,0,0,0,0,0,0,0,2,-3,-3,1,1,1,-2,1,-3,1,1,0,1,3,1,1,-2,1,1,-1,-1,-1,1,2,-3,1,-1,-2,1,3,-1,-3,-3,-1,3,-3,2,-1,-3,3,-1,-1,-5,-1,3,4,-3,-6,FT12,2017-04-11 21:58:21+02:00,,"bad, massage, sex",11/04/2017 00:00,2017-04-10 21:58:21+02:00
11/04/2017 22:15,0,11/04/2017 07:30,1,0,1,1,2,1,0,0,2,3,0,0,0,0,0,0,0,0,0,0,0,0,1785,8.6,0,0,1,-45,0,0,00:30:00,525,-165,-165,-165,0,0,0,2,2,2,4,4,2,6,6,4,5,5,3,0,0,0,0,0,0,0,0,0,,,-120,,0,0,,09/04/2017 23:15,10/04/2017 22:00,-45,0,1,0,51,4,0,0,0,0,0,0,0,2,-3,-3,1,1,1,-2,1,-3,1,1,0,1,3,1,1,-2,1,1,-1,-1,-1,1,2,-3,1,-1,-2,1,3,-1,-3,-3,-1,3,-3,2,-1,-3,3,-1,-1,-5,-1,3,4,-3,-6,FT12,2017-04-12 17:22:12+02:00,,"eten, film kijken, ebook lezen",11/04/2017 23:00,2017-04-11 17:22:12+02:00
12/04/2017 22:15,0,12/04/2017 07:15,2,0,1,0,0,3,2,2,1,0,0,0,0,0,0,0,0,2,0,0,0,0,10256,0.9,2,0,2,15,15,1,01:00:00,480,-150,-150,-30,0,0,0,3,3,2,7,5,4,7,5,3,5,3,3,0,0,0,0,0,0,2,2,2,,-120,-45,0,0,0,09/04/2017 23:15,10/04/2017 22:00,11/04/2017 22:15,0,0,1,0,51,4,0,0,0,0,0,0,0,2,-3,-3,1,1,1,-2,1,-3,1,1,0,1,3,1,1,-2,1,1,-1,-1,-1,1,2,-3,1,-1,-2,1,3,-1,-3,-3,-1,3,-3,2,-1,-3,3,-1,-1,-5,-1,3,4,-3,-6,FT12,2017-04-13 07:40:53+02:00,,"eten, fietsen, bezoek",12/04/2017 22:00,2017-04-12 07:40:53+02:00
14/04/2017 00:00,1,13/04/2017 09:15,0,0,2,1,1,2,1,2,2,3,0,0,0,0,0,0,0,2,0,0,0,0,5644,7.7,2,0,3,60,60,4,00:15:00,540,-90,30,75,0,0,0,5,4,3,7,6,5,7,5,3,6,6,3,0,0,0,0,0,0,4,4,4,-120,-45,15,0,0,2,10/04/2017 22:00,11/04/2017 22:15,12/04/2017 22:15,-60,0,1,0,51,4,0,0,0,0,0,0,0,2,-3,-3,1,1,1,-2,1,-3,1,1,0,1,3,1,1,-2,1,1,-1,-1,-1,1,2,-3,1,-1,-2,1,3,-1,-3,-3,-1,3,-3,2,-1,-3,3,-1,-1,-5,-1,3,4,-3,-6,FT12,2017-04-14 11:19:12+02:00,TV,"studie, TV",13/04/2017 23:00,2017-04-13 11:19:12+02:00
15/04/2017 00:00,1,14/04/2017 07:00,0,0,0,0,0,2,0,2,2,3,0,0,0,0,0,0,0,0,0,0,0,0,8838,2.4,0,0,4,60,60,4,00:15:00,405,90,135,120,0,0,0,4,3,2,8,7,4,7,5,4,9,6,6,0,0,0,0,0,0,4,4,2,-45,15,60,0,2,2,11/04/2017 22:15,12/04/2017 22:15,14/04/2017 00:00,75,75,1,0,51,4,0,0,0,0,0,0,0,2,-3,-3,1,1,1,-2,1,-3,1,1,0,1,3,1,1,-2,1,1,-1,-1,-1,1,2,-3,1,-1,-2,1,3,-1,-3,-3,-1,3,-3,2,-1,-3,3,-1,-1,-5,-1,3,4,-3,-6,FT12,2017-04-15 07:31:35+02:00,TV,"Studie, TV",14/04/2017 23:00,2017-04-14 07:31:35+02:00
16/04/2017 00:15,1,15/04/2017 08:30,1,1,1,1,1,1,0,2,2,2,0,2,0,0,0,0,2,2,0,0,0,0,4596,4.7,6,0,5,75,75,5,00:30:00,465,210,195,135,1,1,1,4,3,1,8,5,3,7,6,4,8,8,5,2,2,2,0,0,0,10,8,6,15,60,60,2,2,0,12/04/2017 22:15,14/04/2017 00:00,15/04/2017 00:00,15,90,1,0,51,4,0,0,0,0,0,0,0,2,-3,-3,1,1,1,-2,1,-3,1,1,0,1,3,1,1,-2,1,1,-1,-1,-1,1,2,-3,1,-1,-2,1,3,-1,-3,-3,-1,3,-3,2,-1,-3,3,-1,-1,-5,-1,3,4,-3,-6,FT12,2017-04-16 12:25:19+02:00,TV,"Studie, TV",15/04/2017 23:00,2017-04-15 12:25:19+02:00
17/04/2017 01:30,1,16/04/2017 08:00,0,0,1,0,0,2,2,1,2,3,0,0,0,0,0,0,0,2,0,0,0,0,14091,3.4,2,0,6,90,90,6,00:15:00,375,285,225,165,1,1,1,4,2,2,7,5,3,8,6,4,11,8,5,2,2,2,0,0,0,10,8,8,60,60,75,2,0,6,14/04/2017 00:00,15/04/2017 00:00,16/04/2017 00:15,105,135,1,0,51,4,0,0,0,0,0,0,0,2,-3,-3,1,1,1,-2,1,-3,1,1,0,1,3,1,1,-2,1,1,-1,-1,-1,1,2,-3,1,-1,-2,1,3,-1,-3,-3,-1,3,-3,2,-1,-3,3,-1,-1,-5,-1,3,4,-3,-6,FT12,2017-04-17 11:58:03+02:00,feest,"dansen, fietsen",17/04/2017 00:00,2017-04-16 11:58:03+02:00
17/04/2017 23:15,0,17/04/2017 08:30,1,1,2,1,2,1,0,2,2,3,0,0,0,0,0,0,0,2,0,0,0,0,2467,7.4,2,0,0,15,15,1,00:30:00,525,240,180,105,2,2,1,4,4,3,6,4,3,8,6,4,11,8,6,2,2,0,0,0,0,10,10,4,60,75,90,0,6,2,15/04/2017 00:00,16/04/2017 00:15,17/04/2017 01:30,-45,150,1,0,51,4,0,0,0,0,0,0,0,2,-3,-3,1,1,1,-2,1,-3,1,1,0,1,3,1,1,-2,1,1,-1,-1,-1,1,2,-3,1,-1,-2,1,3,-1,-3,-3,-1,3,-3,2,-1,-3,3,-1,-1,-5,-1,3,4,-3,-6,FT12,2017-04-18 08:47:49+02:00,,"administratie, studie, TV",17/04/2017 23:00,2017-04-17 08:47:49+02:00
19/04/2017 00:00,1,18/04/2017 07:00,0,0,0,0,0,2,0,0,2,3,0,0,0,0,0,2,0,2,0,0,0,2,3942,9.2,6,0,1,60,60,4,00:15:00,405,240,165,75,2,1,1,4,3,2,6,5,3,8,6,4,11,9,6,2,0,0,0,0,0,16,10,8,75,90,15,6,2,2,16/04/2017 00:15,17/04/2017 01:30,17/04/2017 23:15,75,150,1,0,51,4,0,0,0,0,0,0,0,2,-3,-3,1,1,1,-2,1,-3,1,1,0,1,3,1,1,-2,1,1,-1,-1,-1,1,2,-3,1,-1,-2,1,3,-1,-3,-3,-1,3,-3,2,-1,-3,3,-1,-1,-5,-1,3,4,-3,-6,FT12,2017-04-19 23:00:22+02:00,TV,"eten, TV, PC",18/04/2017 23:00,2017-04-18 23:00:22+02:00
20/04/2017 00:00,1,19/04/2017 08:00,0,0,0,0,0,2,1,1,0,2,0,0,0,0,0,0,0,2,0,0,0,0,6841,7.1,2,0,2,30,30,2,00:15:00,465,195,105,90,1,1,0,3,2,0,7,5,4,6,4,2,11,8,5,0,0,0,0,0,0,12,10,8,90,15,60,2,2,6,17/04/2017 01:30,17/04/2017 23:15,19/04/2017 00:00,15,150,1,0,51,4,0,0,0,0,0,0,0,2,-3,-3,1,1,1,-2,1,-3,1,1,0,1,3,1,1,-2,1,1,-1,-1,-1,1,2,-3,1,-1,-2,1,3,-1,-3,-3,-1,3,-3,2,-1,-3,3,-1,-1,-5,-1,3,4,-3,-6,FT12,2017-04-20 11:39:48+02:00,mail,"bad, sex, mail",19/04/2017 23:30,2017-04-19 11:39:48+02:00
20/05/2017 21:30,0,20/05/2017 07:30,0,0,0,0,0,3,1,1,1,3,0,0,0,0,0,0,2,2,0,0,0,2,5599,12.3,6,0,5,-150,0,0,00:15:00,585,-45,-60,-120,1,0,0,2,0,0,8,7,5,5,3,1,11,8,5,0,0,0,0,0,0,16,14,8,15,60,30,2,6,2,17/04/2017 23:15,19/04/2017 00:00,20/04/2017 00:00,-105,0,1,0,51,4,0,0,0,0,0,0,0,2,-3,-3,1,1,1,-2,1,-3,1,1,0,1,3,1,1,-2,1,1,-1,-1,-1,1,2,-3,1,-1,-2,1,3,-1,-3,-3,-1,3,-3,2,-1,-3,3,-1,-1,-5,-1,3,4,-3,-6,FT12,2017-05-21 09:32:32+02:00,,"wandelen, tv, pc",21/05/2017 00:00,2017-05-20 09:32:32+02:00
21/05/2017 22:30,1,21/05/2017 07:00,0,0,1,0,0,2,1,1,1,3,0,0,0,0,0,0,0,2,0,0,0,0,9176,0.4,2,0,6,30,30,2,00:15:00,495,-30,-90,-120,0,0,0,1,1,1,9,7,5,4,2,2,11,8,6,0,0,0,0,0,0,16,10,8,60,30,-150,6,2,6,19/04/2017 00:00,20/04/2017 00:00,20/05/2017 21:30,-15,0,1,0,51,4,0,0,0,0,0,0,0,2,-3,-3,1,1,1,-2,1,-3,1,1,0,1,3,1,1,-2,1,1,-1,-1,-1,1,2,-3,1,-1,-2,1,3,-1,-3,-3,-1,3,-3,2,-1,-3,3,-1,-1,-5,-1,3,4,-3,-6,FT12,2017-05-22 09:35:21+02:00,,"eten, tv, pc",21/05/2017 22:00,2017-05-21 09:35:21+02:00
23/05/2017 01:00,1,22/05/2017 08:00,1,1,2,1,2,0,0,2,1,3,0,0,0,0,0,2,0,2,2,0,0,0,3981,7.8,6,0,0,120,120,8,00:30:00,390,30,0,150,1,1,1,3,3,3,7,5,2,3,3,2,11,9,6,0,0,0,0,0,0,16,14,8,30,-150,30,2,6,2,20/04/2017 00:00,20/05/2017 21:30,21/05/2017 22:30,90,90,1,0,51,4,0,0,0,0,0,0,0,2,-3,-3,1,1,1,-2,1,-3,1,1,0,1,3,1,1,-2,1,1,-1,-1,-1,1,2,-3,1,-1,-2,1,3,-1,-3,-3,-1,3,-3,2,-1,-3,3,-1,-1,-5,-1,3,4,-3,-6,FT12,2017-05-23 09:38:03+02:00,studie,"studie, bezoek, surfen",22/05/2017 23:00,2017-05-22 09:38:03+02:00
10/04/2017 03:00,1,09/04/2017 14:30,2,1,2,0,0,2,0,3,3,3,2,0,0,0,0,0,0,0,2,0,0,0,5945,12.3,4,0,6,,,,01:00:00,630,0,0,0,1,1,1,2,2,2,2,2,2,3,3,3,3,3,3,0,0,0,0,0,0,4,4,4,,,,,,,,,,-150,0,1,0,54,4,0,1,0,1,1,0,1,3,-3,-2,1,1,3,0,1,-4,3,0,2,1,2,0,4,-2,0,4,-3,-3,-2,3,4,-4,3,-2,-3,4,1,-1,-4,-4,-2,2,-2,1,-2,-1,2,-2,-4,0,-3,4,7,-1,-16,gh93,2017-04-10 22:48:09+02:00,,lezen; muziek studiotechniek;,NaT,2017-04-09 22:48:09+02:00
11/04/2017 01:15,0,10/04/2017 12:25,1,0,3,0,0,2,3,0,2,1,2,1,0,0,0,0,0,0,2,0,0,0,22341,8.8,5,1,0,-225,0,0,00:30:00,640,-225,-225,-225,1,1,1,5,5,5,4,4,4,5,5,5,4,4,4,1,1,1,0,0,0,9,9,9,,,,,,4,,,10/04/2017 03:00,-160,0,1,0,54,4,0,1,0,1,1,0,1,3,-3,-2,1,1,3,0,1,-4,3,0,2,1,2,0,4,-2,0,4,-3,-3,-2,3,4,-4,3,-2,-3,4,1,-1,-4,-4,-2,2,-2,1,-2,-1,2,-2,-4,0,-3,4,7,-1,-16,gh93,2017-04-11 01:28:39+02:00,,muziek;seks,11/04/2017 05:00,2017-04-10 01:28:39+02:00
12/04/2017 02:30,0,11/04/2017 12:15,3,1,1,0,0,1,0,2,1,1,2,0,0,0,0,0,0,0,2,0,0,0,3649,10.7,4,0,1,-60,0,0,01:30:00,495,-285,-285,-285,2,2,1,6,6,4,5,5,3,6,6,3,5,5,2,1,1,1,0,0,0,13,13,9,,,-225,,4,5,,10/04/2017 03:00,11/04/2017 01:15,-15,0,1,0,54,4,0,1,0,1,1,0,1,3,-3,-2,1,1,3,0,1,-4,3,0,2,1,2,0,4,-2,0,4,-3,-3,-2,3,4,-4,3,-2,-3,4,1,-1,-4,-4,-2,2,-2,1,-2,-1,2,-2,-4,0,-3,4,7,-1,-16,gh93,2017-04-12 21:51:36+02:00,,muziek;lezen;seks,12/04/2017 03:30,2017-04-11 21:51:36+02:00
13/04/2017 05:00,0,12/04/2017 13:00,0,0,1,0,0,2,2,1,2,0,2,0,0,0,0,0,0,0,2,0,0,0,11915,1.3,4,0,2,180,180,12,00:15:00,465,-105,-105,120,2,1,1,7,5,2,7,5,3,8,5,3,5,2,1,1,1,0,0,0,0,17,13,8,,-225,-60,4,5,4,10/04/2017 03:00,11/04/2017 01:15,12/04/2017 02:30,15,15,1,0,54,4,0,1,0,1,1,0,1,3,-3,-2,1,1,3,0,1,-4,3,0,2,1,2,0,4,-2,0,4,-3,-3,-2,3,4,-4,3,-2,-3,4,1,-1,-4,-4,-2,2,-2,1,-2,-1,2,-2,-4,0,-3,4,7,-1,-16,gh93,2017-04-13 00:42:19+02:00,vrouwen,film;seks,13/04/2017 02:00,2017-04-12 00:42:19+02:00
14/04/2017 04:30,0,13/04/2017 11:00,2,1,2,1,0,1,2,0,1,0,2,0,0,0,0,0,0,0,2,0,0,0,16744,7.2,4,0,3,90,90,6,01:00:00,330,-15,210,270,2,2,1,7,4,3,6,4,3,6,4,3,2,1,0,1,0,0,0,0,0,17,12,8,-225,-60,180,5,4,4,11/04/2017 01:15,12/04/2017 02:30,13/04/2017 05:00,150,165,1,0,54,4,0,1,0,1,1,0,1,3,-3,-2,1,1,3,0,1,-4,3,0,2,1,2,0,4,-2,0,4,-3,-3,-2,3,4,-4,3,-2,-3,4,1,-1,-4,-4,-2,2,-2,1,-2,-1,2,-2,-4,0,-3,4,7,-1,-16,gh93,2017-04-14 23:19:56+02:00,,muziek;seks,14/04/2017 03:00,2017-04-13 23:19:56+02:00
15/04/2017 03:30,0,14/04/2017 12:15,3,1,1,0,0,0,1,1,3,1,2,0,0,0,0,0,0,0,2,0,0,0,2206,4.4,4,0,4,30,30,2,01:30:00,435,240,300,120,3,2,2,5,4,3,4,3,1,7,6,4,2,1,1,0,0,0,0,0,0,16,12,8,-60,180,90,4,4,4,12/04/2017 02:30,13/04/2017 05:00,14/04/2017 04:30,45,195,1,0,54,4,0,1,0,1,1,0,1,3,-3,-2,1,1,3,0,1,-4,3,0,2,1,2,0,4,-2,0,4,-3,-3,-2,3,4,-4,3,-2,-3,4,1,-1,-4,-4,-2,2,-2,1,-2,-1,2,-2,-4,0,-3,4,7,-1,-16,gh93,2017-04-15 00:11:02+02:00,,muziek;lezen,15/04/2017 03:00,2017-04-14 00:11:02+02:00
16/04/2017 03:30,0,15/04/2017 11:45,2,1,2,0,0,1,2,1,3,1,2,0,0,0,0,0,0,0,2,0,0,0,12947,5.8,4,0,5,30,30,2,01:00:00,435,330,150,60,3,3,2,6,5,3,4,2,1,9,7,6,2,2,2,0,0,0,0,0,0,16,12,8,180,90,30,4,4,4,13/04/2017 05:00,14/04/2017 04:30,15/04/2017 03:30,45,255,1,0,54,4,0,1,0,1,1,0,1,3,-3,-2,1,1,3,0,1,-4,3,0,2,1,2,0,4,-2,0,4,-3,-3,-2,3,4,-4,3,-2,-3,4,1,-1,-4,-4,-2,2,-2,1,-2,-1,2,-2,-4,0,-3,4,7,-1,-16,gh93,2017-04-16 01:20:54+02:00,,muziek;seks;lezen,16/04/2017 03:00,2017-04-15 01:20:54+02:00
18/04/2017 01:00,0,17/04/2017 08:00,1,0,2,0,0,2,2,1,3,1,2,0,0,0,0,0,0,0,2,0,0,0,19361,9.4,4,0,0,0,0,0,00:30:00,390,120,90,60,2,1,0,6,5,3,5,5,4,12,9,6,5,4,3,0,0,0,0,0,0,16,12,8,30,30,60,4,4,4,15/04/2017 03:30,16/04/2017 03:30,17/04/2017 04:00,90,150,1,0,54,4,0,1,0,1,1,0,1,3,-3,-2,1,1,3,0,1,-4,3,0,2,1,2,0,4,-2,0,4,-3,-3,-2,3,4,-4,3,-2,-3,4,1,-1,-4,-4,-2,2,-2,1,-2,-1,2,-2,-4,0,-3,4,7,-1,-16,gh93,2017-04-18 02:40:54+02:00,,Kinderen;lezen;huishouden,18/04/2017 01:00,2017-04-17 02:40:54+02:00
19/04/2017 04:30,0,18/04/2017 11:00,1,0,1,0,0,2,2,2,3,0,2,0,0,0,0,0,0,0,2,0,0,0,14363,9,4,0,1,90,90,6,00:30:00,360,180,150,90,1,0,0,6,4,3,7,6,4,12,9,6,4,3,1,0,0,0,0,0,0,16,12,8,30,60,0,4,4,4,16/04/2017 03:30,17/04/2017 04:00,18/04/2017 01:00,120,225,1,0,54,4,0,1,0,1,1,0,1,3,-3,-2,1,1,3,0,1,-4,3,0,2,1,2,0,4,-2,0,4,-3,-3,-2,3,4,-4,3,-2,-3,4,1,-1,-4,-4,-2,2,-2,1,-2,-1,2,-2,-4,0,-3,4,7,-1,-16,gh93,2017-04-19 01:41:33+02:00,,muziek;lezen;seks,19/04/2017 03:00,2017-04-18 01:41:33+02:00
20/04/2017 04:30,0,19/04/2017 13:00,2,1,1,0,0,1,0,2,1,0,2,0,0,0,0,0,0,0,2,0,0,0,4682,6.3,4,0,2,90,90,6,01:00:00,450,240,180,180,1,1,1,5,4,2,7,5,3,10,7,4,3,1,0,0,0,0,0,0,0,16,12,8,60,0,90,4,4,4,17/04/2017 04:00,18/04/2017 01:00,19/04/2017 04:30,30,210,1,0,54,4,0,1,0,1,1,0,1,3,-3,-2,1,1,3,0,1,-4,3,0,2,1,2,0,4,-2,0,4,-3,-3,-2,3,4,-4,3,-2,-3,4,1,-1,-4,-4,-2,2,-2,1,-2,-1,2,-2,-4,0,-3,4,7,-1,-16,gh93,2017-04-20 03:04:09+02:00,,lezen,20/04/2017 03:00,2017-04-19 03:04:09+02:00
22/04/2017 05:00,0,21/04/2017 14:30,2,1,3,0,0,0,0,2,3,1,2,0,0,0,0,0,0,0,2,0,0,0,6904,0.7,4,0,4,30,30,2,01:00:00,510,180,90,0,3,3,2,7,6,5,4,2,1,10,7,6,1,1,1,0,0,0,0,0,0,16,12,8,90,90,-30,4,4,4,19/04/2017 04:30,20/04/2017 04:30,21/04/2017 03:30,-30,90,1,0,54,4,0,1,0,1,1,0,1,3,-3,-2,1,1,3,0,1,-4,3,0,2,1,2,0,4,-2,0,4,-3,-3,-2,3,4,-4,3,-2,-3,4,1,-1,-4,-4,-2,2,-2,1,-2,-1,2,-2,-4,0,-3,4,7,-1,-16,gh93,2017-04-22 04:30:24+02:00,,muziek;lezen,22/04/2017 04:30,2017-04-21 04:30:24+02:00
23/04/2017 04:30,0,22/04/2017 12:00,0,0,1,0,0,3,0,1,3,0,2,0,0,0,0,0,0,0,2,0,0,0,2987,6.3,4,0,5,0,0,0,00:15:00,435,90,0,30,3,2,1,7,6,4,5,4,3,10,9,6,1,1,1,0,0,0,0,0,0,16,12,8,90,-30,30,4,4,4,20/04/2017 04:30,21/04/2017 03:30,22/04/2017 05:00,45,45,1,0,54,4,0,1,0,1,1,0,1,3,-3,-2,1,1,3,0,1,-4,3,0,2,1,2,0,4,-2,0,4,-3,-3,-2,3,4,-4,3,-2,-3,4,1,-1,-4,-4,-2,2,-2,1,-2,-1,2,-2,-4,0,-3,4,7,-1,-16,gh93,2017-04-23 02:10:27+02:00,,lezen,23/04/2017 04:30,2017-04-22 02:10:27+02:00
10/04/2017 03:00,1,09/04/2017 10:00,2,1,0,0,1,2,0,1,3,3,0,0,0,0,0,0,0,0,0,0,0,0,4733,12.3,0,0,6,,,,01:00:00,360,0,0,0,1,1,1,0,0,0,2,2,2,3,3,3,3,3,3,0,0,0,0,0,0,0,0,0,,,,,,,,,,120,120,1,0,28,4,0,0,1,0,0,0,0,4,0,-3,4,1,4,0,2,-1,2,3,0,0,0,0,1,-3,4,4,0,-4,-3,2,3,-4,1,-2,-2,1,1,-2,-1,-4,0,1,0,0,-1,-1,1,-1,-2,11,-2,11,-2,-5,-9,GW98,2017-04-10 00:30:33+02:00,Gamen,Gamen,NaT,2017-04-09 00:30:33+02:00
11/04/2017 03:00,1,10/04/2017 10:00,2,1,0,0,1,2,0,1,3,3,0,0,0,0,0,0,0,0,0,0,0,0,2902,6.2,0,0,0,60,60,4,01:00:00,360,60,60,60,2,2,2,0,0,0,4,4,4,6,6,6,6,6,6,0,0,0,0,0,0,0,0,0,,,,,,0,,,10/04/2017 03:00,120,240,1,0,28,4,0,0,1,0,0,0,0,4,0,-3,4,1,4,0,2,-1,2,3,0,0,0,0,1,-3,4,4,0,-4,-3,2,3,-4,1,-2,-2,1,1,-2,-1,-4,0,1,0,0,-1,-1,1,-1,-2,11,-2,11,-2,-5,-9,GW98,2017-04-11 00:30:34+02:00,Gamen,Gamen,11/04/2017 02:00,2017-04-10 00:30:34+02:00
12/04/2017 04:00,1,11/04/2017 13:00,0,0,0,0,0,2,0,1,3,3,0,0,0,0,0,0,0,0,0,0,0,0,3794,10.3,0,0,1,120,120,8,00:15:00,525,180,180,180,2,2,1,0,0,0,6,6,4,9,9,6,9,9,6,0,0,0,0,0,0,0,0,0,,,60,,0,0,,10/04/2017 03:00,11/04/2017 03:00,-45,195,1,0,28,4,0,0,1,0,0,0,0,4,0,-3,4,1,4,0,2,-1,2,3,0,0,0,0,1,-3,4,4,0,-4,-3,2,3,-4,1,-2,-2,1,1,-2,-1,-4,0,1,0,0,-1,-1,1,-1,-2,11,-2,11,-2,-5,-9,GW98,2017-04-12 03:20:10+02:00,Tijd voor mezelf,Gamen,12/04/2017 02:00,2017-04-11 03:20:10+02:00
13/04/2017 02:45,0,12/04/2017 12:00,1,0,0,0,0,2,2,2,3,1,0,0,0,0,0,0,0,2,0,0,0,0,12903,0.9,2,0,2,-15,0,0,00:30:00,525,165,165,105,2,1,0,0,0,0,8,6,4,12,9,6,10,7,4,0,0,0,0,0,0,2,2,2,,60,120,0,0,0,10/04/2017 03:00,11/04/2017 03:00,12/04/2017 04:00,-45,150,1,0,28,4,0,0,1,0,0,0,0,4,0,-3,4,1,4,0,2,-1,2,3,0,0,0,0,1,-3,4,4,0,-4,-3,2,3,-4,1,-2,-2,1,1,-2,-1,-4,0,1,0,0,-1,-1,1,-1,-2,11,-2,11,-2,-5,-9,GW98,2017-04-13 07:01:03+02:00,,"Feestje, opruimen",13/04/2017 03:00,2017-04-12 07:01:03+02:00
14/04/2017 07:00,1,13/04/2017 14:00,0,0,1,0,0,2,0,1,3,3,0,0,0,0,0,0,0,0,0,0,0,2,8421,6.6,2,0,3,120,120,8,00:15:00,405,285,225,105,1,0,0,1,1,1,8,6,4,12,9,6,10,7,4,0,0,0,0,0,0,4,4,4,60,120,-15,0,0,2,11/04/2017 03:00,12/04/2017 04:00,13/04/2017 02:45,75,105,1,0,28,4,0,0,1,0,0,0,0,4,0,-3,4,1,4,0,2,-1,2,3,0,0,0,0,1,-3,4,4,0,-4,-3,2,3,-4,1,-2,-2,1,1,-2,-1,-4,0,1,0,0,-1,-1,1,-1,-2,11,-2,11,-2,-5,-9,GW98,2017-04-14 01:19:25+02:00,Game tijd na een hele dag werken,Gamen,14/04/2017 05:00,2017-04-13 01:19:25+02:00
15/04/2017 01:15,1,14/04/2017 05:10,1,1,0,0,0,2,1,1,3,2,0,0,0,0,0,0,0,0,0,0,0,0,6918,4.8,0,0,4,75,75,5,00:30:00,205,300,180,195,1,1,1,1,1,1,8,6,4,12,9,6,9,6,5,0,0,0,0,0,0,4,4,2,120,-15,120,0,2,2,12/04/2017 04:00,13/04/2017 02:45,14/04/2017 07:00,275,350,1,0,28,4,0,0,1,0,0,0,0,4,0,-3,4,1,4,0,2,-1,2,3,0,0,0,0,1,-3,4,4,0,-4,-3,2,3,-4,1,-2,-2,1,1,-2,-1,-4,0,1,0,0,-1,-1,1,-1,-2,11,-2,11,-2,-5,-9,GW98,2017-04-15 02:58:29+02:00,Geen slaap,TV kijken,15/04/2017 00:00,2017-04-14 02:58:29+02:00
16/04/2017 03:00,1,15/04/2017 13:00,0,0,0,0,0,2,0,1,3,2,0,0,0,0,0,0,0,0,0,0,0,2,6787,4.5,2,0,5,60,60,4,00:15:00,585,240,255,135,1,1,1,1,1,0,8,6,4,12,9,6,8,7,4,0,0,0,0,0,0,6,4,2,-15,120,75,2,2,0,13/04/2017 02:45,14/04/2017 07:00,15/04/2017 01:15,-105,200,1,0,28,4,0,0,1,0,0,0,0,4,0,-3,4,1,4,0,2,-1,2,3,0,0,0,0,1,-3,4,4,0,-4,-3,2,3,-4,1,-2,-2,1,1,-2,-1,-4,0,1,0,0,-1,-1,1,-1,-2,11,-2,11,-2,-5,-9,GW98,2017-04-16 05:11:22+02:00,Vrije dag vandaag,Bankhangen,16/04/2017 02:00,2017-04-15 05:11:22+02:00
17/04/2017 05:30,1,16/04/2017 12:40,0,0,0,0,0,2,0,1,2,3,0,0,0,0,0,0,0,0,0,0,0,2,5735,2.9,2,0,6,150,150,10,00:15:00,415,405,285,210,1,1,0,1,0,0,8,6,4,11,8,5,10,7,5,0,0,0,0,0,0,6,4,4,120,75,60,2,0,2,14/04/2017 07:00,15/04/2017 01:15,16/04/2017 03:00,65,310,1,0,28,4,0,0,1,0,0,0,0,4,0,-3,4,1,4,0,2,-1,2,3,0,0,0,0,1,-3,4,4,0,-4,-3,2,3,-4,1,-2,-2,1,1,-2,-1,-4,0,1,0,0,-1,-1,1,-1,-2,11,-2,11,-2,-5,-9,GW98,2017-04-17 04:44:45+02:00,Gamen in eigen tijd,Gamen op de pc,17/04/2017 03:00,2017-04-16 04:44:45+02:00
18/04/2017 05:00,0,17/04/2017 14:00,0,0,1,0,1,2,3,3,3,3,0,0,0,0,0,0,0,2,0,0,0,0,17114,9.9,2,0,0,180,180,12,00:15:00,525,465,390,330,1,0,0,1,1,1,8,6,4,11,8,5,10,8,6,0,0,0,0,0,0,6,6,4,75,60,150,0,2,2,15/04/2017 01:15,16/04/2017 03:00,17/04/2017 05:30,-45,190,1,0,28,4,0,0,1,0,0,0,0,4,0,-3,4,1,4,0,2,-1,2,3,0,0,0,0,1,-3,4,4,0,-4,-3,2,3,-4,1,-2,-2,1,1,-2,-1,-4,0,1,0,0,-1,-1,1,-1,-2,11,-2,11,-2,-5,-9,GW98,2017-04-18 02:22:29+02:00,,"Uitgaan, alcohol, muziek, fietsen",18/04/2017 02:00,2017-04-17 02:22:29+02:00
19/04/2017 02:00,1,18/04/2017 05:15,2,1,0,0,0,1,3,2,3,2,0,0,0,0,0,0,0,0,2,0,0,0,18335,10.2,2,0,1,120,120,8,01:00:00,135,510,450,300,1,1,1,1,1,1,7,5,3,11,8,6,10,8,5,0,0,0,0,0,0,8,6,4,60,150,180,2,2,2,16/04/2017 03:00,17/04/2017 05:30,18/04/2017 05:00,345,345,1,0,28,4,0,0,1,0,0,0,0,4,0,-3,4,1,4,0,2,-1,2,3,0,0,0,0,1,-3,4,4,0,-4,-3,2,3,-4,1,-2,-2,1,1,-2,-1,-4,0,1,0,0,-1,-1,1,-1,-2,11,-2,11,-2,-5,-9,GW98,2017-04-19 03:40:42+02:00,Laat thuis,"Klussen, familie,",19/04/2017 00:00,2017-04-18 03:40:42+02:00
20/04/2017 03:45,0,19/04/2017 13:30,0,0,0,0,0,2,1,1,3,2,0,0,0,0,0,0,0,2,0,0,0,0,3319,7.9,2,0,2,105,105,7,00:15:00,570,555,405,225,1,1,1,1,1,0,7,5,3,11,9,6,10,7,4,0,0,0,0,0,0,8,6,4,150,180,120,2,2,2,17/04/2017 05:30,18/04/2017 05:00,19/04/2017 02:00,-90,275,1,0,28,4,0,0,1,0,0,0,0,4,0,-3,4,1,4,0,2,-1,2,3,0,0,0,0,1,-3,4,4,0,-4,-3,2,3,-4,1,-2,-2,1,1,-2,-1,-4,0,1,0,0,-1,-1,1,-1,-2,11,-2,11,-2,-5,-9,GW98,2017-04-20 02:09:20+02:00,,Feestje,20/04/2017 02:00,2017-04-19 02:09:20+02:00
21/04/2017 02:10,1,20/04/2017 05:30,2,1,0,0,1,2,2,2,3,1,0,0,0,0,0,0,0,2,0,0,0,0,9452,11.5,2,0,3,70,70,4,01:00:00,140,475,295,175,2,2,1,1,0,0,7,5,4,12,9,6,8,5,3,0,0,0,0,0,0,8,6,4,180,120,105,2,2,2,18/04/2017 05:00,19/04/2017 02:00,20/04/2017 03:45,340,550,1,0,28,4,0,0,1,0,0,0,0,4,0,-3,4,1,4,0,2,-1,2,3,0,0,0,0,1,-3,4,4,0,-4,-3,2,3,-4,1,-2,-2,1,1,-2,-1,-4,0,1,0,0,-1,-1,1,-1,-2,11,-2,11,-2,-5,-9,GW98,2017-04-21 00:48:35+02:00,Paasfeestje,"Feestje, borrel, gezelligheid",21/04/2017 01:00,2017-04-20 00:48:35+02:00
22/04/2017 01:00,0,21/04/2017 13:00,1,0,0,0,0,2,0,1,3,2,0,0,0,0,0,0,2,0,0,0,0,0,2218,0.3,2,0,4,0,0,0,00:30:00,690,295,175,70,2,1,1,0,0,0,7,6,4,12,9,6,7,5,3,0,0,0,0,0,0,8,6,4,120,105,70,2,2,2,19/04/2017 02:00,20/04/2017 03:45,21/04/2017 02:10,-210,385,1,0,28,4,0,0,1,0,0,0,0,4,0,-3,4,1,4,0,2,-1,2,3,0,0,0,0,1,-3,4,4,0,-4,-3,2,3,-4,1,-2,-2,1,1,-2,-1,-4,0,1,0,0,-1,-1,1,-1,-2,11,-2,11,-2,-5,-9,GW98,2017-04-22 05:46:18+02:00,,TV kijken,22/04/2017 01:00,2017-04-21 05:46:18+02:00
23/04/2017 05:45,1,22/04/2017 13:30,0,0,0,0,0,2,0,1,1,3,0,1,0,0,0,2,2,0,0,0,0,1,2944,6.8,6,2,5,165,165,11,00:15:00,450,340,235,165,1,1,0,0,0,0,8,6,4,10,7,4,8,6,5,1,1,1,0,0,0,12,10,8,105,70,0,2,2,2,20/04/2017 03:45,21/04/2017 02:10,22/04/2017 01:00,30,70,1,0,28,4,0,0,1,0,0,0,0,4,0,-3,4,1,4,0,2,-1,2,3,0,0,0,0,1,-3,4,4,0,-4,-3,2,3,-4,1,-2,-2,1,1,-2,-1,-4,0,1,0,0,-1,-1,1,-1,-2,11,-2,11,-2,-5,-9,GW98,2017-04-23 05:00:25+02:00,"Gamen, studeren uitstellen","Gamen, tv kijken",23/04/2017 03:00,2017-04-22 05:00:25+02:00
24/04/2017 05:00,1,23/04/2017 08:45,0,0,0,1,2,1,0,3,3,3,0,0,0,0,0,1,0,0,0,0,0,0,3906,6.8,1,1,6,240,240,16,00:15:00,210,475,405,405,1,0,0,0,0,0,7,5,3,10,7,4,9,8,6,1,1,1,0,0,0,11,9,7,70,0,165,2,2,6,21/04/2017 02:10,22/04/2017 01:00,23/04/2017 05:45,270,430,1,0,28,4,0,0,1,0,0,0,0,4,0,-3,4,1,4,0,2,-1,2,3,0,0,0,0,1,-3,4,4,0,-4,-3,2,3,-4,1,-2,-2,1,1,-2,-1,-4,0,1,0,0,-1,-1,1,-1,-2,11,-2,11,-2,-5,-9,GW98,2017-04-24 03:00:11+02:00,Studeren,"Studeren, PC",24/04/2017 01:00,2017-04-23 03:00:11+02:00
25/04/2017 03:30,1,24/04/2017 13:30,0,0,0,0,0,2,0,2,2,3,0,0,0,0,0,2,0,0,0,0,0,2,3454,1.9,4,0,0,30,30,2,00:15:00,585,435,435,270,0,0,0,0,0,0,7,5,3,9,6,5,11,9,6,1,1,0,0,0,0,13,11,5,0,165,240,2,6,1,22/04/2017 01:00,23/04/2017 05:45,24/04/2017 05:00,-105,165,1,0,28,4,0,0,1,0,0,0,0,4,0,-3,4,1,4,0,2,-1,2,3,0,0,0,0,1,-3,4,4,0,-4,-3,2,3,-4,1,-2,-2,1,1,-2,-1,-4,0,1,0,0,-1,-1,1,-1,-2,11,-2,11,-2,-5,-9,GW98,2017-04-25 01:26:30+02:00,Studie,"voetbal, studeren",25/04/2017 03:00,2017-04-24 01:26:30+02:00
26/04/2017 02:00,1,25/04/2017 05:15,2,1,0,0,0,1,1,3,2,3,0,0,0,0,0,2,0,0,0,0,0,0,5469,7.6,2,0,1,120,120,8,01:00:00,135,555,390,150,1,1,1,0,0,0,6,4,3,8,7,4,12,9,6,1,0,0,0,0,0,13,7,6,165,240,30,6,1,4,23/04/2017 05:45,24/04/2017 05:00,25/04/2017 03:30,345,540,1,0,28,4,0,0,1,0,0,0,0,4,0,-3,4,1,4,0,2,-1,2,3,0,0,0,0,1,-3,4,4,0,-4,-3,2,3,-4,1,-2,-2,1,1,-2,-1,-4,0,1,0,0,-1,-1,1,-1,-2,11,-2,11,-2,-5,-9,GW98,2017-04-26 02:19:46+02:00,Studie,"Studeren, pc",26/04/2017 00:00,2017-04-25 02:19:46+02:00
27/04/2017 02:30,1,26/04/2017 05:15,1,0,0,0,0,2,0,3,3,3,0,0,0,0,0,1,0,0,0,0,0,0,2991,8,1,1,2,150,150,10,00:30:00,135,540,300,270,1,1,1,0,0,0,6,5,3,10,7,5,12,9,6,0,0,0,0,0,0,8,7,3,240,30,120,1,4,2,24/04/2017 05:00,25/04/2017 03:30,26/04/2017 02:00,345,855,1,0,28,4,0,0,1,0,0,0,0,4,0,-3,4,1,4,0,2,-1,2,3,0,0,0,0,1,-3,4,4,0,-4,-3,2,3,-4,1,-2,-2,1,1,-2,-1,-4,0,1,0,0,-1,-1,1,-1,-2,11,-2,11,-2,-5,-9,GW98,2017-04-27 03:09:28+02:00,Studie,Studeren,27/04/2017 00:00,2017-04-26 03:09:28+02:00
28/04/2017 03:00,0,27/04/2017 14:00,0,0,0,0,0,2,0,1,3,3,0,0,0,0,0,0,0,0,0,0,0,0,4885,7.5,0,0,3,60,60,4,00:15:00,645,360,330,210,1,1,0,0,0,0,7,5,4,10,8,6,12,9,6,0,0,0,0,0,0,7,3,1,30,120,150,4,2,1,25/04/2017 03:30,26/04/2017 02:00,27/04/2017 02:30,-165,420,1,0,28,4,0,0,1,0,0,0,0,4,0,-3,4,1,4,0,2,-1,2,3,0,0,0,0,1,-3,4,4,0,-4,-3,2,3,-4,1,-2,-2,1,1,-2,-1,-4,0,1,0,0,-1,-1,1,-1,-2,11,-2,11,-2,-5,-9,GW98,2017-04-28 04:27:31+02:00,,Gamen,28/04/2017 02:00,2017-04-27 04:27:31+02:00
29/04/2017 05:30,1,28/04/2017 13:00,0,0,0,1,0,2,0,1,2,3,0,2,0,0,0,0,0,0,0,0,0,0,3602,7.9,2,0,4,150,150,10,00:15:00,435,480,360,210,1,0,0,0,0,0,7,6,4,10,8,5,12,9,6,2,2,2,0,0,0,5,3,2,120,150,60,2,1,0,26/04/2017 02:00,27/04/2017 02:30,28/04/2017 03:00,45,570,1,0,28,4,0,0,1,0,0,0,0,4,0,-3,4,1,4,0,2,-1,2,3,0,0,0,0,1,-3,4,4,0,-4,-3,2,3,-4,1,-2,-2,1,1,-2,-1,-4,0,1,0,0,-1,-1,1,-1,-2,11,-2,11,-2,-5,-9,GW98,2017-04-29 01:40:32+02:00,Gamen,"Gaming, PC",29/04/2017 03:00,2017-04-28 01:40:32+02:00
30/04/2017 02:15,1,29/04/2017 05:10,1,1,0,0,0,2,0,1,3,3,0,0,0,0,0,0,0,2,0,0,0,0,4049,6.7,2,0,5,135,135,9,00:30:00,145,495,345,285,1,1,1,0,0,0,8,6,4,11,8,5,12,9,6,2,2,2,0,0,0,5,4,4,150,60,150,1,0,2,27/04/2017 02:30,28/04/2017 03:00,29/04/2017 05:30,335,560,1,0,28,4,0,0,1,0,0,0,0,4,0,-3,4,1,4,0,2,-1,2,3,0,0,0,0,1,-3,4,4,0,-4,-3,2,3,-4,1,-2,-2,1,1,-2,-1,-4,0,1,0,0,-1,-1,1,-1,-2,11,-2,11,-2,-5,-9,GW98,2017-04-30 03:17:54+02:00,Gamen,"Bioscoop, fietsen",30/04/2017 00:00,2017-04-29 03:17:54+02:00
09/04/2017 22:45,0,09/04/2017 08:15,0,0,2,1,1,1,0,0,3,3,0,0,0,2,0,0,2,0,0,0,0,2,2011,12.5,6,0,6,,,,00:15:00,555,0,0,0,0,0,0,2,2,2,1,1,1,3,3,3,3,3,3,0,0,0,2,2,2,6,6,6,,,,,,,,,,-75,0,1,0,51,4,0,0,0,0,1,0,0,0,-3,-3,1,1,1,-2,1,-2,0,0,1,0,2,3,3,-1,0,1,0,-2,-2,1,2,-2,2,-1,-2,0,2,-1,-3,-4,-1,2,-3,2,-4,-3,3,-2,-3,-6,-2,1,8,-2,-15,HA61,2017-04-10 19:41:11+02:00,,"Auto rijden, Hond uitlaten, tv kijken",NaT,2017-04-09 19:41:11+02:00
10/04/2017 21:50,0,10/04/2017 05:35,1,0,2,1,1,2,1,1,2,2,0,0,0,2,0,0,2,2,0,0,0,0,6084,1.9,6,0,0,5,5,0,00:30:00,435,5,5,5,0,0,0,4,4,4,3,3,3,5,5,5,5,5,5,0,0,0,4,4,4,12,12,12,,,,,,6,,,09/04/2017 22:45,45,45,1,0,51,4,0,0,0,0,1,0,0,0,-3,-3,1,1,1,-2,1,-2,0,0,1,0,2,3,3,-1,0,1,0,-2,-2,1,2,-2,2,-1,-2,0,2,-1,-3,-4,-1,2,-3,2,-4,-3,3,-2,-3,-6,-2,1,8,-2,-15,HA61,2017-04-11 20:53:33+02:00,,"Computer, hond uitlaten, tv kijken",10/04/2017 21:45,2017-04-10 20:53:33+02:00
11/04/2017 21:55,1,11/04/2017 05:40,0,0,2,1,1,1,1,1,3,3,0,0,0,2,0,0,0,2,0,0,0,2,5439,1.6,6,0,1,5,5,0,00:15:00,450,10,10,10,0,0,0,6,6,4,4,4,3,8,8,5,8,8,5,0,0,0,6,6,4,18,18,12,,,5,,6,6,,09/04/2017 22:45,10/04/2017 21:50,30,75,1,0,51,4,0,0,0,0,1,0,0,0,-3,-3,1,1,1,-2,1,-2,0,0,1,0,2,3,3,-1,0,1,0,-2,-2,1,2,-2,2,-1,-2,0,2,-1,-3,-4,-1,2,-3,2,-4,-3,3,-2,-3,-6,-2,1,8,-2,-15,HA61,2017-04-12 21:44:13+02:00,TV programma,"Eten, hond uitlaten, tv-kijken",11/04/2017 21:50,2017-04-11 21:44:13+02:00
12/04/2017 21:50,0,12/04/2017 05:40,1,1,3,1,3,0,3,1,2,1,0,0,0,2,0,2,2,2,0,0,0,2,13097,0.1,10,0,2,-10,0,0,00:30:00,440,0,0,-5,1,1,1,9,7,5,4,3,1,10,7,5,9,6,4,0,0,0,8,6,4,28,22,16,,5,5,6,6,6,09/04/2017 22:45,10/04/2017 21:50,11/04/2017 21:55,40,70,1,0,51,4,0,0,0,0,1,0,0,0,-3,-3,1,1,1,-2,1,-2,0,0,1,0,2,3,3,-1,0,1,0,-2,-2,1,2,-2,2,-1,-2,0,2,-1,-3,-4,-1,2,-3,2,-4,-3,3,-2,-3,-6,-2,1,8,-2,-15,HA61,2017-04-13 22:01:19+02:00,,"Ete,, skeeleren, tv kijken",12/04/2017 22:00,2017-04-12 22:01:19+02:00
13/04/2017 22:10,1,13/04/2017 07:15,0,0,3,1,1,2,1,1,3,3,0,0,0,2,0,0,2,2,0,0,0,0,3901,6.6,6,0,3,20,20,1,00:15:00,530,20,15,10,1,1,1,10,8,6,5,3,2,10,8,5,9,7,4,0,0,0,8,6,4,28,22,16,5,5,-10,6,6,10,10/04/2017 21:50,11/04/2017 21:55,12/04/2017 21:50,-50,65,1,0,51,4,0,0,0,0,1,0,0,0,-3,-3,1,1,1,-2,1,-2,0,0,1,0,2,3,3,-1,0,1,0,-2,-2,1,2,-2,2,-1,-2,0,2,-1,-3,-4,-1,2,-3,2,-4,-3,3,-2,-3,-6,-2,1,8,-2,-15,HA61,2017-04-14 21:09:57+02:00,Iets meer tijd voor tandenpoetsen ed,"Eten, hond uitlaten, tv kijken",13/04/2017 21:50,2017-04-13 21:09:57+02:00
14/04/2017 21:50,0,14/04/2017 07:30,1,0,2,1,1,1,1,1,2,3,0,0,0,2,1,0,2,2,0,0,0,0,8840,0.6,7,1,4,-10,0,0,00:30:00,550,5,0,10,1,1,0,10,8,5,4,3,3,10,7,5,10,7,6,0,0,0,8,6,4,29,23,13,5,-10,20,6,10,6,11/04/2017 21:55,12/04/2017 21:50,13/04/2017 22:10,-70,0,1,0,51,4,0,0,0,0,1,0,0,0,-3,-3,1,1,1,-2,1,-2,0,0,1,0,2,3,3,-1,0,1,0,-2,-2,1,2,-2,2,-1,-2,0,2,-1,-3,-4,-1,2,-3,2,-4,-3,3,-2,-3,-6,-2,1,8,-2,-15,HA61,2017-04-15 21:12:35+02:00,,"Hond uitlaten, tv, lezen",14/04/2017 22:00,2017-04-14 21:12:35+02:00
15/04/2017 21:50,0,15/04/2017 08:30,0,0,2,1,1,2,1,1,1,3,0,0,0,2,0,2,2,2,0,0,0,2,4063,6.8,10,0,5,-10,0,0,00:15:00,625,-10,0,-20,1,0,0,10,7,4,5,5,3,8,6,3,10,9,6,0,0,0,8,6,4,33,23,17,-10,20,-10,10,6,7,12/04/2017 21:50,13/04/2017 22:10,14/04/2017 21:50,-145,0,1,0,51,4,0,0,0,0,1,0,0,0,-3,-3,1,1,1,-2,1,-2,0,0,1,0,2,3,3,-1,0,1,0,-2,-2,1,2,-2,2,-1,-2,0,2,-1,-3,-4,-1,2,-3,2,-4,-3,3,-2,-3,-6,-2,1,8,-2,-15,HA61,2017-04-16 21:09:30+02:00,,"Hond uitlaten, tv kijken, reis zoen internet",15/04/2017 22:00,2017-04-15 21:09:30+02:00
16/04/2017 23:00,1,16/04/2017 08:05,0,0,1,0,0,2,1,1,1,2,0,0,0,2,0,0,2,0,0,0,0,2,4478,8.6,6,0,6,60,60,4,00:15:00,530,60,40,50,0,0,0,8,5,3,7,5,4,7,4,2,11,8,5,0,0,0,8,6,4,29,23,16,20,-10,-10,6,7,10,13/04/2017 22:10,14/04/2017 21:50,15/04/2017 21:50,-50,0,1,0,51,4,0,0,0,0,1,0,0,0,-3,-3,1,1,1,-2,1,-2,0,0,1,0,2,3,3,-1,0,1,0,-2,-2,1,2,-2,2,-1,-2,0,2,-1,-3,-4,-1,2,-3,2,-4,-3,3,-2,-3,-6,-2,1,8,-2,-15,HA61,2017-04-17 22:02:00+02:00,Tv programma,"Hond, tv kijken",16/04/2017 22:00,2017-04-16 22:02:00+02:00
17/04/2017 22:30,0,17/04/2017 08:15,1,0,1,1,1,2,1,0,0,3,0,0,0,2,0,0,2,0,0,0,0,2,5567,7.6,6,0,0,0,0,0,00:30:00,555,40,50,60,0,0,0,6,4,2,7,6,4,4,2,1,11,8,5,0,0,0,8,6,4,29,22,12,-10,-10,60,7,10,6,14/04/2017 21:50,15/04/2017 21:50,16/04/2017 23:00,-75,0,1,0,51,4,0,0,0,0,1,0,0,0,-3,-3,1,1,1,-2,1,-2,0,0,1,0,2,3,3,-1,0,1,0,-2,-2,1,2,-2,2,-1,-2,0,2,-1,-3,-4,-1,2,-3,2,-4,-3,3,-2,-3,-6,-2,1,8,-2,-15,HA61,2017-04-18 22:39:10+02:00,,"Hond, tv, internet",17/04/2017 22:30,2017-04-17 22:39:10+02:00
18/04/2017 22:30,0,18/04/2017 08:30,1,0,1,0,0,2,1,0,1,3,0,0,0,2,0,0,2,0,0,0,0,0,3737,6.3,4,0,1,-15,0,0,00:30:00,570,35,45,-15,0,0,0,5,3,2,8,6,4,3,2,1,11,8,6,0,0,0,8,6,4,26,16,10,-10,60,0,10,6,6,15/04/2017 21:50,16/04/2017 23:00,17/04/2017 22:30,-90,0,1,0,51,4,0,0,0,0,1,0,0,0,-3,-3,1,1,1,-2,1,-2,0,0,1,0,2,3,3,-1,0,1,0,-2,-2,1,2,-2,2,-1,-2,0,2,-1,-3,-4,-1,2,-3,2,-4,-3,3,-2,-3,-6,-2,1,8,-2,-15,HA61,2017-04-19 22:48:45+02:00,,"Hoe, tv, internet",18/04/2017 22:45,2017-04-18 22:48:45+02:00
19/04/2017 22:45,0,19/04/2017 07:20,2,1,1,1,0,2,3,1,2,1,0,0,0,2,2,0,0,0,0,0,0,2,22091,5.1,6,0,2,0,0,0,01:00:00,455,45,-15,-15,1,1,1,4,3,2,8,6,4,4,3,3,9,7,4,0,0,0,8,6,4,22,16,10,60,0,-15,6,6,4,16/04/2017 23:00,17/04/2017 22:30,18/04/2017 22:30,25,25,1,0,51,4,0,0,0,0,1,0,0,0,-3,-3,1,1,1,-2,1,-2,0,0,1,0,2,3,3,-1,0,1,0,-2,-2,1,2,-2,2,-1,-2,0,2,-1,-3,-4,-1,2,-3,2,-4,-3,3,-2,-3,-6,-2,1,8,-2,-15,HA61,2017-04-20 21:32:14+02:00,,"Auto, skeeleren, auto, internet",19/04/2017 22:45,2017-04-19 21:32:14+02:00
20/04/2017 22:30,0,20/04/2017 08:15,2,1,1,0,0,2,1,1,1,2,0,0,0,2,0,0,2,0,0,0,0,0,6455,9.8,4,0,3,15,15,1,01:00:00,525,0,0,15,2,2,2,4,3,2,8,6,4,4,4,3,9,6,3,0,0,0,8,6,4,20,14,10,0,-15,0,6,4,6,17/04/2017 22:30,18/04/2017 22:30,19/04/2017 22:45,-45,0,1,0,51,4,0,0,0,0,1,0,0,0,-3,-3,1,1,1,-2,1,-2,0,0,1,0,2,3,3,-1,0,1,0,-2,-2,1,2,-2,2,-1,-2,0,2,-1,-3,-4,-1,2,-3,2,-4,-3,3,-2,-3,-6,-2,1,8,-2,-15,HA61,2017-04-21 00:28:12+02:00,Nvt,"Hond uitlaten, tv, internet",20/04/2017 22:15,2017-04-20 00:28:12+02:00
22/04/2017 00:15,1,21/04/2017 08:15,2,1,2,1,1,0,1,1,3,3,0,0,0,2,0,0,0,0,2,0,0,0,4733,1.1,4,0,4,75,75,5,01:00:00,420,75,90,90,3,3,2,5,4,3,6,4,2,7,6,4,9,6,5,0,0,0,8,6,4,18,14,8,-15,0,15,4,6,4,18/04/2017 22:30,19/04/2017 22:45,20/04/2017 22:30,60,60,1,0,51,4,0,0,0,0,1,0,0,0,-3,-3,1,1,1,-2,1,-2,0,0,1,0,2,3,3,-1,0,1,0,-2,-2,1,2,-2,2,-1,-2,0,2,-1,-3,-4,-1,2,-3,2,-4,-3,3,-2,-3,-6,-2,1,8,-2,-15,HA61,2017-04-22 22:41:51+02:00,Afspraak met buurvrouw,"Bijeenkomst IVN, afstemmen en kletsen bij buurvrouw",21/04/2017 23:00,2017-04-21 22:41:51+02:00
23/04/2017 00:30,1,22/04/2017 08:15,1,0,2,1,3,0,3,2,3,0,0,0,0,0,0,0,0,2,2,0,0,0,20691,6.9,4,0,5,90,90,6,00:30:00,435,180,180,165,3,2,1,6,5,4,4,2,0,9,7,6,6,5,3,0,0,0,6,4,2,18,12,8,0,15,75,6,4,4,19/04/2017 22:45,20/04/2017 22:30,22/04/2017 00:15,45,105,1,0,51,4,0,0,0,0,1,0,0,0,-3,-3,1,1,1,-2,1,-2,0,0,1,0,2,3,3,-1,0,1,0,-2,-2,1,2,-2,2,-1,-2,0,2,-1,-3,-4,-1,2,-3,2,-4,-3,3,-2,-3,-6,-2,1,8,-2,-15,HA61,2017-04-23 22:45:02+02:00,Uitgelopen jubileum collega,"Fietsen, feest, auto rijden",22/04/2017 23:00,2017-04-22 22:45:02+02:00
24/04/2017 10:30,0,23/04/2017 08:00,2,1,2,1,3,1,3,2,1,0,0,0,0,2,0,0,0,0,0,0,0,0,17630,9.7,2,0,6,690,690,46,01:00:00,1230,870,855,780,3,2,1,7,6,4,3,1,1,8,7,4,5,3,0,0,0,0,6,4,2,14,10,6,15,75,90,4,4,4,20/04/2017 22:30,22/04/2017 00:15,23/04/2017 00:30,-750,0,1,0,51,4,0,0,0,0,1,0,0,0,-3,-3,1,1,1,-2,1,-2,0,0,1,0,2,3,3,-1,0,1,0,-2,-2,1,2,-2,2,-1,-2,0,2,-1,-3,-4,-1,2,-3,2,-4,-3,3,-2,-3,-6,-2,1,8,-2,-15,HA61,2017-04-24 22:41:03+02:00,,"Eten, skeelerles, discussie vriendin",23/04/2017 23:00,2017-04-23 22:41:03+02:00
24/04/2017 22:30,0,24/04/2017 08:10,1,0,1,0,1,2,1,2,1,2,0,0,0,2,2,2,0,2,0,0,0,0,3214,2.4,8,0,0,-10,0,0,00:30:00,550,845,770,680,2,1,1,7,5,3,3,3,3,8,5,2,5,2,2,0,0,0,6,4,4,18,14,10,75,90,690,4,4,2,22/04/2017 00:15,23/04/2017 00:30,24/04/2017 10:30,-70,0,1,0,51,4,0,0,0,0,1,0,0,0,-3,-3,1,1,1,-2,1,-2,0,0,1,0,2,3,3,-1,0,1,0,-2,-2,1,2,-2,2,-1,-2,0,2,-1,-3,-4,-1,2,-3,2,-4,-3,3,-2,-3,-6,-2,1,8,-2,-15,HA61,2017-04-25 14:25:58+02:00,,"Eten, hond uitlaten, tv, hotel verkennen",24/04/2017 22:40,2017-04-24 14:25:58+02:00
26/04/2017 01:30,1,25/04/2017 08:00,3,1,2,1,1,0,1,1,1,3,0,0,0,2,2,0,2,2,0,0,0,0,2478,10.4,8,0,1,180,180,12,01:30:00,300,950,860,170,2,2,1,7,5,3,3,3,2,6,3,2,5,5,5,0,0,0,6,6,4,22,18,16,90,690,-10,4,2,8,23/04/2017 00:30,24/04/2017 10:30,24/04/2017 22:30,180,180,1,0,51,4,0,0,0,0,1,0,0,0,-3,-3,1,1,1,-2,1,-2,0,0,1,0,2,3,3,-1,0,1,0,-2,-2,1,2,-2,2,-1,-2,0,2,-1,-3,-4,-1,2,-3,2,-4,-3,3,-2,-3,-6,-2,1,8,-2,-15,HA61,2017-04-26 15:08:57+02:00,Film op televisie,"hond uitlaten, koffie drinken in lounch, tv kijken",25/04/2017 22:30,2017-04-25 15:08:57+02:00
26/04/2017 22:15,0,26/04/2017 07:45,1,0,1,1,1,1,1,1,1,1,0,0,0,2,0,0,2,0,0,0,0,0,4266,8.1,4,0,2,15,15,1,00:30:00,540,875,185,195,2,1,1,6,4,3,4,3,1,4,3,2,6,6,4,0,0,0,8,6,4,22,20,12,690,-10,180,2,8,8,24/04/2017 10:30,24/04/2017 22:30,26/04/2017 01:30,-60,120,1,0,51,4,0,0,0,0,1,0,0,0,-3,-3,1,1,1,-2,1,-2,0,0,1,0,2,3,3,-1,0,1,0,-2,-2,1,2,-2,2,-1,-2,0,2,-1,-3,-4,-1,2,-3,2,-4,-3,3,-2,-3,-6,-2,1,8,-2,-15,HA61,2017-04-27 16:56:07+02:00,,"Hond uitlaten, discussie met vriendin, tv kijken",26/04/2017 22:00,2017-04-26 16:56:07+02:00
27/04/2017 22:30,0,27/04/2017 09:00,2,1,1,1,1,2,1,2,1,1,0,0,0,2,0,2,0,0,0,0,0,0,3697,8.1,4,0,3,0,0,0,01:00:00,570,185,195,15,2,2,1,5,4,2,5,3,3,4,3,2,7,5,2,0,0,0,8,6,4,24,16,8,-10,180,15,8,8,4,24/04/2017 22:30,26/04/2017 01:30,26/04/2017 22:15,-90,0,1,0,51,4,0,0,0,0,1,0,0,0,-3,-3,1,1,1,-2,1,-2,0,0,1,0,2,3,3,-1,0,1,0,-2,-2,1,2,-2,2,-1,-2,0,2,-1,-3,-4,-1,2,-3,2,-4,-3,3,-2,-3,-6,-2,1,8,-2,-15,HA61,2017-04-28 15:31:35+02:00,,"Hond uitlaten, tv, muziek luisteren",27/04/2017 22:30,2017-04-27 15:31:35+02:00
10/04/2017 00:00,1,09/04/2017 07:00,1,0,1,1,1,1,0,1,3,3,0,0,0,0,0,2,2,0,0,0,0,0,10193,12.5,4,0,6,,,,00:30:00,390,0,0,0,0,0,0,1,1,1,1,1,1,3,3,3,3,3,3,0,0,0,0,0,0,4,4,4,,,,,,,,,,90,90,1,0,44,4,0,1,0,0,1,0,0,3,-2,-1,3,3,3,0,3,-1,1,1,1,2,1,1,1,-1,3,3,-1,-3,-2,2,3,-3,2,-2,-3,2,2,-2,-3,-2,-2,2,-1,2,-1,-2,2,-2,-2,11,-3,7,5,-3,-9,he46,2017-04-10 21:17:41+02:00,niet willen slapen,tv kijken en computeren,NaT,2017-04-09 21:17:41+02:00
10/04/2017 23:00,0,10/04/2017 07:45,1,0,1,0,1,2,1,1,1,0,0,0,0,0,0,0,0,2,0,0,0,0,9424,1.9,2,0,0,-60,0,0,00:30:00,495,-60,-60,-60,0,0,0,2,2,2,3,3,3,4,4,4,3,3,3,0,0,0,0,0,0,6,6,6,,,,,,4,,,10/04/2017 00:00,-15,75,1,0,44,4,0,1,0,0,1,0,0,3,-2,-1,3,3,3,0,3,-1,1,1,1,2,1,1,1,-1,3,3,-1,-3,-2,2,3,-3,2,-2,-3,2,2,-2,-3,-2,-2,2,-1,2,-1,-2,2,-2,-2,11,-3,7,5,-3,-9,he46,2017-04-11 23:09:55+02:00,,uit eten en radio luisteren,11/04/2017 00:00,2017-04-10 23:09:55+02:00
12/04/2017 00:00,1,11/04/2017 07:00,1,0,1,0,1,2,0,2,2,3,0,2,0,0,2,2,2,2,0,0,0,0,6061,1.6,10,0,1,30,30,2,00:30:00,390,-30,-30,-30,0,0,0,3,3,2,5,5,4,6,6,3,6,6,3,2,2,2,0,0,0,16,16,12,,,-60,,4,2,,10/04/2017 00:00,10/04/2017 23:00,90,165,1,0,44,4,0,1,0,0,1,0,0,3,-2,-1,3,3,3,0,3,-1,1,1,1,2,1,1,1,-1,3,3,-1,-3,-2,2,3,-3,2,-2,-3,2,2,-2,-3,-2,-2,2,-1,2,-1,-2,2,-2,-2,11,-3,7,5,-3,-9,he46,2017-04-12 09:50:50+02:00,tv kijken,tv kijken en studeren,11/04/2017 23:30,2017-04-11 09:50:50+02:00
13/04/2017 23:15,0,13/04/2017 06:30,2,1,1,0,1,1,0,2,3,3,0,0,0,0,0,2,0,0,0,0,0,0,14043,6.6,2,0,3,15,15,1,01:00:00,375,15,75,45,2,2,2,4,3,2,6,4,2,9,8,6,9,9,6,2,2,0,0,0,0,17,15,5,-60,30,30,2,10,3,10/04/2017 23:00,12/04/2017 00:00,12/04/2017 23:30,105,270,1,0,44,4,0,1,0,0,1,0,0,3,-2,-1,3,3,3,0,3,-1,1,1,1,2,1,1,1,-1,3,3,-1,-3,-2,2,3,-3,2,-2,-3,2,2,-2,-3,-2,-2,2,-1,2,-1,-2,2,-2,-2,11,-3,7,5,-3,-9,he46,2017-04-14 08:23:12+02:00,,voetbal kijken en computeren,13/04/2017 23:00,2017-04-13 08:23:12+02:00
15/04/2017 01:00,1,14/04/2017 07:15,2,0,0,0,2,1,3,2,3,3,0,0,0,0,0,2,2,0,0,0,0,0,15292,0.6,4,0,4,90,90,6,01:00:00,315,165,135,105,2,2,1,3,2,1,5,3,2,11,9,6,12,9,6,2,0,0,0,0,0,19,9,6,30,30,15,10,3,2,12/04/2017 00:00,12/04/2017 23:30,13/04/2017 23:15,165,450,1,0,44,4,0,1,0,0,1,0,0,3,-2,-1,3,3,3,0,3,-1,1,1,1,2,1,1,1,-1,3,3,-1,-3,-2,2,3,-3,2,-2,-3,2,2,-2,-3,-2,-2,2,-1,2,-1,-2,2,-2,-2,11,-3,7,5,-3,-9,he46,2017-04-15 00:03:31+02:00,rusteloos,tv kijken  en computeren,14/04/2017 23:30,2017-04-14 00:03:31+02:00
16/04/2017 00:30,0,15/04/2017 09:00,1,0,2,1,3,1,0,3,2,3,0,2,0,0,0,2,2,2,0,0,0,0,13163,6.8,8,0,5,0,0,0,00:30:00,480,135,105,90,2,1,0,4,3,2,4,3,2,11,8,5,12,9,6,2,2,2,0,0,0,17,14,12,30,15,90,3,2,4,12/04/2017 23:30,13/04/2017 23:15,15/04/2017 01:00,0,360,1,0,44,4,0,1,0,0,1,0,0,3,-2,-1,3,3,3,0,3,-1,1,1,1,2,1,1,1,-1,3,3,-1,-3,-2,2,3,-3,2,-2,-3,2,2,-2,-3,-2,-2,2,-1,2,-1,-2,2,-2,-2,11,-3,7,5,-3,-9,he46,2017-04-16 10:40:24+02:00,tv kijken,tv kijken en computeren,16/04/2017 00:30,2017-04-15 10:40:24+02:00
17/04/2017 01:30,1,16/04/2017 08:30,1,1,0,1,0,2,1,3,3,3,0,0,0,0,0,0,2,2,0,0,0,0,5937,8.6,4,0,6,90,90,6,00:30:00,390,195,180,90,2,1,1,3,2,2,5,4,3,11,8,5,12,9,6,2,2,2,0,0,0,18,16,12,15,90,0,2,4,8,13/04/2017 23:15,15/04/2017 01:00,16/04/2017 00:30,90,360,1,0,44,4,0,1,0,0,1,0,0,3,-2,-1,3,3,3,0,3,-1,1,1,1,2,1,1,1,-1,3,3,-1,-3,-2,2,3,-3,2,-2,-3,2,2,-2,-3,-2,-2,2,-1,2,-1,-2,2,-2,-2,11,-3,7,5,-3,-9,he46,2017-04-17 09:37:56+02:00,moest werk afmaken,werken achter de pc,17/04/2017 00:00,2017-04-16 09:37:56+02:00
18/04/2017 00:15,1,17/04/2017 09:00,1,0,0,0,0,2,1,2,2,3,0,0,0,0,0,2,2,2,0,0,0,0,7647,7.6,6,0,0,15,15,1,00:30:00,495,195,105,105,1,1,1,2,2,0,6,5,4,10,7,5,12,9,6,2,2,0,0,0,0,22,18,10,90,0,90,4,8,4,15/04/2017 01:00,16/04/2017 00:30,17/04/2017 01:30,-15,240,1,0,44,4,0,1,0,0,1,0,0,3,-2,-1,3,3,3,0,3,-1,1,1,1,2,1,1,1,-1,3,3,-1,-3,-2,2,3,-3,2,-2,-3,2,2,-2,-3,-2,-2,2,-1,2,-1,-2,2,-2,-2,11,-3,7,5,-3,-9,he46,2017-04-18 11:40:54+02:00,tv kijken,tv kijken en computeren,18/04/2017 00:00,2017-04-17 11:40:54+02:00
19/04/2017 00:15,1,18/04/2017 08:30,1,0,0,1,1,1,0,2,3,3,0,0,0,0,0,2,2,2,0,0,0,0,11946,6.3,6,0,1,15,15,1,00:30:00,465,120,120,30,1,1,0,2,0,0,6,5,3,10,8,5,12,9,6,2,0,0,0,0,0,24,16,12,0,90,15,8,4,6,16/04/2017 00:30,17/04/2017 01:30,18/04/2017 00:15,15,90,1,0,44,4,0,1,0,0,1,0,0,3,-2,-1,3,3,3,0,3,-1,1,1,1,2,1,1,1,-1,3,3,-1,-3,-2,2,3,-3,2,-2,-3,2,2,-2,-3,-2,-2,2,-1,2,-1,-2,2,-2,-2,11,-3,7,5,-3,-9,he46,2017-04-19 22:39:32+02:00,tv kijken,tv kijken en computeren,19/04/2017 00:00,2017-04-18 22:39:32+02:00
21/04/2017 01:00,1,20/04/2017 06:30,2,1,1,0,1,1,1,0,3,0,0,0,0,0,0,0,0,2,0,0,0,0,3962,9.8,2,0,3,120,120,8,01:00:00,270,300,285,270,1,1,1,2,2,2,6,4,3,11,9,6,6,3,0,0,0,0,0,0,0,16,10,4,15,15,150,6,6,2,18/04/2017 00:15,19/04/2017 00:15,20/04/2017 02:00,210,285,1,0,44,4,0,1,0,0,1,0,0,3,-2,-1,3,3,3,0,3,-1,1,1,1,2,1,1,1,-1,3,3,-1,-3,-2,2,3,-3,2,-2,-3,2,2,-2,-3,-2,-2,2,-1,2,-1,-2,2,-2,-2,11,-3,7,5,-3,-9,he46,2017-04-21 21:23:50+02:00,gevierd dat ik mijn scriptie had ingeleverd,kletsen met vrienden,20/04/2017 23:00,2017-04-20 21:23:50+02:00
22/04/2017 00:00,0,21/04/2017 07:20,2,1,0,0,0,2,0,2,3,3,0,0,0,0,0,2,2,0,0,0,0,0,9057,1.1,4,0,4,30,30,2,01:00:00,380,315,300,150,2,2,2,2,2,1,6,5,3,12,9,6,6,3,3,0,0,0,0,0,0,14,8,6,15,150,120,6,2,2,19/04/2017 00:15,20/04/2017 02:00,21/04/2017 01:00,100,400,1,0,44,4,0,1,0,0,1,0,0,3,-2,-1,3,3,3,0,3,-1,1,1,1,2,1,1,1,-1,3,3,-1,-3,-2,2,3,-3,2,-2,-3,2,2,-2,-3,-2,-2,2,-1,2,-1,-2,2,-2,-2,11,-3,7,5,-3,-9,he46,2017-04-22 20:44:05+02:00,werken,computeren,21/04/2017 23:30,2017-04-21 20:44:05+02:00
23/04/2017 00:00,1,22/04/2017 06:30,2,1,0,0,1,2,1,2,3,1,0,0,0,0,0,0,0,0,0,0,0,0,3200,6.9,0,0,5,30,30,2,01:00:00,330,330,180,60,3,3,2,2,1,0,7,5,4,12,9,6,4,4,4,0,0,0,0,0,0,8,6,4,150,120,30,2,2,4,20/04/2017 02:00,21/04/2017 01:00,22/04/2017 00:00,150,535,1,0,44,4,0,1,0,0,1,0,0,3,-2,-1,3,3,3,0,3,-1,1,1,1,2,1,1,1,-1,3,3,-1,-3,-2,2,3,-3,2,-2,-3,2,2,-2,-3,-2,-2,2,-1,2,-1,-2,2,-2,-2,11,-3,7,5,-3,-9,he46,2017-04-23 22:43:23+02:00,werken,computeren,22/04/2017 23:30,2017-04-22 22:43:23+02:00
24/04/2017 01:00,0,23/04/2017 08:00,1,0,0,1,1,1,0,0,3,0,0,0,0,0,0,0,0,2,0,0,0,0,6484,9.7,2,0,6,90,90,6,00:30:00,390,270,150,120,3,2,1,1,0,0,6,5,3,12,9,6,4,4,1,0,0,0,0,0,0,8,6,2,120,30,30,2,4,0,21/04/2017 01:00,22/04/2017 00:00,23/04/2017 00:00,90,550,1,0,44,4,0,1,0,0,1,0,0,3,-2,-1,3,3,3,0,3,-1,1,1,1,2,1,1,1,-1,3,3,-1,-3,-2,2,3,-3,2,-2,-3,2,2,-2,-3,-2,-2,2,-1,2,-1,-2,2,-2,-2,11,-3,7,5,-3,-9,he46,2017-04-24 19:30:34+02:00,,feestje gevierd,23/04/2017 23:30,2017-04-23 19:30:34+02:00
24/04/2017 23:30,0,24/04/2017 07:00,2,0,1,1,1,2,1,2,3,3,0,0,0,0,0,0,2,0,0,0,0,0,5363,2.4,2,0,0,-30,0,0,01:00:00,390,120,90,60,2,1,0,1,1,1,7,5,3,12,9,6,7,4,3,0,0,0,0,0,0,8,4,4,30,30,90,4,0,2,22/04/2017 00:00,23/04/2017 00:00,24/04/2017 01:00,90,430,1,0,44,4,0,1,0,0,1,0,0,3,-2,-1,3,3,3,0,3,-1,1,1,1,2,1,1,1,-1,3,3,-1,-3,-2,2,3,-3,2,-2,-3,2,2,-2,-3,-2,-2,2,-1,2,-1,-2,2,-2,-2,11,-3,7,5,-3,-9,he46,2017-04-25 21:17:13+02:00,,tv kijken,25/04/2017 00:00,2017-04-24 21:17:13+02:00
09/04/2017 23:45,1,09/04/2017 08:20,0,0,0,0,1,1,0,1,2,3,0,2,0,0,2,0,0,0,1,0,0,0,5244,12.3,5,1,6,,,,00:15:00,500,0,0,0,0,0,0,0,0,0,1,1,1,2,2,2,3,3,3,2,2,2,0,0,0,5,5,5,,,,,,,,,,-20,0,1,1,23,4,0,0,0,0,0,0,0,2,-2,-3,1,1,1,-1,1,-2,0,1,1,1,0,2,1,-3,1,1,-1,-4,-2,0,1,-2,2,-2,-2,0,2,-2,-3,-3,-3,3,-3,2,-3,-3,2,-2,-3,-2,-5,3,2,-5,-16,MJ87,2017-04-10 10:00:40+02:00,Ik wilde nog een extra hoofdstuk lezen,"tv kijken, lezen",NaT,2017-04-09 10:00:40+02:00
10/04/2017 23:30,1,10/04/2017 08:00,1,0,0,0,0,2,0,1,3,2,0,0,0,0,2,0,0,0,0,0,0,0,3687,6.2,2,0,0,0,0,0,00:30:00,480,0,0,0,0,0,0,0,0,0,3,3,3,5,5,5,5,5,5,2,2,2,0,0,0,7,7,7,,,,,,5,,,09/04/2017 23:45,0,0,1,1,23,4,0,0,0,0,0,0,0,2,-2,-3,1,1,1,-1,1,-2,0,1,1,1,0,2,1,-3,1,1,-1,-4,-2,0,1,-2,2,-2,-2,0,2,-2,-3,-3,-3,3,-3,2,-3,-3,2,-2,-3,-2,-5,3,2,-5,-16,MJ87,2017-04-11 09:56:16+02:00,,"kletsen, smartphone",10/04/2017 23:30,2017-04-10 09:56:16+02:00
11/04/2017 23:45,1,11/04/2017 08:15,1,1,0,0,0,2,0,1,1,3,0,0,0,0,2,0,2,0,2,0,0,0,14568,10.3,6,0,1,15,15,1,00:30:00,480,15,15,15,1,1,1,0,0,0,5,5,4,6,6,4,8,8,5,2,2,0,0,0,0,13,13,8,,,0,,5,2,,09/04/2017 23:45,10/04/2017 23:30,0,0,1,1,23,4,0,0,0,0,0,0,0,2,-2,-3,1,1,1,-1,1,-2,0,1,1,1,0,2,1,-3,1,1,-1,-4,-2,0,1,-2,2,-2,-2,0,2,-2,-3,-3,-3,3,-3,2,-3,-3,2,-2,-3,-2,-5,3,2,-5,-16,MJ87,2017-04-12 15:47:02+02:00,Nog even willen appen met iemand,"gamen, tv, lezen, appen",11/04/2017 23:30,2017-04-11 15:47:02+02:00
13/04/2017 00:45,0,12/04/2017 09:15,0,0,1,0,1,2,1,0,2,2,0,1,0,0,2,0,0,1,2,0,0,0,5928,0.9,6,2,2,-15,0,0,00:15:00,495,0,0,0,1,1,1,1,1,1,7,6,4,8,6,3,10,7,5,3,1,1,0,0,0,19,14,12,,0,15,5,2,6,09/04/2017 23:45,10/04/2017 23:30,11/04/2017 23:45,-15,0,1,1,23,4,0,0,0,0,0,0,0,2,-2,-3,1,1,1,-1,1,-2,0,1,1,1,0,2,1,-3,1,1,-1,-4,-2,0,1,-2,2,-2,-2,0,2,-2,-3,-3,-3,3,-3,2,-3,-3,2,-2,-3,-2,-5,3,2,-5,-16,MJ87,2017-04-13 18:33:28+02:00,,"cafe, bus",13/04/2017 01:00,2017-04-12 18:33:28+02:00
14/04/2017 00:15,0,13/04/2017 09:45,1,0,1,1,2,2,0,2,1,3,0,1,0,0,0,0,0,1,2,0,0,0,3953,6.6,4,2,3,-45,0,0,00:30:00,540,-45,-45,-60,1,1,0,2,2,2,8,6,4,7,4,3,10,8,5,2,2,2,0,0,0,18,16,10,0,15,-15,2,6,6,10/04/2017 23:30,11/04/2017 23:45,13/04/2017 00:45,-60,0,1,1,23,4,0,0,0,0,0,0,0,2,-2,-3,1,1,1,-1,1,-2,0,1,1,1,0,2,1,-3,1,1,-1,-4,-2,0,1,-2,2,-2,-2,0,2,-2,-3,-3,-3,3,-3,2,-3,-3,2,-2,-3,-2,-5,3,2,-5,-16,MJ87,2017-04-14 13:20:19+02:00,,Gamen,14/04/2017 01:00,2017-04-13 13:20:19+02:00
15/04/2017 01:00,1,14/04/2017 07:50,1,0,1,0,1,2,1,1,1,3,0,2,0,0,0,0,0,2,0,0,0,0,8599,4.8,4,0,4,90,90,6,00:30:00,380,45,30,45,1,0,0,3,3,2,8,6,4,5,4,2,11,8,6,4,4,3,0,0,0,20,14,8,15,-15,-45,6,6,4,11/04/2017 23:45,13/04/2017 00:45,14/04/2017 00:15,100,100,1,1,23,4,0,0,0,0,0,0,0,2,-2,-3,1,1,1,-1,1,-2,0,1,1,1,0,2,1,-3,1,1,-1,-4,-2,0,1,-2,2,-2,-2,0,2,-2,-3,-3,-3,3,-3,2,-3,-3,2,-2,-3,-2,-5,3,2,-5,-16,MJ87,2017-04-15 10:45:45+02:00,het was nog gezellig,"gamen, bankhangen",14/04/2017 23:30,2017-04-14 10:45:45+02:00
16/04/2017 00:20,1,15/04/2017 08:00,2,1,1,1,1,1,0,1,1,3,0,0,0,0,2,0,0,0,0,0,2,0,4493,4.5,4,0,5,50,50,3,01:00:00,400,80,95,140,1,1,1,4,3,2,7,5,3,5,3,2,11,9,6,4,3,2,0,0,0,18,12,8,-15,-45,90,6,4,4,13/04/2017 00:45,14/04/2017 00:15,15/04/2017 01:00,80,180,1,1,23,4,0,0,0,0,0,0,0,2,-2,-3,1,1,1,-1,1,-2,0,1,1,1,0,2,1,-3,1,1,-1,-4,-2,0,1,-2,2,-2,-2,0,2,-2,-3,-3,-3,3,-3,2,-3,-3,2,-2,-3,-2,-5,3,2,-5,-16,MJ87,2017-04-16 15:37:49+02:00,Was nog aan het overleggen over een online bestelling die wat langer duurde dan verwacht,"tv kijken, telefoon gebruikt",15/04/2017 23:30,2017-04-15 15:37:49+02:00
16/04/2017 23:30,0,16/04/2017 08:40,1,0,1,0,1,2,0,1,3,2,0,0,0,0,2,0,0,0,2,0,0,0,2708,2.9,4,0,6,0,0,0,00:30:00,520,95,140,50,1,1,1,4,3,2,7,5,3,6,5,4,11,8,5,3,2,0,0,0,0,16,12,8,-45,90,50,4,4,4,14/04/2017 00:15,15/04/2017 01:00,16/04/2017 00:20,-40,80,1,1,23,4,0,0,0,0,0,0,0,2,-2,-3,1,1,1,-1,1,-2,0,1,1,1,0,2,1,-3,1,1,-1,-4,-2,0,1,-2,2,-2,-2,0,2,-2,-3,-3,-3,3,-3,2,-3,-3,2,-2,-3,-2,-5,3,2,-5,-16,MJ87,2017-04-17 09:57:40+02:00,,"bank hangen, lezen",16/04/2017 23:30,2017-04-16 09:57:40+02:00
18/04/2017 00:00,1,17/04/2017 07:45,1,1,0,1,2,1,0,1,1,3,0,0,0,0,2,0,0,0,2,0,0,0,6770,9.9,4,0,0,30,30,2,00:30:00,435,170,80,30,2,2,1,3,2,1,6,4,3,6,5,4,11,8,5,2,0,0,0,0,0,16,12,8,90,50,0,4,4,4,15/04/2017 01:00,16/04/2017 00:20,16/04/2017 23:30,45,185,1,1,23,4,0,0,0,0,0,0,0,2,-2,-3,1,1,1,-1,1,-2,0,1,1,1,0,2,1,-3,1,1,-1,-4,-2,0,1,-2,2,-2,-2,0,2,-2,-3,-3,-3,3,-3,2,-3,-3,2,-2,-3,-2,-5,3,2,-5,-16,MJ87,2017-04-18 12:15:40+02:00,Nog even lezen en praten,"Passion kijken, lezen, appen",17/04/2017 23:30,2017-04-17 12:15:40+02:00
19/04/2017 02:00,1,18/04/2017 11:00,0,0,1,1,2,2,2,1,3,0,0,2,0,0,0,0,0,2,0,0,0,0,8186,10.2,4,0,1,60,60,4,00:15:00,525,140,90,90,2,1,1,3,2,1,6,5,3,8,7,4,8,5,3,2,2,2,0,0,0,16,12,8,50,0,30,4,4,4,16/04/2017 00:20,16/04/2017 23:30,18/04/2017 00:00,-45,40,1,1,23,4,0,0,0,0,0,0,0,2,-2,-3,1,1,1,-1,1,-2,0,1,1,1,0,2,1,-3,1,1,-1,-4,-2,0,1,-2,2,-2,-2,0,2,-2,-3,-3,-3,3,-3,2,-3,-3,2,-2,-3,-2,-5,3,2,-5,-16,MJ87,2017-04-19 16:49:25+02:00,er kwamen vrienden langs,"vrienden, drinken",19/04/2017 01:00,2017-04-18 16:49:25+02:00
20/04/2017 01:00,0,19/04/2017 09:30,3,0,0,0,1,2,1,1,1,3,0,2,0,0,0,0,0,1,1,0,0,0,10586,7.9,4,2,2,0,0,0,01:30:00,420,90,90,60,1,1,0,2,1,1,7,5,4,8,5,4,8,6,3,4,4,4,0,0,0,16,12,8,0,30,60,4,4,4,16/04/2017 23:30,18/04/2017 00:00,19/04/2017 02:00,60,60,1,1,23,4,0,0,0,0,0,0,0,2,-2,-3,1,1,1,-1,1,-2,0,1,1,1,0,2,1,-3,1,1,-1,-4,-2,0,1,-2,2,-2,-2,0,2,-2,-3,-3,-3,3,-3,2,-3,-3,2,-2,-3,-2,-5,3,2,-5,-16,MJ87,2017-04-20 11:26:10+02:00,,Gamen,20/04/2017 01:00,2017-04-19 11:26:10+02:00
20/04/2017 23:45,0,20/04/2017 10:15,1,0,0,0,0,2,1,1,2,1,0,0,0,0,0,0,0,0,0,0,0,0,6246,11.5,0,0,3,-75,0,0,00:30:00,600,15,-15,-75,1,0,0,1,1,0,7,6,4,7,6,3,7,4,4,4,4,2,0,0,0,12,8,4,30,60,0,4,4,4,18/04/2017 00:00,19/04/2017 02:00,20/04/2017 01:00,-120,0,1,1,23,4,0,0,0,0,0,0,0,2,-2,-3,1,1,1,-1,1,-2,0,1,1,1,0,2,1,-3,1,1,-1,-4,-2,0,1,-2,2,-2,-2,0,2,-2,-3,-3,-3,3,-3,2,-3,-3,2,-2,-3,-2,-5,3,2,-5,-16,MJ87,2017-04-21 13:41:35+02:00,,"verjaardag ,terug rijden naar huis",21/04/2017 01:00,2017-04-20 13:41:35+02:00
22/04/2017 00:45,1,21/04/2017 08:30,0,0,0,0,1,2,0,1,3,3,0,0,0,0,2,0,0,2,0,0,0,0,8213,0.3,4,0,4,15,15,1,00:15:00,450,0,-60,-60,0,0,0,1,0,0,8,6,4,9,6,5,7,7,4,4,2,0,0,0,0,12,8,4,60,0,-75,4,4,0,19/04/2017 02:00,20/04/2017 01:00,20/04/2017 23:45,30,30,1,1,23,4,0,0,0,0,0,0,0,2,-2,-3,1,1,1,-1,1,-2,0,1,1,1,0,2,1,-3,1,1,-1,-4,-2,0,1,-2,2,-2,-2,0,2,-2,-3,-3,-3,3,-3,2,-3,-3,2,-2,-3,-2,-5,3,2,-5,-16,MJ87,2017-04-22 10:56:51+02:00,Ik was iets later thuis dan verwacht,"borrel met vrienden, terugrit met metro naar huis",22/04/2017 00:30,2017-04-21 10:56:51+02:00
22/04/2017 23:45,1,22/04/2017 08:30,0,0,0,0,0,2,1,1,1,1,0,0,0,0,2,0,2,0,2,0,0,0,3673,6.8,6,0,5,15,15,1,00:15:00,510,-45,-45,30,0,0,0,0,0,0,8,6,4,7,6,4,8,5,4,2,0,0,0,0,0,14,10,10,0,-75,15,4,0,4,20/04/2017 01:00,20/04/2017 23:45,22/04/2017 00:45,-30,0,1,1,23,4,0,0,0,0,0,0,0,2,-2,-3,1,1,1,-1,1,-2,0,1,1,1,0,2,1,-3,1,1,-1,-4,-2,0,1,-2,2,-2,-2,0,2,-2,-3,-3,-3,3,-3,2,-3,-3,2,-2,-3,-2,-5,3,2,-5,-16,MJ87,2017-04-23 09:51:38+02:00,nog even lezen en door sociale media scrollen,"sporten, douchen, tv kijken, lezen",22/04/2017 23:30,2017-04-22 09:51:38+02:00
24/04/2017 00:00,1,23/04/2017 08:15,0,0,1,0,1,2,1,1,3,2,0,0,0,0,2,0,0,0,2,0,0,0,6731,6.8,4,0,6,30,30,2,00:15:00,480,-15,60,45,0,0,0,1,1,1,8,6,4,9,7,4,7,6,3,0,0,0,0,0,0,14,14,10,-75,15,15,0,4,6,20/04/2017 23:45,22/04/2017 00:45,22/04/2017 23:45,0,0,1,1,23,4,0,0,0,0,0,0,0,2,-2,-3,1,1,1,-1,1,-2,0,1,1,1,0,2,1,-3,1,1,-1,-4,-2,0,1,-2,2,-2,-2,0,2,-2,-3,-3,-3,3,-3,2,-3,-3,2,-2,-3,-2,-5,3,2,-5,-16,MJ87,2017-04-24 10:53:56+02:00,nog even lezen,"bank hangen, lezen in bed",23/04/2017 23:30,2017-04-23 10:53:56+02:00
24/04/2017 23:45,1,24/04/2017 08:30,0,0,0,0,0,2,0,1,2,1,0,0,0,0,2,0,0,0,0,0,0,0,5315,1.9,2,0,0,15,15,1,00:15:00,510,75,60,45,0,0,0,1,1,1,8,6,4,9,6,5,7,4,3,0,0,0,0,0,0,16,12,6,15,15,30,4,6,4,22/04/2017 00:45,22/04/2017 23:45,24/04/2017 00:00,-30,0,1,1,23,4,0,0,0,0,0,0,0,2,-2,-3,1,1,1,-1,1,-2,0,1,1,1,0,2,1,-3,1,1,-1,-4,-2,0,1,-2,2,-2,-2,0,2,-2,-3,-3,-3,3,-3,2,-3,-3,2,-2,-3,-2,-5,3,2,-5,-16,MJ87,2017-04-25 12:02:42+02:00,ik was nog in gesprek op de app,"tv kijken, lezen, appen",24/04/2017 23:30,2017-04-24 12:02:42+02:00
26/04/2017 01:30,1,25/04/2017 11:00,1,0,0,0,0,2,1,2,2,0,0,2,0,0,0,0,0,0,2,0,0,0,3123,7.6,4,0,1,60,60,4,00:30:00,540,120,105,75,0,0,0,1,1,0,8,6,4,8,7,4,4,3,1,2,2,2,0,0,0,16,10,6,15,30,15,6,4,2,22/04/2017 23:45,24/04/2017 00:00,24/04/2017 23:45,-60,0,1,1,23,4,0,0,0,0,0,0,0,2,-2,-3,1,1,1,-1,1,-2,0,1,1,1,0,2,1,-3,1,1,-1,-4,-2,0,1,-2,2,-2,-2,0,2,-2,-3,-3,-3,3,-3,2,-3,-3,2,-2,-3,-2,-5,3,2,-5,-16,MJ87,2017-04-26 20:23:18+02:00,Was langer gezellig dan verwacht,"Serie kijken met vriendin, naar huis rijden",26/04/2017 00:30,2017-04-25 20:23:18+02:00
27/04/2017 01:00,1,26/04/2017 11:30,0,0,1,0,1,2,0,1,2,1,0,1,1,0,2,0,0,2,0,0,0,0,3325,8,6,2,2,0,0,0,00:15:00,615,105,75,60,0,0,0,2,1,1,8,6,4,9,6,4,4,2,1,3,3,3,0,0,0,16,12,10,30,15,60,4,2,4,24/04/2017 00:00,24/04/2017 23:45,26/04/2017 01:30,-135,0,1,1,23,4,0,0,0,0,0,0,0,2,-2,-3,1,1,1,-1,1,-2,0,1,1,1,0,2,1,-3,1,1,-1,-4,-2,0,1,-2,2,-2,-2,0,2,-2,-3,-3,-3,3,-3,2,-3,-3,2,-2,-3,-2,-5,3,2,-5,-16,MJ87,2017-04-27 21:27:33+02:00,zat nog langer te lezen,"cafe, naar huis met de bus, lezen",27/04/2017 01:00,2017-04-26 21:27:33+02:00
28/04/2017 00:30,1,27/04/2017 08:00,0,0,0,1,1,2,0,2,0,3,0,2,0,0,2,0,0,2,2,0,0,0,3466,7.5,8,0,3,30,30,2,00:15:00,435,105,90,30,0,0,0,1,1,1,8,6,4,6,4,2,5,4,4,5,5,3,0,0,0,20,18,14,15,60,0,2,4,6,24/04/2017 23:45,26/04/2017 01:30,27/04/2017 01:00,45,45,1,1,23,4,0,0,0,0,0,0,0,2,-2,-3,1,1,1,-1,1,-2,0,1,1,1,0,2,1,-3,1,1,-1,-4,-2,0,1,-2,2,-2,-2,0,2,-2,-3,-3,-3,3,-3,2,-3,-3,2,-2,-3,-2,-5,3,2,-5,-16,MJ87,2017-04-28 10:02:58+02:00,gamen liep uit en lag nog gezellig te kletsen,"gamen, kletsen",28/04/2017 00:00,2017-04-27 10:02:58+02:00
09/04/2017 23:30,0,09/04/2017 07:15,2,0,1,0,1,1,1,0,1,2,0,0,0,0,2,0,0,0,2,0,0,0,15943,12.3,4,0,6,,,,01:00:00,405,0,0,0,0,0,0,1,1,1,1,1,1,1,1,1,2,2,2,0,0,0,0,0,0,4,4,4,,,,,,,,,,75,75,1,0,25,3,0,0,0,1,1,0,0,2,-2,-1,3,2,2,-2,2,-1,2,3,2,2,0,0,2,-2,3,2,-3,-3,-1,4,1,-4,1,-3,-1,3,1,-1,-1,-4,-1,1,0,0,-3,-1,3,-1,-1,5,-4,8,4,-3,-8,PM61,2017-04-10 09:37:29+02:00,,"Metroreis, wandelen, televisie, gesprekken",NaT,2017-04-09 09:37:29+02:00
10/04/2017 23:30,1,10/04/2017 07:30,3,1,0,0,3,1,0,2,2,2,0,0,0,0,0,0,0,2,2,0,0,0,4069,6.2,4,0,0,30,30,2,01:30:00,390,30,30,30,1,1,1,1,1,1,2,2,2,3,3,3,4,4,4,0,0,0,0,0,0,8,8,8,,,,,,4,,,09/04/2017 23:30,90,165,1,0,25,3,0,0,0,1,1,0,0,2,-2,-1,3,2,2,-2,2,-1,2,3,2,2,0,0,2,-2,3,2,-3,-3,-1,4,1,-4,1,-3,-1,3,1,-1,-1,-4,-1,1,0,0,-3,-1,3,-1,-1,5,-4,8,4,-3,-8,PM61,2017-04-11 15:33:28+02:00,Ik was later thuis dan ik had gehoopt,"Bezoek bij schoonouders, autorijden, betalingen afhandelen, douchen",10/04/2017 23:00,2017-04-10 15:33:28+02:00
11/04/2017 23:46,1,11/04/2017 07:30,3,1,2,0,3,0,0,2,1,3,2,0,0,0,0,0,0,2,2,0,0,0,2397,10.3,6,0,1,46,46,3,01:30:00,374,76,76,76,2,2,2,3,3,2,2,2,1,4,4,3,7,7,5,0,0,0,0,0,0,14,14,10,,,30,,4,4,,09/04/2017 23:30,10/04/2017 23:30,106,271,1,0,25,3,0,0,0,1,1,0,0,2,-2,-1,3,2,2,-2,2,-1,2,3,2,2,0,0,2,-2,3,2,-3,-3,-1,4,1,-4,1,-3,-1,3,1,-1,-1,-4,-1,1,0,0,-3,-1,3,-1,-1,5,-4,8,4,-3,-8,PM61,2017-04-12 01:51:50+02:00,Ik was een game aan het uitspelen,"Gamen, conversatie via telefoon-app",11/04/2017 23:00,2017-04-11 01:51:50+02:00
13/04/2017 02:00,1,12/04/2017 11:00,2,0,1,0,0,2,3,1,2,0,0,0,0,0,0,0,0,2,2,0,0,0,5646,0.9,4,0,2,120,120,8,01:00:00,480,196,196,166,2,2,1,4,3,3,4,3,2,6,5,3,7,5,3,0,0,0,0,0,0,18,14,10,,30,46,4,4,6,09/04/2017 23:30,10/04/2017 23:30,11/04/2017 23:46,0,271,1,0,25,3,0,0,0,1,1,0,0,2,-2,-1,3,2,2,-2,2,-1,2,3,2,2,0,0,2,-2,3,2,-3,-3,-1,4,1,-4,1,-3,-1,3,1,-1,-1,-4,-1,1,0,0,-3,-1,3,-1,-1,5,-4,8,4,-3,-8,PM61,2017-04-13 16:48:23+02:00,Er kwamen vrienden langs,Met vrienden op de bank zitten,13/04/2017 00:00,2017-04-12 16:48:23+02:00
14/04/2017 00:00,0,13/04/2017 07:50,1,0,1,0,2,1,1,1,0,3,0,0,0,0,0,0,0,2,2,0,0,0,5918,6.6,4,0,3,-60,0,0,00:30:00,440,136,106,60,2,1,0,4,4,2,4,3,3,5,3,2,8,6,3,0,0,0,0,0,0,18,14,8,30,46,120,4,6,4,10/04/2017 23:30,11/04/2017 23:46,13/04/2017 02:00,40,236,1,0,25,3,0,0,0,1,1,0,0,2,-2,-1,3,2,2,-2,2,-1,2,3,2,2,0,0,2,-2,3,2,-3,-3,-1,4,1,-4,1,-3,-1,3,1,-1,-1,-4,-1,1,0,0,-3,-1,3,-1,-1,5,-4,8,4,-3,-8,PM61,2017-04-14 12:49:48+02:00,,"Afwassen, gamen",14/04/2017 01:00,2017-04-13 12:49:48+02:00
15/04/2017 00:15,0,14/04/2017 09:30,0,0,1,0,1,2,0,1,0,3,0,0,0,0,0,0,0,0,2,0,0,0,5743,4.8,2,0,4,75,75,5,00:15:00,540,181,135,15,1,0,0,5,3,2,5,5,3,3,2,0,9,6,6,0,0,0,0,0,0,16,10,6,46,120,-60,6,4,4,11/04/2017 23:46,13/04/2017 02:00,14/04/2017 00:00,-60,86,1,0,25,3,0,0,0,1,1,0,0,2,-2,-1,3,2,2,-2,2,-1,2,3,2,2,0,0,2,-2,3,2,-3,-3,-1,4,1,-4,1,-3,-1,3,1,-1,-1,-4,-1,1,0,0,-3,-1,3,-1,-1,5,-4,8,4,-3,-8,PM61,2017-04-15 13:22:06+02:00,,Gamen,14/04/2017 23:00,2017-04-14 13:22:06+02:00
15/04/2017 23:45,1,15/04/2017 07:45,1,0,0,0,2,2,2,2,1,3,0,0,0,0,0,0,0,2,2,0,0,0,5609,4.5,4,0,5,15,15,1,00:30:00,450,150,30,90,0,0,0,3,2,1,7,5,4,3,1,1,9,9,6,0,0,0,0,0,0,14,10,6,120,-60,75,4,4,2,13/04/2017 02:00,14/04/2017 00:00,15/04/2017 00:15,30,30,1,0,25,3,0,0,0,1,1,0,0,2,-2,-1,3,2,2,-2,2,-1,2,3,2,2,0,0,2,-2,3,2,-3,-3,-1,4,1,-4,1,-3,-1,3,1,-1,-1,-4,-1,1,0,0,-3,-1,3,-1,-1,5,-4,8,4,-3,-8,PM61,2017-04-16 08:46:16+02:00,Het was maar een kwarter; maar ik was aan het gamen,Gamen,15/04/2017 23:30,2017-04-15 08:46:16+02:00
16/04/2017 23:30,0,16/04/2017 07:30,1,0,0,0,0,2,0,2,2,3,0,0,0,0,0,0,0,0,2,0,0,0,2499,2.9,2,0,6,0,0,0,00:30:00,450,30,90,15,0,0,0,2,1,0,7,6,4,3,3,3,12,9,6,0,0,0,0,0,0,12,8,6,-60,75,15,4,2,4,14/04/2017 00:00,15/04/2017 00:15,15/04/2017 23:45,30,60,1,0,25,3,0,0,0,1,1,0,0,2,-2,-1,3,2,2,-2,2,-1,2,3,2,2,0,0,2,-2,3,2,-3,-3,-1,4,1,-4,1,-3,-1,3,1,-1,-1,-4,-1,1,0,0,-3,-1,3,-1,-1,5,-4,8,4,-3,-8,PM61,2017-04-17 10:05:28+02:00,,"Gamen, Skype, ontspannings-video's kijken",16/04/2017 23:30,2017-04-16 10:05:28+02:00
18/04/2017 00:30,1,17/04/2017 07:45,0,0,0,1,3,1,0,1,1,3,0,0,0,0,2,0,0,0,2,0,0,0,11129,9.9,4,0,0,30,30,2,00:15:00,420,120,45,30,0,0,0,1,0,0,7,5,3,4,4,3,12,9,6,0,0,0,0,0,0,12,10,6,75,15,0,2,4,2,15/04/2017 00:15,15/04/2017 23:45,16/04/2017 23:30,60,90,1,0,25,3,0,0,0,1,1,0,0,2,-2,-1,3,2,2,-2,2,-1,2,3,2,2,0,0,2,-2,3,2,-3,-3,-1,4,1,-4,1,-3,-1,3,1,-1,-1,-4,-1,1,0,0,-3,-1,3,-1,-1,5,-4,8,4,-3,-8,PM61,2017-04-18 22:41:26+02:00,Mijn serie (The OA) was interessanter dan ik van te voren had zien aankomen,Serie kijken,18/04/2017 00:00,2017-04-17 22:41:26+02:00
19/04/2017 00:15,1,18/04/2017 07:45,3,1,2,0,2,0,0,2,1,3,1,1,0,0,0,0,0,1,2,0,0,0,7209,10.2,5,3,1,45,45,3,01:30:00,360,90,75,75,1,1,1,2,2,2,5,3,1,5,4,2,12,9,6,1,1,1,0,0,0,15,11,9,15,0,30,4,2,4,15/04/2017 23:45,16/04/2017 23:30,18/04/2017 00:30,120,240,1,0,25,3,0,0,0,1,1,0,0,2,-2,-1,3,2,2,-2,2,-1,2,3,2,2,0,0,2,-2,3,2,-3,-3,-1,4,1,-4,1,-3,-1,3,1,-1,-1,-4,-1,1,0,0,-3,-1,3,-1,-1,5,-4,8,4,-3,-8,PM61,2017-04-19 13:33:01+02:00,Ik was aan het gamen met een vriend en dat liep uit,"Gamen, ontspanningsvideo's kijken",18/04/2017 23:30,2017-04-18 13:33:01+02:00
19/04/2017 23:30,0,19/04/2017 07:50,1,0,0,0,2,2,0,1,2,3,0,0,0,0,0,0,0,0,2,0,0,0,8042,7.9,2,0,2,0,0,0,00:30:00,470,75,75,45,1,1,1,2,2,2,5,3,2,6,4,3,12,9,6,1,1,1,0,0,0,13,11,7,0,30,45,2,4,5,16/04/2017 23:30,18/04/2017 00:30,19/04/2017 00:15,10,220,1,0,25,3,0,0,0,1,1,0,0,2,-2,-1,3,2,2,-2,2,-1,2,3,2,2,0,0,2,-2,3,2,-3,-3,-1,4,1,-4,1,-3,-1,3,1,-1,-1,-4,-1,1,0,0,-3,-1,3,-1,-1,5,-4,8,4,-3,-8,PM61,2017-04-20 16:15:11+02:00,,"Gamen, ontspanningsvideo's kijken",19/04/2017 23:30,2017-04-19 16:15:11+02:00
21/04/2017 01:00,0,20/04/2017 21:30,3,0,0,0,1,2,1,2,1,1,0,0,0,0,0,0,0,2,2,0,0,0,4918,11.5,4,0,3,30,30,2,01:30:00,1140,105,75,30,1,1,0,2,2,0,5,4,4,5,4,3,10,7,4,1,1,0,0,0,0,15,11,6,30,45,0,4,5,2,18/04/2017 00:30,19/04/2017 00:15,19/04/2017 23:30,-660,0,1,0,25,3,0,0,0,1,1,0,0,2,-2,-1,3,2,2,-2,2,-1,2,3,2,2,0,0,2,-2,3,2,-3,-3,-1,4,1,-4,1,-3,-1,3,1,-1,-1,-4,-1,1,0,0,-3,-1,3,-1,-1,5,-4,8,4,-3,-8,PM61,2017-04-21 11:25:00+02:00,,Gamen,21/04/2017 00:30,2017-04-20 11:25:00+02:00
22/04/2017 00:00,0,21/04/2017 10:00,1,0,0,0,0,2,0,0,3,0,0,0,0,1,0,0,0,0,2,0,0,0,10661,0.3,3,1,4,-60,0,0,00:30:00,570,15,-30,-30,1,0,0,2,0,0,6,6,4,7,6,4,7,4,1,1,0,0,1,1,1,14,9,7,45,0,30,5,2,4,19/04/2017 00:15,19/04/2017 23:30,21/04/2017 01:00,-90,0,1,0,25,3,0,0,0,1,1,0,0,2,-2,-1,3,2,2,-2,2,-1,2,3,2,2,0,0,2,-2,3,2,-3,-3,-1,4,1,-4,1,-3,-1,3,1,-1,-1,-4,-1,1,0,0,-3,-1,3,-1,-1,5,-4,8,4,-3,-8,PM61,2017-04-22 14:10:20+02:00,,"Eten, meerijden in auto, praten",22/04/2017 01:00,2017-04-21 14:10:20+02:00
22/04/2017 23:30,0,22/04/2017 08:00,2,1,1,0,2,1,0,2,2,3,1,1,0,0,2,0,0,1,2,0,0,0,4582,6.8,7,3,5,0,0,0,01:00:00,450,-30,-30,-60,1,1,1,1,1,1,7,5,3,8,6,5,7,4,3,1,1,1,1,1,1,16,14,10,0,30,-60,2,4,3,19/04/2017 23:30,21/04/2017 01:00,22/04/2017 00:00,30,30,1,0,25,3,0,0,0,1,1,0,0,2,-2,-1,3,2,2,-2,2,-1,2,3,2,2,0,0,2,-2,3,2,-3,-3,-1,4,1,-4,1,-3,-1,3,1,-1,-1,-4,-1,1,0,0,-3,-1,3,-1,-1,5,-4,8,4,-3,-8,PM61,2017-04-23 09:43:26+02:00,,"Reizen met metro, reizen met bus, gamen, op YouTube rondhangen",22/04/2017 23:30,2017-04-22 09:43:26+02:00
23/04/2017 23:50,1,23/04/2017 08:05,1,0,0,0,3,0,0,1,1,3,1,0,0,0,0,0,0,2,2,0,0,0,3420,6.8,5,1,6,20,20,1,00:30:00,465,-10,-40,20,1,1,1,1,1,1,5,3,1,7,6,3,7,6,6,1,1,1,1,1,0,19,15,12,30,-60,0,4,3,7,21/04/2017 01:00,22/04/2017 00:00,22/04/2017 23:30,15,45,1,0,25,3,0,0,0,1,1,0,0,2,-2,-1,3,2,2,-2,2,-1,2,3,2,2,0,0,2,-2,3,2,-3,-3,-1,4,1,-4,1,-3,-1,3,1,-1,-1,-4,-1,1,0,0,-3,-1,3,-1,-1,5,-4,8,4,-3,-8,PM61,2017-04-24 00:02:32+02:00,Gamen liep uit,"Naar huis fietsen, gamen",23/04/2017 23:30,2017-04-23 00:02:32+02:00
25/04/2017 01:30,1,24/04/2017 13:00,1,0,2,0,0,3,1,0,3,0,1,1,0,0,0,0,0,2,2,0,0,0,3311,1.9,6,2,0,120,120,8,00:30:00,660,80,140,140,1,1,0,3,3,2,6,4,3,9,6,4,6,6,3,2,2,1,1,0,0,21,18,11,-60,0,20,3,7,5,22/04/2017 00:00,22/04/2017 23:30,23/04/2017 23:50,-180,0,1,0,25,3,0,0,0,1,1,0,0,2,-2,-1,3,2,2,-2,2,-1,2,3,2,2,0,0,2,-2,3,2,-3,-3,-1,4,1,-4,1,-3,-1,3,1,-1,-1,-4,-1,1,0,0,-3,-1,3,-1,-1,5,-4,8,4,-3,-8,PM61,2017-04-25 15:17:19+02:00,Het was gezellig op het terras,"Op terras zitten, fietsen, treinreizen, fietsen",24/04/2017 23:30,2017-04-24 15:17:19+02:00
26/04/2017 01:00,0,25/04/2017 11:30,1,0,1,0,1,2,0,3,0,3,0,0,0,0,0,0,0,2,2,0,0,0,3619,7.6,4,0,1,0,0,0,00:30:00,600,140,140,120,1,0,0,4,3,3,6,5,5,6,4,3,9,6,3,2,1,1,0,0,0,22,15,10,0,20,120,7,5,6,22/04/2017 23:30,23/04/2017 23:50,25/04/2017 01:30,-120,0,1,0,25,3,0,0,0,1,1,0,0,2,-2,-1,3,2,2,-2,2,-1,2,3,2,2,0,0,2,-2,3,2,-3,-3,-1,4,1,-4,1,-3,-1,3,1,-1,-1,-4,-1,1,0,0,-3,-1,3,-1,-1,5,-4,8,4,-3,-8,PM61,2017-04-26 21:27:41+02:00,,Gamen,26/04/2017 01:00,2017-04-25 21:27:41+02:00
27/04/2017 00:15,1,26/04/2017 07:40,1,0,1,0,1,2,1,1,3,3,1,0,0,0,2,0,0,2,2,0,0,0,4158,8,7,1,2,15,15,1,00:30:00,415,155,135,15,0,0,0,4,4,2,7,7,4,7,6,3,9,6,6,1,1,0,0,0,0,22,17,11,20,120,0,5,6,4,23/04/2017 23:50,25/04/2017 01:30,26/04/2017 01:00,65,65,1,0,25,3,0,0,0,1,1,0,0,2,-2,-1,3,2,2,-2,2,-1,2,3,2,2,0,0,2,-2,3,2,-3,-3,-1,4,1,-4,1,-3,-1,3,1,-1,-1,-4,-1,1,0,0,-3,-1,3,-1,-1,5,-4,8,4,-3,-8,PM61,2017-04-27 00:55:27+02:00,Gamen en douchen liepen uit,"Gamen, douchen",27/04/2017 00:00,2017-04-26 00:55:27+02:00
09/04/2017 23:00,0,09/04/2017 08:30,0,0,1,0,0,3,0,1,3,0,0,0,0,0,0,0,0,1,0,0,0,0,2653,12.5,1,1,6,,,,00:15:00,555,0,0,0,0,0,0,1,1,1,3,3,3,3,3,3,0,0,0,0,0,0,0,0,0,1,1,1,,,,,,,,,,-75,0,1,1,70,2,0,0,0,0,0,0,0,1,-1,-4,0,0,0,0,0,-4,0,0,0,0,2,1,0,-2,0,0,0,-3,-2,1,2,-1,1,-1,-3,1,3,-3,-4,-4,-2,1,-3,3,-3,-3,3,-3,-3,-8,-3,0,1,-3,-18,wh18,2017-04-10 13:52:48+02:00,,tv gekeken,NaT,2017-04-09 13:52:48+02:00
11/04/2017 00:30,1,10/04/2017 08:00,1,1,1,0,0,2,0,1,2,3,0,0,0,0,0,0,0,2,0,0,0,0,2267,1.9,2,0,0,60,60,4,00:30:00,420,60,60,60,1,1,1,2,2,2,5,5,5,5,5,5,3,3,3,0,0,0,0,0,0,3,3,3,,,,,,1,,,09/04/2017 23:00,60,60,1,1,70,2,0,0,0,0,0,0,0,1,-1,-4,0,0,0,0,0,-4,0,0,0,0,2,1,0,-2,0,0,0,-3,-2,1,2,-1,1,-1,-3,1,3,-3,-4,-4,-2,1,-3,3,-3,-3,3,-3,-3,-8,-3,0,1,-3,-18,wh18,2017-04-11 08:35:07+02:00,interessant tv programma over de panda's,"tv kijken, bellen",10/04/2017 23:30,2017-04-10 08:35:07+02:00
11/04/2017 23:50,0,11/04/2017 08:20,0,0,1,0,0,2,0,1,2,3,0,0,0,0,0,0,0,0,0,0,0,0,3345,1.6,0,0,1,20,20,1,00:15:00,495,80,80,80,1,1,1,3,3,2,7,7,4,7,7,4,6,6,6,0,0,0,0,0,0,3,3,2,,,60,,1,2,,09/04/2017 23:00,11/04/2017 00:30,-15,45,1,1,70,2,0,0,0,0,0,0,0,1,-1,-4,0,0,0,0,0,-4,0,0,0,0,2,1,0,-2,0,0,0,-3,-2,1,2,-1,1,-1,-3,1,3,-3,-4,-4,-2,1,-3,3,-3,-3,3,-3,-3,-8,-3,0,1,-3,-18,wh18,2017-04-12 08:36:22+02:00,,"tv kijken, bridgen op computer, bellen",11/04/2017 23:30,2017-04-11 08:36:22+02:00
12/04/2017 23:30,0,12/04/2017 08:15,0,0,2,0,0,2,0,2,3,3,0,0,0,0,0,0,0,0,0,0,0,0,3589,0.1,0,0,2,-15,0,0,00:15:00,510,65,65,5,1,1,0,5,4,3,9,6,4,10,7,5,9,9,6,0,0,0,0,0,0,3,2,0,,60,20,1,2,0,09/04/2017 23:00,11/04/2017 00:30,11/04/2017 23:50,-30,0,1,1,70,2,0,0,0,0,0,0,0,1,-1,-4,0,0,0,0,0,-4,0,0,0,0,2,1,0,-2,0,0,0,-3,-2,1,2,-1,1,-1,-3,1,3,-3,-4,-4,-2,1,-3,3,-3,-3,3,-3,-3,-8,-3,0,1,-3,-18,wh18,2017-04-13 09:00:33+02:00,ging niet later naar bed,"lang telefoongesprek vriendin, tv kijken",12/04/2017 23:45,2017-04-12 09:00:33+02:00
13/04/2017 23:45,0,13/04/2017 09:30,2,1,2,0,1,1,0,1,2,0,0,0,0,0,0,0,0,2,0,0,0,0,4121,6.6,2,0,3,15,15,1,01:00:00,525,80,20,0,2,1,1,6,5,4,7,5,3,9,7,5,9,6,3,0,0,0,0,0,0,4,2,2,60,20,-15,2,0,0,11/04/2017 00:30,11/04/2017 23:50,12/04/2017 23:30,-45,0,1,1,70,2,0,0,0,0,0,0,0,1,-1,-4,0,0,0,0,0,-4,0,0,0,0,2,1,0,-2,0,0,0,-3,-2,1,2,-1,1,-1,-3,1,3,-3,-4,-4,-2,1,-3,3,-3,-3,3,-3,-3,-8,-3,0,1,-3,-18,wh18,2017-04-14 10:09:44+02:00,niet later,"vrienden te eten, gezellig",13/04/2017 23:30,2017-04-13 10:09:44+02:00
14/04/2017 23:45,0,14/04/2017 08:45,0,0,1,0,0,2,0,0,2,3,0,0,0,0,0,0,0,2,0,0,0,0,2284,0.6,2,0,4,15,15,1,00:15:00,525,35,15,30,1,1,1,6,5,3,7,5,3,9,7,4,9,6,3,0,0,0,0,0,0,4,4,4,20,-15,15,0,0,2,11/04/2017 23:50,12/04/2017 23:30,13/04/2017 23:45,-45,0,1,1,70,2,0,0,0,0,0,0,0,1,-1,-4,0,0,0,0,0,-4,0,0,0,0,2,1,0,-2,0,0,0,-3,-2,1,2,-1,1,-1,-3,1,3,-3,-4,-4,-2,1,-3,3,-3,-3,3,-3,-3,-8,-3,0,1,-3,-18,wh18,2017-04-15 09:05:26+02:00,ging niet later,tv gekeken,14/04/2017 23:30,2017-04-14 09:05:26+02:00
15/04/2017 23:30,0,15/04/2017 08:15,1,0,1,0,0,2,0,1,1,1,0,0,0,0,0,0,0,2,0,0,0,0,5169,6.8,2,0,5,0,0,0,00:30:00,495,15,30,15,1,1,0,6,4,2,7,5,4,8,5,3,7,4,4,0,0,0,0,0,0,6,6,4,-15,15,15,0,2,2,12/04/2017 23:30,13/04/2017 23:45,14/04/2017 23:45,-15,0,1,1,70,2,0,0,0,0,0,0,0,1,-1,-4,0,0,0,0,0,-4,0,0,0,0,2,1,0,-2,0,0,0,-3,-2,1,2,-1,1,-1,-3,1,3,-3,-4,-4,-2,1,-3,3,-3,-3,3,-3,-3,-8,-3,0,1,-3,-18,wh18,2017-04-16 10:07:17+02:00,niet later naar bed gegaan,tv gekeken,15/04/2017 23:30,2017-04-15 10:07:17+02:00
17/04/2017 00:45,1,16/04/2017 09:15,2,1,1,0,0,2,1,2,2,1,0,0,0,0,0,0,0,2,0,0,0,0,8694,8.6,2,0,6,60,60,4,01:00:00,450,90,75,60,2,1,1,5,3,2,7,6,4,7,5,3,5,5,2,0,0,0,0,0,0,8,6,4,15,15,0,2,2,2,13/04/2017 23:45,14/04/2017 23:45,15/04/2017 23:30,30,30,1,1,70,2,0,0,0,0,0,0,0,1,-1,-4,0,0,0,0,0,-4,0,0,0,0,2,1,0,-2,0,0,0,-3,-2,1,2,-1,1,-1,-3,1,3,-3,-4,-4,-2,1,-3,3,-3,-3,3,-3,-3,-8,-3,0,1,-3,-18,wh18,2017-04-17 09:45:03+02:00,drukke avond met bridgen,"bridge, computer, lezen",16/04/2017 23:45,2017-04-16 09:45:03+02:00
18/04/2017 00:15,1,17/04/2017 08:00,0,0,1,0,0,2,0,1,2,3,0,0,0,0,0,0,0,2,0,0,0,0,6612,7.6,2,0,0,45,45,3,00:15:00,450,120,105,105,1,1,1,4,3,2,8,6,4,7,5,4,8,5,4,0,0,0,0,0,0,8,6,4,15,0,60,2,2,2,14/04/2017 23:45,15/04/2017 23:30,17/04/2017 00:45,30,60,1,1,70,2,0,0,0,0,0,0,0,1,-1,-4,0,0,0,0,0,-4,0,0,0,0,2,1,0,-2,0,0,0,-3,-2,1,2,-1,1,-1,-3,1,3,-3,-4,-4,-2,1,-3,3,-3,-3,3,-3,-3,-8,-3,0,1,-3,-18,wh18,2017-04-18 09:13:42+02:00,gezellig,"even langs geweest bij moeder, daarna tv gekeken",17/04/2017 23:30,2017-04-17 09:13:42+02:00
18/04/2017 23:45,0,18/04/2017 08:00,0,0,1,0,0,2,0,1,3,0,0,0,0,0,0,0,0,2,0,0,0,0,3074,6.3,2,0,1,0,0,0,00:15:00,480,105,105,45,1,1,0,4,3,2,8,6,4,8,7,5,5,4,3,0,0,0,0,0,0,8,6,4,0,60,45,2,2,2,15/04/2017 23:30,17/04/2017 00:45,18/04/2017 00:15,0,45,1,1,70,2,0,0,0,0,0,0,0,1,-1,-4,0,0,0,0,0,-4,0,0,0,0,2,1,0,-2,0,0,0,-3,-2,1,2,-1,1,-1,-3,1,3,-3,-4,-4,-2,1,-3,3,-3,-3,3,-3,-3,-8,-3,0,1,-3,-18,wh18,2017-04-19 08:14:31+02:00,niet later,tv gekeken,18/04/2017 23:45,2017-04-18 08:14:31+02:00
19/04/2017 23:30,0,19/04/2017 08:30,0,0,2,0,2,1,1,1,3,1,0,0,0,0,0,0,0,2,2,0,0,0,10536,5.1,4,0,2,-15,0,0,00:15:00,525,90,30,-15,1,0,0,5,4,3,7,5,3,10,8,6,5,4,1,0,0,0,0,0,0,10,8,6,60,45,0,2,2,2,17/04/2017 00:45,18/04/2017 00:15,18/04/2017 23:45,-45,15,1,1,70,2,0,0,0,0,0,0,0,1,-1,-4,0,0,0,0,0,-4,0,0,0,0,2,1,0,-2,0,0,0,-3,-2,1,2,-1,1,-1,-3,1,3,-3,-4,-4,-2,1,-3,3,-3,-3,3,-3,-3,-8,-3,0,1,-3,-18,wh18,2017-04-20 08:48:56+02:00,niet later naar bed,"verjaardag feestje, daarna tv gekeken",19/04/2017 23:45,2017-04-19 08:48:56+02:00
20/04/2017 23:45,0,20/04/2017 08:30,0,0,1,0,0,2,0,1,2,0,0,0,0,0,0,0,0,2,0,0,0,0,2671,9.8,2,0,3,15,15,1,00:15:00,510,45,0,0,0,0,0,5,4,3,7,5,3,10,8,5,4,1,1,0,0,0,0,0,0,10,8,6,45,0,-15,2,2,4,18/04/2017 00:15,18/04/2017 23:45,19/04/2017 23:30,-30,0,1,1,70,2,0,0,0,0,0,0,0,1,-1,-4,0,0,0,0,0,-4,0,0,0,0,2,1,0,-2,0,0,0,-3,-2,1,2,-1,1,-1,-3,1,3,-3,-4,-4,-2,1,-3,3,-3,-3,3,-3,-3,-8,-3,0,1,-3,-18,wh18,2017-04-21 09:11:30+02:00,niet later,tv gekeken,20/04/2017 23:30,2017-04-20 09:11:30+02:00
21/04/2017 23:45,0,21/04/2017 08:15,0,0,1,0,0,2,0,2,2,2,0,0,0,0,0,0,0,2,2,0,0,0,2844,1.1,4,0,4,0,0,0,00:15:00,495,0,0,15,0,0,0,5,4,2,7,5,4,10,7,4,3,3,2,0,0,0,0,0,0,12,10,6,0,-15,15,2,4,2,18/04/2017 23:45,19/04/2017 23:30,20/04/2017 23:45,-15,0,1,1,70,2,0,0,0,0,0,0,0,1,-1,-4,0,0,0,0,0,-4,0,0,0,0,2,1,0,-2,0,0,0,-3,-2,1,2,-1,1,-1,-3,1,3,-3,-4,-4,-2,1,-3,3,-3,-3,3,-3,-3,-8,-3,0,1,-3,-18,wh18,2017-04-22 09:48:41+02:00,niet later,"kaarten met vrienden, gezellig",21/04/2017 23:45,2017-04-21 09:48:41+02:00
22/04/2017 23:45,0,22/04/2017 08:15,0,0,1,0,0,2,0,2,3,1,0,0,0,0,0,0,0,2,0,0,0,0,2596,6.9,2,0,5,15,15,1,00:15:00,495,15,30,15,0,0,0,5,3,2,7,6,4,10,7,5,4,3,3,0,0,0,0,0,0,12,8,6,-15,15,0,4,2,4,19/04/2017 23:30,20/04/2017 23:45,21/04/2017 23:45,-15,0,1,1,70,2,0,0,0,0,0,0,0,1,-1,-4,0,0,0,0,0,-4,0,0,0,0,2,1,0,-2,0,0,0,-3,-2,1,2,-1,1,-1,-3,1,3,-3,-4,-4,-2,1,-3,3,-3,-3,3,-3,-3,-8,-3,0,1,-3,-18,wh18,2017-04-23 08:39:35+02:00,niet later,op bezoek geweest bij vrienden,22/04/2017 23:30,2017-04-22 08:39:35+02:00
24/04/2017 02:00,1,23/04/2017 09:00,0,0,1,0,0,1,0,2,3,0,0,0,0,0,0,0,0,2,0,0,0,0,2933,9.7,2,0,6,135,135,9,00:15:00,405,165,150,150,0,0,0,4,3,2,7,5,3,10,8,6,3,3,1,0,0,0,0,0,0,10,8,4,15,0,15,2,4,2,20/04/2017 23:45,21/04/2017 23:45,22/04/2017 23:45,75,75,1,1,70,2,0,0,0,0,0,0,0,1,-1,-4,0,0,0,0,0,-4,0,0,0,0,2,1,0,-2,0,0,0,-3,-2,1,2,-1,1,-1,-3,1,3,-3,-4,-4,-2,1,-3,3,-3,-3,3,-3,-3,-8,-3,0,1,-3,-18,wh18,2017-04-24 10:14:27+02:00,feestje,feestje,23/04/2017 23:45,2017-04-23 10:14:27+02:00
24/04/2017 23:45,0,24/04/2017 09:00,0,0,1,0,0,2,0,0,3,0,0,0,0,0,0,0,0,2,0,0,0,0,3577,2.4,2,0,0,0,0,0,00:15:00,540,150,150,135,0,0,0,4,3,2,7,5,3,11,9,6,3,1,0,0,0,0,0,0,0,10,6,4,0,15,135,4,2,2,21/04/2017 23:45,22/04/2017 23:45,24/04/2017 02:00,-60,15,1,1,70,2,0,0,0,0,0,0,0,1,-1,-4,0,0,0,0,0,-4,0,0,0,0,2,1,0,-2,0,0,0,-3,-2,1,2,-1,1,-1,-3,1,3,-3,-4,-4,-2,1,-3,3,-3,-3,3,-3,-3,-8,-3,0,1,-3,-18,wh18,2017-04-25 09:16:09+02:00,niet later,in cafe geweest en nog even tv gekeken,24/04/2017 23:45,2017-04-24 09:16:09+02:00
25/04/2017 23:30,0,25/04/2017 08:15,0,0,1,0,0,2,0,0,3,0,0,0,0,0,0,0,0,2,0,0,0,0,3945,10.4,2,0,1,-15,0,0,00:15:00,510,135,120,-15,0,0,0,4,3,2,7,5,4,12,9,6,1,0,0,0,0,0,0,0,0,8,6,4,15,135,0,2,2,2,22/04/2017 23:45,24/04/2017 02:00,24/04/2017 23:45,-30,0,1,1,70,2,0,0,0,0,0,0,0,1,-1,-4,0,0,0,0,0,-4,0,0,0,0,2,1,0,-2,0,0,0,-3,-2,1,2,-1,1,-1,-3,1,3,-3,-4,-4,-2,1,-3,3,-3,-3,3,-3,-3,-8,-3,0,1,-3,-18,wh18,2017-04-26 00:46:40+02:00,niet later,bezoek dus druk,25/04/2017 23:45,2017-04-25 00:46:40+02:00
26/04/2017 23:45,0,26/04/2017 10:00,0,0,1,0,0,2,0,2,3,0,0,0,0,0,0,0,0,2,0,0,0,0,2557,8.1,2,0,2,0,0,0,00:15:00,600,120,-15,-15,0,0,0,4,3,2,7,6,4,12,9,6,0,0,0,0,0,0,0,0,0,8,6,4,135,0,-15,2,2,2,24/04/2017 02:00,24/04/2017 23:45,25/04/2017 23:30,-120,0,1,1,70,2,0,0,0,0,0,0,0,1,-1,-4,0,0,0,0,0,-4,0,0,0,0,2,1,0,-2,0,0,0,-3,-2,1,2,-1,1,-1,-3,1,3,-3,-4,-4,-2,1,-3,3,-3,-3,3,-3,-3,-8,-3,0,1,-3,-18,wh18,2017-04-27 14:52:48+02:00,niet later,klaverjassen met vrienden thuis,26/04/2017 23:45,2017-04-26 14:52:48+02:00
28/04/2017 00:15,1,27/04/2017 08:15,0,0,1,0,0,2,0,1,2,1,0,0,0,0,0,0,0,2,0,0,0,0,4651,8.1,2,0,3,45,45,3,00:15:00,465,30,30,45,0,0,0,4,3,2,8,6,4,11,8,5,1,1,1,0,0,0,0,0,0,8,6,4,0,-15,0,2,2,2,24/04/2017 23:45,25/04/2017 23:30,26/04/2017 23:45,15,15,1,1,70,2,0,0,0,0,0,0,0,1,-1,-4,0,0,0,0,0,-4,0,0,0,0,2,1,0,-2,0,0,0,-3,-2,1,2,-1,1,-1,-3,1,3,-3,-4,-4,-2,1,-3,3,-3,-3,3,-3,-3,-8,-3,0,1,-3,-18,wh18,2017-04-28 12:31:21+02:00,gezellig,tv gekeken en gelezen,27/04/2017 23:30,2017-04-27 12:31:21+02:00
